<?xml version="1.0"?><!DOCTYPE PubmedArticleSet PUBLIC "-//NLM//DTD PubMedArticle, 1st January 2015//EN" "http://www.ncbi.nlm.nih.gov/corehtml/query/DTD/pubmed_150101.dtd"><PubmedArticleSet><PubmedArticle>    <MedlineCitation Owner="NLM" Status="PubMed-not-MEDLINE">        <PMID Version="1">17776601</PMID>        <DateCreated>            <Year>2010</Year>            <Month>06</Month>            <Day>04</Day>        </DateCreated>        <DateCompleted>            <Year>2010</Year>            <Month>07</Month>            <Day>02</Day>        </DateCompleted>        <Article PubModel="Print">            <Journal>                <ISSN IssnType="Print">0036-8075</ISSN>                <JournalIssue CitedMedium="Print">                    <Volume>122</Volume>                    <Issue>3170</Issue>                    <PubDate>                        <Year>1955</Year>                        <Month>Sep</Month>                        <Day>30</Day>                    </PubDate>                </JournalIssue>                <Title>Science (New York, N.Y.)</Title>                <ISOAbbreviation>Science</ISOAbbreviation>            </Journal>            <ArticleTitle>Light-dependence of fluorescence of solutions of cigarette smoke.</ArticleTitle>            <Pagination>                <MedlinePgn>593</MedlinePgn>            </Pagination>            <Abstract>                <AbstractText>In the issue of 2 September, page 421, the address of Hermann Druckrey, coauthor of the paper &quot;Light-dependence of fluorescence of solutions of cigarette smoke,&quot; was incorrectly given as Sloan-Kettering Institute for Cancer Research, New York. Dr. Druckrey's address is Chirurgische Universitäts-Klinik, Hugstetterstrasse 55, Freiburg im Breisgau, Germany.</AbstractText>            </Abstract>            <AuthorList CompleteYN="Y">                <Author ValidYN="Y">                    <LastName>Drujckrey</LastName>                    <ForeName>H</ForeName>                    <Initials>H</Initials>                </Author>                <Author ValidYN="Y">                    <LastName>Schmähl</LastName>                    <ForeName>D</ForeName>                    <Initials>D</Initials>                </Author>            </AuthorList>            <Language>eng</Language>            <PublicationTypeList>                <PublicationType UI="D016428">Journal Article</PublicationType>            </PublicationTypeList>        </Article>        <MedlineJournalInfo>            <Country>United States</Country>            <MedlineTA>Science</MedlineTA>            <NlmUniqueID>0404511</NlmUniqueID>            <ISSNLinking>0036-8075</ISSNLinking>        </MedlineJournalInfo>    </MedlineCitation>    <PubmedData>        <History>            <PubMedPubDate PubStatus="pubmed">                <Year>1955</Year>                <Month>9</Month>                <Day>30</Day>                <Hour>0</Hour>                <Minute>0</Minute>            </PubMedPubDate>            <PubMedPubDate PubStatus="medline">                <Year>1955</Year>                <Month>9</Month>                <Day>30</Day>                <Hour>0</Hour>                <Minute>1</Minute>            </PubMedPubDate>            <PubMedPubDate PubStatus="entrez">                <Year>1955</Year>                <Month>9</Month>                <Day>30</Day>                <Hour>0</Hour>                <Minute>0</Minute>            </PubMedPubDate>        </History>        <PublicationStatus>ppublish</PublicationStatus>        <ArticleIdList>            <ArticleId IdType="pii">122/3170/593</ArticleId>            <ArticleId IdType="doi">10.1126/science.122.3170.593</ArticleId>            <ArticleId IdType="pubmed">17776601</ArticleId>        </ArticleIdList>    </PubmedData></PubmedArticle><PubmedArticle>    <MedlineCitation Owner="NLM" Status="MEDLINE">        <PMID Version="1">13255873</PMID>        <DateCreated>            <Year>1956</Year>            <Month>12</Month>            <Day>01</Day>        </DateCreated>        <DateCompleted>            <Year>2003</Year>            <Month>05</Month>            <Day>01</Day>        </DateCompleted>        <DateRevised>            <Year>2007</Year>            <Month>03</Month>            <Day>19</Day>        </DateRevised>        <Article PubModel="Print">            <Journal>                <ISSN IssnType="Print">0036-8075</ISSN>                <JournalIssue CitedMedium="Print">                    <Volume>122</Volume>                    <Issue>3167</Issue>                    <PubDate>                        <Year>1955</Year>                        <Month>Sep</Month>                        <Day>9</Day>                    </PubDate>                </JournalIssue>                <Title>Science (New York, N.Y.)</Title>                <ISOAbbreviation>Science</ISOAbbreviation>            </Journal>            <ArticleTitle>Study of tumor cell populations by Monte Carlo methods.</ArticleTitle>            <Pagination>                <MedlinePgn>465-6</MedlinePgn>            </Pagination>            <AuthorList CompleteYN="Y">                <Author ValidYN="Y">                    <LastName>HOFFMAN</LastName>                    <ForeName>J G</ForeName>                    <Initials>JG</Initials>                </Author>                <Author ValidYN="Y">                    <LastName>METROPOLIS</LastName>                    <ForeName>N</ForeName>                    <Initials>N</Initials>                </Author>                <Author ValidYN="Y">                    <LastName>GARDINER</LastName>                    <ForeName>V</ForeName>                    <Initials>V</Initials>                </Author>            </AuthorList>            <Language>eng</Language>            <PublicationTypeList>                <PublicationType UI="D016428">Journal Article</PublicationType>            </PublicationTypeList>        </Article>        <MedlineJournalInfo>            <Country>Not Available</Country>            <MedlineTA>Science</MedlineTA>            <NlmUniqueID>0404511</NlmUniqueID>            <ISSNLinking>0036-8075</ISSNLinking>        </MedlineJournalInfo>        <CitationSubset>OM</CitationSubset>        <MeshHeadingList>            <MeshHeading>                <DescriptorName MajorTopicYN="N" UI="D009369">Neoplasms</DescriptorName>                <QualifierName MajorTopicYN="Y" UI="Q000473">pathology</QualifierName>            </MeshHeading>        </MeshHeadingList>        <OtherID Source="CLML">5629:7725</OtherID>        <KeywordList Owner="NLM">            <Keyword MajorTopicYN="Y">NEOPLASMS/pathology</Keyword>        </KeywordList>    </MedlineCitation>    <PubmedData>        <History>            <PubMedPubDate PubStatus="pubmed">                <Year>1955</Year>                <Month>9</Month>                <Day>9</Day>            </PubMedPubDate>            <PubMedPubDate PubStatus="medline">                <Year>1955</Year>                <Month>9</Month>                <Day>9</Day>                <Hour>0</Hour>                <Minute>1</Minute>            </PubMedPubDate>            <PubMedPubDate PubStatus="entrez">                <Year>1955</Year>                <Month>9</Month>                <Day>9</Day>                <Hour>0</Hour>                <Minute>0</Minute>            </PubMedPubDate>        </History>        <PublicationStatus>ppublish</PublicationStatus>        <ArticleIdList>            <ArticleId IdType="pubmed">13255873</ArticleId>        </ArticleIdList>    </PubmedData></PubmedArticle><PubmedArticle>    <MedlineCitation Owner="NLM" Status="MEDLINE">        <PMID Version="1">13246630</PMID>        <DateCreated>            <Year>1955</Year>            <Month>12</Month>            <Day>01</Day>        </DateCreated>        <DateCompleted>            <Year>2003</Year>            <Month>05</Month>            <Day>01</Day>        </DateCompleted>        <DateRevised>            <Year>2007</Year>            <Month>03</Month>            <Day>19</Day>        </DateRevised>        <Article PubModel="Print">            <Journal>                <ISSN IssnType="Print">0036-8075</ISSN>                <JournalIssue CitedMedium="Print">                    <Volume>122</Volume>                    <Issue>3163</Issue>                    <PubDate>                        <Year>1955</Year>                        <Month>Aug</Month>                        <Day>12</Day>                    </PubDate>                </JournalIssue>                <Title>Science (New York, N.Y.)</Title>                <ISOAbbreviation>Science</ISOAbbreviation>            </Journal>            <ArticleTitle>Present status of cancer tests.</ArticleTitle>            <Pagination>                <MedlinePgn>273-4</MedlinePgn>            </Pagination>            <AuthorList CompleteYN="Y">                <Author ValidYN="Y">                    <LastName>SPRUNT</LastName>                    <ForeName>D H</ForeName>                    <Initials>DH</Initials>                </Author>                <Author ValidYN="Y">                    <LastName>HALE</LastName>                    <ForeName>W M</ForeName>                    <Initials>WM</Initials>                </Author>                <Author ValidYN="Y">                    <LastName>CHANG</LastName>                    <ForeName>F C</ForeName>                    <Initials>FC</Initials>                </Author>                <Author ValidYN="Y">                    <LastName>RICHMOND</LastName>                    <ForeName>S G</ForeName>                    <Initials>SG</Initials>                </Author>                <Author ValidYN="Y">                    <LastName>ERICKSON</LastName>                    <ForeName>C C</ForeName>                    <Initials>CC</Initials>                </Author>            </AuthorList>            <Language>eng</Language>            <PublicationTypeList>                <PublicationType UI="D016428">Journal Article</PublicationType>            </PublicationTypeList>        </Article>        <MedlineJournalInfo>            <Country>Not Available</Country>            <MedlineTA>Science</MedlineTA>            <NlmUniqueID>0404511</NlmUniqueID>            <ISSNLinking>0036-8075</ISSNLinking>        </MedlineJournalInfo>        <CitationSubset>OM</CitationSubset>        <MeshHeadingList>            <MeshHeading>                <DescriptorName MajorTopicYN="N" UI="D009369">Neoplasms</DescriptorName>                <QualifierName MajorTopicYN="Y" UI="Q000175">diagnosis</QualifierName>            </MeshHeading>        </MeshHeadingList>        <OtherID Source="CLML">5528:58304:379</OtherID>        <KeywordList Owner="NLM">            <Keyword MajorTopicYN="Y">NEOPLASMS/diagnosis</Keyword>        </KeywordList>    </MedlineCitation>    <PubmedData>        <History>            <PubMedPubDate PubStatus="pubmed">                <Year>1955</Year>                <Month>8</Month>                <Day>12</Day>            </PubMedPubDate>            <PubMedPubDate PubStatus="medline">                <Year>1955</Year>                <Month>8</Month>                <Day>12</Day>                <Hour>0</Hour>                <Minute>1</Minute>            </PubMedPubDate>            <PubMedPubDate PubStatus="entrez">                <Year>1955</Year>                <Month>8</Month>                <Day>12</Day>                <Hour>0</Hour>                <Minute>0</Minute>            </PubMedPubDate>        </History>        <PublicationStatus>ppublish</PublicationStatus>        <ArticleIdList>            <ArticleId IdType="pubmed">13246630</ArticleId>        </ArticleIdList>    </PubmedData></PubmedArticle><PubmedArticle>    <MedlineCitation Owner="NLM" Status="MEDLINE">        <PMID Version="1">14385796</PMID>        <DateCreated>            <Year>1955</Year>            <Month>12</Month>            <Day>01</Day>        </DateCreated>        <DateCompleted>            <Year>2003</Year>            <Month>05</Month>            <Day>01</Day>        </DateCompleted>        <DateRevised>            <Year>2008</Year>            <Month>06</Month>            <Day>03</Day>        </DateRevised>        <Article PubModel="Print">            <Journal>                <ISSN IssnType="Print">0036-8075</ISSN>                <JournalIssue CitedMedium="Print">                    <Volume>121</Volume>                    <Issue>3155</Issue>                    <PubDate>                        <Year>1955</Year>                        <Month>Jun</Month>                        <Day>17</Day>                    </PubDate>                </JournalIssue>                <Title>Science (New York, N.Y.)</Title>                <ISOAbbreviation>Science</ISOAbbreviation>            </Journal>            <ArticleTitle>Tumor induction on Nicotiana species by use of coconut milk and yeast extract.</ArticleTitle>            <Pagination>                <MedlinePgn>869-70</MedlinePgn>            </Pagination>            <AuthorList CompleteYN="Y">                <Author ValidYN="Y">                    <LastName>KEHR</LastName>                    <ForeName>A E</ForeName>                    <Initials>AE</Initials>                </Author>            </AuthorList>            <Language>eng</Language>            <PublicationTypeList>                <PublicationType UI="D016428">Journal Article</PublicationType>            </PublicationTypeList>        </Article>        <MedlineJournalInfo>            <Country>Not Available</Country>            <MedlineTA>Science</MedlineTA>            <NlmUniqueID>0404511</NlmUniqueID>            <ISSNLinking>0036-8075</ISSNLinking>        </MedlineJournalInfo>        <CitationSubset>OM</CitationSubset>        <MeshHeadingList>            <MeshHeading>                <DescriptorName MajorTopicYN="Y" UI="D009374">Neoplasms, Experimental</DescriptorName>            </MeshHeading>            <MeshHeading>                <DescriptorName MajorTopicYN="Y" UI="D010944">Plants</DescriptorName>            </MeshHeading>            <MeshHeading>                <DescriptorName MajorTopicYN="Y" UI="D015003">Yeasts</DescriptorName>            </MeshHeading>        </MeshHeadingList>        <OtherID Source="CLML">5528:36867:380:445:618</OtherID>        <KeywordList Owner="NLM">            <Keyword MajorTopicYN="Y">NEOPLASMS/experimental</Keyword>            <Keyword MajorTopicYN="Y">PLANTS</Keyword>            <Keyword MajorTopicYN="Y">YEASTS</Keyword>        </KeywordList>    </MedlineCitation>    <PubmedData>        <History>            <PubMedPubDate PubStatus="pubmed">                <Year>1955</Year>                <Month>6</Month>                <Day>17</Day>            </PubMedPubDate>            <PubMedPubDate PubStatus="medline">                <Year>1955</Year>                <Month>6</Month>                <Day>17</Day>                <Hour>0</Hour>                <Minute>1</Minute>            </PubMedPubDate>            <PubMedPubDate PubStatus="entrez">                <Year>1955</Year>                <Month>6</Month>                <Day>17</Day>                <Hour>0</Hour>                <Minute>0</Minute>            </PubMedPubDate>        </History>        <PublicationStatus>ppublish</PublicationStatus>        <ArticleIdList>            <ArticleId IdType="pubmed">14385796</ArticleId>        </ArticleIdList>    </PubmedData></PubmedArticle><PubmedArticle>    <MedlineCitation Owner="NLM" Status="MEDLINE">        <PMID Version="1">14372992</PMID>        <DateCreated>            <Year>1955</Year>            <Month>12</Month>            <Day>01</Day>        </DateCreated>        <DateCompleted>            <Year>2003</Year>            <Month>05</Month>            <Day>01</Day>        </DateCompleted>        <DateRevised>            <Year>2011</Year>            <Month>09</Month>            <Day>28</Day>        </DateRevised>        <Article PubModel="Print">            <Journal>                <ISSN IssnType="Print">0036-8075</ISSN>                <JournalIssue CitedMedium="Print">                    <Volume>121</Volume>                    <Issue>3153</Issue>                    <PubDate>                        <Year>1955</Year>                        <Month>Jun</Month>                        <Day>3</Day>                    </PubDate>                </JournalIssue>                <Title>Science (New York, N.Y.)</Title>                <ISOAbbreviation>Science</ISOAbbreviation>            </Journal>            <ArticleTitle>Cultivation of large cultures of HeLa cells in horse serum.</ArticleTitle>            <Pagination>                <MedlinePgn>805</MedlinePgn>            </Pagination>            <AuthorList CompleteYN="Y">                <Author ValidYN="Y">                    <LastName>PERRY</LastName>                    <ForeName>V P</ForeName>                    <Initials>VP</Initials>                </Author>            </AuthorList>            <Language>eng</Language>            <PublicationTypeList>                <PublicationType UI="D016428">Journal Article</PublicationType>            </PublicationTypeList>        </Article>        <MedlineJournalInfo>            <Country>Not Available</Country>            <MedlineTA>Science</MedlineTA>            <NlmUniqueID>0404511</NlmUniqueID>            <ISSNLinking>0036-8075</ISSNLinking>        </MedlineJournalInfo>        <ChemicalList>            <Chemical>                <RegistryNumber>0</RegistryNumber>                <NameOfSubstance UI="D003470">Culture Media</NameOfSubstance>            </Chemical>        </ChemicalList>        <CitationSubset>OM</CitationSubset>        <MeshHeadingList>            <MeshHeading>                <DescriptorName MajorTopicYN="Y" UI="D003470">Culture Media</DescriptorName>            </MeshHeading>            <MeshHeading>                <DescriptorName MajorTopicYN="Y" UI="D009374">Neoplasms, Experimental</DescriptorName>            </MeshHeading>            <MeshHeading>                <DescriptorName MajorTopicYN="Y" UI="D044967">Serum</DescriptorName>            </MeshHeading>            <MeshHeading>                <DescriptorName MajorTopicYN="Y" UI="D046509">Tissue Culture Techniques</DescriptorName>            </MeshHeading>        </MeshHeadingList>        <OtherID Source="CLML">5528:23869:95:163:380:566</OtherID>        <KeywordList Owner="NLM">            <Keyword MajorTopicYN="Y">BLOOD SERUM</Keyword>            <Keyword MajorTopicYN="Y">CULTURE MEDIA</Keyword>            <Keyword MajorTopicYN="Y">NEOPLASMS/experimental</Keyword>            <Keyword MajorTopicYN="Y">TISSUE CULTURE</Keyword>        </KeywordList>    </MedlineCitation>    <PubmedData>        <History>            <PubMedPubDate PubStatus="pubmed">                <Year>1955</Year>                <Month>6</Month>                <Day>3</Day>            </PubMedPubDate>            <PubMedPubDate PubStatus="medline">                <Year>1955</Year>                <Month>6</Month>                <Day>3</Day>                <Hour>0</Hour>                <Minute>1</Minute>            </PubMedPubDate>            <PubMedPubDate PubStatus="entrez">                <Year>1955</Year>                <Month>6</Month>                <Day>3</Day>                <Hour>0</Hour>                <Minute>0</Minute>            </PubMedPubDate>        </History>        <PublicationStatus>ppublish</PublicationStatus>        <ArticleIdList>            <ArticleId IdType="pubmed">14372992</ArticleId>        </ArticleIdList>    </PubmedData></PubmedArticle><PubmedArticle>    <MedlineCitation Owner="NLM" Status="MEDLINE">        <PMID Version="1">13237982</PMID>        <DateCreated>            <Year>1955</Year>            <Month>12</Month>            <Day>01</Day>        </DateCreated>        <DateCompleted>            <Year>2003</Year>            <Month>05</Month>            <Day>01</Day>        </DateCompleted>        <DateRevised>            <Year>2007</Year>            <Month>03</Month>            <Day>19</Day>        </DateRevised>        <Article PubModel="Print">            <Journal>                <ISSN IssnType="Print">0036-8075</ISSN>                <JournalIssue CitedMedium="Print">                    <Volume>121</Volume>                    <Issue>3139</Issue>                    <PubDate>                        <Year>1955</Year>                        <Month>Feb</Month>                        <Day>25</Day>                    </PubDate>                </JournalIssue>                <Title>Science (New York, N.Y.)</Title>                <ISOAbbreviation>Science</ISOAbbreviation>            </Journal>            <ArticleTitle>Leukemogenic effects of ionizing radiation on atomic bomb survivors in Hiroshima City.</ArticleTitle>            <Pagination>                <MedlinePgn>308-9</MedlinePgn>            </Pagination>            <AuthorList CompleteYN="Y">                <Author ValidYN="Y">                    <LastName>MOLONEY</LastName>                    <ForeName>W C</ForeName>                    <Initials>WC</Initials>                </Author>                <Author ValidYN="Y">                    <LastName>KASTENBAUM</LastName>                    <ForeName>M A</ForeName>                    <Initials>MA</Initials>                </Author>            </AuthorList>            <Language>eng</Language>            <PublicationTypeList>                <PublicationType UI="D016428">Journal Article</PublicationType>            </PublicationTypeList>        </Article>        <MedlineJournalInfo>            <Country>Not Available</Country>            <MedlineTA>Science</MedlineTA>            <NlmUniqueID>0404511</NlmUniqueID>            <ISSNLinking>0036-8075</ISSNLinking>        </MedlineJournalInfo>        <CitationSubset>OM</CitationSubset>        <MeshHeadingList>            <MeshHeading>                <DescriptorName MajorTopicYN="Y" UI="D007938">Leukemia</DescriptorName>            </MeshHeading>            <MeshHeading>                <DescriptorName MajorTopicYN="Y" UI="D009689">Nuclear Warfare</DescriptorName>            </MeshHeading>        </MeshHeadingList>        <OtherID Source="CLML">5527:50153:51:262</OtherID>        <KeywordList Owner="NLM">            <Keyword MajorTopicYN="Y">ATOMIC WARFARE</Keyword>            <Keyword MajorTopicYN="Y">LEUKEMIA</Keyword>        </KeywordList>    </MedlineCitation>    <PubmedData>        <History>            <PubMedPubDate PubStatus="pubmed">                <Year>1955</Year>                <Month>2</Month>                <Day>25</Day>            </PubMedPubDate>            <PubMedPubDate PubStatus="medline">                <Year>1955</Year>                <Month>2</Month>                <Day>25</Day>                <Hour>0</Hour>                <Minute>1</Minute>            </PubMedPubDate>            <PubMedPubDate PubStatus="entrez">                <Year>1955</Year>                <Month>2</Month>                <Day>25</Day>                <Hour>0</Hour>                <Minute>0</Minute>            </PubMedPubDate>        </History>        <PublicationStatus>ppublish</PublicationStatus>        <ArticleIdList>            <ArticleId IdType="pubmed">13237982</ArticleId>        </ArticleIdList>    </PubmedData></PubmedArticle><PubmedArticle>    <MedlineCitation Owner="NLM" Status="OLDMEDLINE">        <PMID Version="1">13225747</PMID>        <DateCreated>            <Year>1955</Year>            <Month>12</Month>            <Day>01</Day>        </DateCreated>        <DateCompleted>            <Year>2003</Year>            <Month>05</Month>            <Day>01</Day>        </DateCompleted>        <DateRevised>            <Year>2008</Year>            <Month>06</Month>            <Day>03</Day>        </DateRevised>        <Article PubModel="Print">            <Journal>                <ISSN IssnType="Print">0036-8075</ISSN>                <JournalIssue CitedMedium="Print">                    <Volume>121</Volume>                    <Issue>3134</Issue>                    <PubDate>                        <Year>1955</Year>                        <Month>Jan</Month>                        <Day>21</Day>                    </PubDate>                </JournalIssue>                <Title>Science (New York, N.Y.)</Title>                <ISOAbbreviation>Science</ISOAbbreviation>            </Journal>            <ArticleTitle>Action of cortisone on disseminated tumor cells after removal of the primary growth.</ArticleTitle>            <Pagination>                <MedlinePgn>100-1</MedlinePgn>            </Pagination>            <AuthorList CompleteYN="Y">                <Author ValidYN="Y">                    <LastName>BASERGA</LastName>                    <ForeName>R</ForeName>                    <Initials>R</Initials>                </Author>                <Author ValidYN="Y">                    <LastName>SHUBIK</LastName>                    <ForeName>P</ForeName>                    <Initials>P</Initials>                </Author>            </AuthorList>            <Language>eng</Language>            <PublicationTypeList>                <PublicationType UI="D016428">Journal Article</PublicationType>            </PublicationTypeList>        </Article>        <MedlineJournalInfo>            <Country>Not Available</Country>            <MedlineTA>Science</MedlineTA>            <NlmUniqueID>0404511</NlmUniqueID>            <ISSNLinking>0036-8075</ISSNLinking>        </MedlineJournalInfo>        <CitationSubset>OM</CitationSubset>        <MeshHeadingList>            <MeshHeading>                <DescriptorName MajorTopicYN="Y" UI="D009374">Neoplasms, Experimental</DescriptorName>            </MeshHeading>        </MeshHeadingList>        <OtherID Source="CLML">5527:37763:125:309</OtherID>        <KeywordList Owner="NLM">            <Keyword MajorTopicYN="Y">CORTISONE/effects</Keyword>            <Keyword MajorTopicYN="Y">NEOPLASMS/experimental</Keyword>        </KeywordList>    </MedlineCitation>    <PubmedData>        <History>            <PubMedPubDate PubStatus="pubmed">                <Year>1955</Year>                <Month>1</Month>                <Day>21</Day>            </PubMedPubDate>            <PubMedPubDate PubStatus="medline">                <Year>1955</Year>                <Month>1</Month>                <Day>21</Day>                <Hour>0</Hour>                <Minute>1</Minute>            </PubMedPubDate>            <PubMedPubDate PubStatus="entrez">                <Year>1955</Year>                <Month>1</Month>                <Day>21</Day>                <Hour>0</Hour>                <Minute>0</Minute>            </PubMedPubDate>        </History>        <PublicationStatus>ppublish</PublicationStatus>        <ArticleIdList>            <ArticleId IdType="pubmed">13225747</ArticleId>        </ArticleIdList>    </PubmedData></PubmedArticle></PubmedArticleSet>