<?xml version="1.0"?><!DOCTYPE PubmedArticleSet PUBLIC "-//NLM//DTD PubMedArticle, 1st January 2015//EN" "http://www.ncbi.nlm.nih.gov/corehtml/query/DTD/pubmed_150101.dtd"><PubmedArticleSet><PubmedArticle>    <MedlineCitation Owner="NLM" Status="PubMed-not-MEDLINE">        <PMID Version="1">17788871</PMID>        <DateCreated>            <Year>2010</Year>            <Month>06</Month>            <Day>04</Day>        </DateCreated>        <DateCompleted>            <Year>2010</Year>            <Month>07</Month>            <Day>02</Day>        </DateCompleted>        <Article PubModel="Print">            <Journal>                <ISSN IssnType="Print">0036-8075</ISSN>                <JournalIssue CitedMedium="Print">                    <Volume>124</Volume>                    <Issue>3232</Issue>                    <PubDate>                        <Year>1956</Year>                        <Month>Dec</Month>                        <Day>7</Day>                    </PubDate>                </JournalIssue>                <Title>Science (New York, N.Y.)</Title>                <ISOAbbreviation>Science</ISOAbbreviation>            </Journal>            <ArticleTitle>News of Science.</ArticleTitle>            <Pagination>                <MedlinePgn>1151</MedlinePgn>            </Pagination>            <Abstract>                <AbstractText>Two corrections should be made in the item &quot;Blood groups and disease&quot; [Science 124, 674 (12 Oct. 1956)] which reports a paper on associations between blood groups and disease read to the British Association for the Advancement of Science. The three diseases for which the evidence is overwhelming are (i) duodenal ulcer, (ii) gastric ulcer, (iii) cancer of the stomach. As is stated, the ulcers are commoner in persons of group O, and cancer of the stomach in persons of group A. There is fairly strong evidence in connection with diabetes mellitus and pernicious anemia; but the incidence is raised in group A, not groups O and B. It should perhaps be added that practically all the data so far come from Western Europe and North America, and the associations might be different or absent in other peoples.</AbstractText>            </Abstract>            <AuthorList CompleteYN="Y">                <Author ValidYN="Y">                    <LastName>Roberts</LastName>                    <ForeName>J A</ForeName>                    <Initials>JA</Initials>                </Author>            </AuthorList>            <Language>eng</Language>            <PublicationTypeList>                <PublicationType UI="D016428">Journal Article</PublicationType>            </PublicationTypeList>        </Article>        <MedlineJournalInfo>            <Country>United States</Country>            <MedlineTA>Science</MedlineTA>            <NlmUniqueID>0404511</NlmUniqueID>            <ISSNLinking>0036-8075</ISSNLinking>        </MedlineJournalInfo>    </MedlineCitation>    <PubmedData>        <History>            <PubMedPubDate PubStatus="pubmed">                <Year>1956</Year>                <Month>12</Month>                <Day>7</Day>                <Hour>0</Hour>                <Minute>0</Minute>            </PubMedPubDate>            <PubMedPubDate PubStatus="medline">                <Year>1956</Year>                <Month>12</Month>                <Day>7</Day>                <Hour>0</Hour>                <Minute>1</Minute>            </PubMedPubDate>            <PubMedPubDate PubStatus="entrez">                <Year>1956</Year>                <Month>12</Month>                <Day>7</Day>                <Hour>0</Hour>                <Minute>0</Minute>            </PubMedPubDate>        </History>        <PublicationStatus>ppublish</PublicationStatus>        <ArticleIdList>            <ArticleId IdType="pii">124/3232/1151</ArticleId>            <ArticleId IdType="doi">10.1126/science.124.3232.1151</ArticleId>            <ArticleId IdType="pubmed">17788871</ArticleId>        </ArticleIdList>    </PubmedData></PubmedArticle><PubmedArticle>    <MedlineCitation Owner="NLM" Status="MEDLINE">        <PMID Version="1">13380422</PMID>        <DateCreated>            <Year>1957</Year>            <Month>12</Month>            <Day>01</Day>        </DateCreated>        <DateCompleted>            <Year>2002</Year>            <Month>05</Month>            <Day>01</Day>        </DateCompleted>        <DateRevised>            <Year>2007</Year>            <Month>03</Month>            <Day>19</Day>        </DateRevised>        <Article PubModel="Print">            <Journal>                <ISSN IssnType="Print">0036-8075</ISSN>                <JournalIssue CitedMedium="Print">                    <Volume>124</Volume>                    <Issue>3231</Issue>                    <PubDate>                        <Year>1956</Year>                        <Month>Nov</Month>                        <Day>30</Day>                    </PubDate>                </JournalIssue>                <Title>Science (New York, N.Y.)</Title>                <ISOAbbreviation>Science</ISOAbbreviation>            </Journal>            <ArticleTitle>Preparation of nucleic acids from Ehrlich ascites tumor cells.</ArticleTitle>            <Pagination>                <MedlinePgn>1077-8</MedlinePgn>            </Pagination>            <AuthorList CompleteYN="Y">                <Author ValidYN="Y">                    <LastName>BROWN</LastName>                    <ForeName>R A</ForeName>                    <Initials>RA</Initials>                </Author>                <Author ValidYN="Y">                    <LastName>COLTER</LastName>                    <ForeName>J S</ForeName>                    <Initials>JS</Initials>                </Author>            </AuthorList>            <Language>eng</Language>            <PublicationTypeList>                <PublicationType UI="D016428">Journal Article</PublicationType>            </PublicationTypeList>        </Article>        <MedlineJournalInfo>            <Country>Not Available</Country>            <MedlineTA>Science</MedlineTA>            <NlmUniqueID>0404511</NlmUniqueID>            <ISSNLinking>0036-8075</ISSNLinking>        </MedlineJournalInfo>        <ChemicalList>            <Chemical>                <RegistryNumber>0</RegistryNumber>                <NameOfSubstance UI="D009696">Nucleic Acids</NameOfSubstance>            </Chemical>        </ChemicalList>        <CitationSubset>OM</CitationSubset>        <MeshHeadingList>            <MeshHeading>                <DescriptorName MajorTopicYN="N" UI="D009369">Neoplasms</DescriptorName>                <QualifierName MajorTopicYN="Y" UI="Q000378">metabolism</QualifierName>            </MeshHeading>            <MeshHeading>                <DescriptorName MajorTopicYN="N" UI="D009696">Nucleic Acids</DescriptorName>                <QualifierName MajorTopicYN="Y" UI="Q000032">analysis</QualifierName>            </MeshHeading>        </MeshHeadingList>        <OtherID Source="CLML">5731:26861</OtherID>        <KeywordList Owner="NLM">            <Keyword MajorTopicYN="Y">NEOPLASMS/metabolism</Keyword>            <Keyword MajorTopicYN="Y">NUCLEIC ACIDS/determination</Keyword>        </KeywordList>    </MedlineCitation>    <PubmedData>        <History>            <PubMedPubDate PubStatus="pubmed">                <Year>1956</Year>                <Month>11</Month>                <Day>30</Day>            </PubMedPubDate>            <PubMedPubDate PubStatus="medline">                <Year>1956</Year>                <Month>11</Month>                <Day>30</Day>                <Hour>0</Hour>                <Minute>1</Minute>            </PubMedPubDate>            <PubMedPubDate PubStatus="entrez">                <Year>1956</Year>                <Month>11</Month>                <Day>30</Day>                <Hour>0</Hour>                <Minute>0</Minute>            </PubMedPubDate>        </History>        <PublicationStatus>ppublish</PublicationStatus>        <ArticleIdList>            <ArticleId IdType="pubmed">13380422</ArticleId>        </ArticleIdList>    </PubmedData></PubmedArticle><PubmedArticle>    <MedlineCitation Owner="NLM" Status="MEDLINE">        <PMID Version="1">13380416</PMID>        <DateCreated>            <Year>1957</Year>            <Month>12</Month>            <Day>01</Day>        </DateCreated>        <DateCompleted>            <Year>2002</Year>            <Month>05</Month>            <Day>01</Day>        </DateCompleted>        <DateRevised>            <Year>2007</Year>            <Month>03</Month>            <Day>19</Day>        </DateRevised>        <Article PubModel="Print">            <Journal>                <ISSN IssnType="Print">0036-8075</ISSN>                <JournalIssue CitedMedium="Print">                    <Volume>124</Volume>                    <Issue>3230</Issue>                    <PubDate>                        <Year>1956</Year>                        <Month>Nov</Month>                        <Day>23</Day>                    </PubDate>                </JournalIssue>                <Title>Science (New York, N.Y.)</Title>                <ISOAbbreviation>Science</ISOAbbreviation>            </Journal>            <ArticleTitle>Use of acridine-orange fluorescence technique in exfoliative cytology.</ArticleTitle>            <Pagination>                <MedlinePgn>1024-5</MedlinePgn>            </Pagination>            <AuthorList CompleteYN="Y">                <Author ValidYN="Y">                    <LastName>MASIN</LastName>                    <ForeName>F</ForeName>                    <Initials>F</Initials>                </Author>                <Author ValidYN="Y">                    <LastName>MASIN</LastName>                    <ForeName>M</ForeName>                    <Initials>M</Initials>                </Author>                <Author ValidYN="Y">                    <LastName>VON BERTALANFFY</LastName>                    <ForeName>L</ForeName>                    <Initials>L</Initials>                </Author>            </AuthorList>            <Language>eng</Language>            <PublicationTypeList>                <PublicationType UI="D016428">Journal Article</PublicationType>            </PublicationTypeList>        </Article>        <MedlineJournalInfo>            <Country>Not Available</Country>            <MedlineTA>Science</MedlineTA>            <NlmUniqueID>0404511</NlmUniqueID>            <ISSNLinking>0036-8075</ISSNLinking>        </MedlineJournalInfo>        <ChemicalList>            <Chemical>                <RegistryNumber>0</RegistryNumber>                <NameOfSubstance UI="D000166">Acridines</NameOfSubstance>            </Chemical>        </ChemicalList>        <CitationSubset>OM</CitationSubset>        <MeshHeadingList>            <MeshHeading>                <DescriptorName MajorTopicYN="Y" UI="D000166">Acridines</DescriptorName>            </MeshHeading>            <MeshHeading>                <DescriptorName MajorTopicYN="Y" UI="D005453">Fluorescence</DescriptorName>            </MeshHeading>            <MeshHeading>                <DescriptorName MajorTopicYN="N" UI="D009369">Neoplasms</DescriptorName>                <QualifierName MajorTopicYN="Y" UI="Q000175">diagnosis</QualifierName>            </MeshHeading>            <MeshHeading>                <DescriptorName MajorTopicYN="Y" UI="D013194">Staining and Labeling</DescriptorName>            </MeshHeading>        </MeshHeadingList>        <OtherID Source="CLML">5731:26855</OtherID>        <KeywordList Owner="NLM">            <Keyword MajorTopicYN="Y">ACRIDINES</Keyword>            <Keyword MajorTopicYN="Y">FLUORESCENCE</Keyword>            <Keyword MajorTopicYN="Y">NEOPLASMS/diagnosis</Keyword>            <Keyword MajorTopicYN="Y">STAINS AND STAINING</Keyword>        </KeywordList>    </MedlineCitation>    <PubmedData>        <History>            <PubMedPubDate PubStatus="pubmed">                <Year>1956</Year>                <Month>11</Month>                <Day>23</Day>            </PubMedPubDate>            <PubMedPubDate PubStatus="medline">                <Year>1956</Year>                <Month>11</Month>                <Day>23</Day>                <Hour>0</Hour>                <Minute>1</Minute>            </PubMedPubDate>            <PubMedPubDate PubStatus="entrez">                <Year>1956</Year>                <Month>11</Month>                <Day>23</Day>                <Hour>0</Hour>                <Minute>0</Minute>            </PubMedPubDate>        </History>        <PublicationStatus>ppublish</PublicationStatus>        <ArticleIdList>            <ArticleId IdType="pubmed">13380416</ArticleId>        </ArticleIdList>    </PubmedData></PubmedArticle><PubmedArticle>    <MedlineCitation Owner="NLM" Status="OLDMEDLINE">        <PMID Version="1">13380410</PMID>        <DateCreated>            <Year>1957</Year>            <Month>12</Month>            <Day>01</Day>        </DateCreated>        <DateCompleted>            <Year>2002</Year>            <Month>05</Month>            <Day>01</Day>        </DateCompleted>        <DateRevised>            <Year>2008</Year>            <Month>06</Month>            <Day>03</Day>        </DateRevised>        <Article PubModel="Print">            <Journal>                <ISSN IssnType="Print">0036-8075</ISSN>                <JournalIssue CitedMedium="Print">                    <Volume>124</Volume>                    <Issue>3229</Issue>                    <PubDate>                        <Year>1956</Year>                        <Month>Nov</Month>                        <Day>16</Day>                    </PubDate>                </JournalIssue>                <Title>Science (New York, N.Y.)</Title>                <ISOAbbreviation>Science</ISOAbbreviation>            </Journal>            <ArticleTitle>Action of guinea pig serum and human gamma globulin on the growth of a rat tumor.</ArticleTitle>            <Pagination>                <MedlinePgn>980-1</MedlinePgn>            </Pagination>            <AuthorList CompleteYN="Y">                <Author ValidYN="Y">                    <LastName>AINIS</LastName>                    <ForeName>H</ForeName>                    <Initials>H</Initials>                </Author>                <Author ValidYN="Y">                    <LastName>JAMESON</LastName>                    <ForeName>E</ForeName>                    <Initials>E</Initials>                </Author>                <Author ValidYN="Y">                    <LastName>RYAN</LastName>                    <ForeName>R M</ForeName>                    <Initials>RM</Initials>                </Author>            </AuthorList>            <Language>eng</Language>            <PublicationTypeList>                <PublicationType UI="D016428">Journal Article</PublicationType>            </PublicationTypeList>        </Article>        <MedlineJournalInfo>            <Country>Not Available</Country>            <MedlineTA>Science</MedlineTA>            <NlmUniqueID>0404511</NlmUniqueID>            <ISSNLinking>0036-8075</ISSNLinking>        </MedlineJournalInfo>        <CitationSubset>OM</CitationSubset>        <MeshHeadingList>            <MeshHeading>                <DescriptorName MajorTopicYN="Y" UI="D009374">Neoplasms, Experimental</DescriptorName>            </MeshHeading>        </MeshHeadingList>        <OtherID Source="CLML">5731:26849</OtherID>        <KeywordList Owner="NLM">            <Keyword MajorTopicYN="Y">GAMMA GLOBULIN/effects</Keyword>            <Keyword MajorTopicYN="Y">NEOPLASMS/experimental</Keyword>        </KeywordList>    </MedlineCitation>    <PubmedData>        <History>            <PubMedPubDate PubStatus="pubmed">                <Year>1956</Year>                <Month>11</Month>                <Day>16</Day>            </PubMedPubDate>            <PubMedPubDate PubStatus="medline">                <Year>1956</Year>                <Month>11</Month>                <Day>16</Day>                <Hour>0</Hour>                <Minute>1</Minute>            </PubMedPubDate>            <PubMedPubDate PubStatus="entrez">                <Year>1956</Year>                <Month>11</Month>                <Day>16</Day>                <Hour>0</Hour>                <Minute>0</Minute>            </PubMedPubDate>        </History>        <PublicationStatus>ppublish</PublicationStatus>        <ArticleIdList>            <ArticleId IdType="pubmed">13380410</ArticleId>        </ArticleIdList>    </PubmedData></PubmedArticle><PubmedArticle>    <MedlineCitation Owner="NLM" Status="MEDLINE">        <PMID Version="1">13380405</PMID>        <DateCreated>            <Year>1957</Year>            <Month>12</Month>            <Day>01</Day>        </DateCreated>        <DateCompleted>            <Year>2002</Year>            <Month>05</Month>            <Day>01</Day>        </DateCompleted>        <DateRevised>            <Year>2014</Year>            <Month>08</Month>            <Day>12</Day>        </DateRevised>        <Article PubModel="Print">            <Journal>                <ISSN IssnType="Print">0036-8075</ISSN>                <JournalIssue CitedMedium="Print">                    <Volume>124</Volume>                    <Issue>3228</Issue>                    <PubDate>                        <Year>1956</Year>                        <Month>Nov</Month>                        <Day>9</Day>                    </PubDate>                </JournalIssue>                <Title>Science (New York, N.Y.)</Title>                <ISOAbbreviation>Science</ISOAbbreviation>            </Journal>            <ArticleTitle>Suspected correlation between blood-group frequency and pituitary adenomas.</ArticleTitle>            <Pagination>                <MedlinePgn>932-4</MedlinePgn>            </Pagination>            <AuthorList CompleteYN="Y">                <Author ValidYN="Y">                    <LastName>DIAMOND</LastName>                    <ForeName>L K</ForeName>                    <Initials>LK</Initials>                </Author>                <Author ValidYN="Y">                    <LastName>LEVINE</LastName>                    <ForeName>R P</ForeName>                    <Initials>RP</Initials>                </Author>                <Author ValidYN="Y">                    <LastName>MAYR</LastName>                    <ForeName>E</ForeName>                    <Initials>E</Initials>                </Author>                <Author ValidYN="Y">                    <LastName>MAYR</LastName>                    <ForeName>M</ForeName>                    <Initials>M</Initials>                </Author>            </AuthorList>            <Language>eng</Language>            <PublicationTypeList>                <PublicationType UI="D016428">Journal Article</PublicationType>            </PublicationTypeList>        </Article>        <MedlineJournalInfo>            <Country>Not Available</Country>            <MedlineTA>Science</MedlineTA>            <NlmUniqueID>0404511</NlmUniqueID>            <ISSNLinking>0036-8075</ISSNLinking>        </MedlineJournalInfo>        <ChemicalList>            <Chemical>                <RegistryNumber>0</RegistryNumber>                <NameOfSubstance UI="D001789">Blood Group Antigens</NameOfSubstance>            </Chemical>        </ChemicalList>        <CitationSubset>OM</CitationSubset>        <MeshHeadingList>            <MeshHeading>                <DescriptorName MajorTopicYN="Y" UI="D001789">Blood Group Antigens</DescriptorName>            </MeshHeading>            <MeshHeading>                <DescriptorName MajorTopicYN="Y" UI="D009369">Neoplasms</DescriptorName>            </MeshHeading>            <MeshHeading>                <DescriptorName MajorTopicYN="Y" UI="D010902">Pituitary Gland</DescriptorName>            </MeshHeading>        </MeshHeadingList>        <OtherID Source="CLML">5731:26844</OtherID>        <KeywordList Owner="NLM">            <Keyword MajorTopicYN="Y">BLOOD GROUPS</Keyword>            <Keyword MajorTopicYN="Y">PITUITARY GLAND/neoplasms</Keyword>        </KeywordList>    </MedlineCitation>    <PubmedData>        <History>            <PubMedPubDate PubStatus="pubmed">                <Year>1956</Year>                <Month>11</Month>                <Day>9</Day>            </PubMedPubDate>            <PubMedPubDate PubStatus="medline">                <Year>1956</Year>                <Month>11</Month>                <Day>9</Day>                <Hour>0</Hour>                <Minute>1</Minute>            </PubMedPubDate>            <PubMedPubDate PubStatus="entrez">                <Year>1956</Year>                <Month>11</Month>                <Day>9</Day>                <Hour>0</Hour>                <Minute>0</Minute>            </PubMedPubDate>        </History>        <PublicationStatus>ppublish</PublicationStatus>        <ArticleIdList>            <ArticleId IdType="pubmed">13380405</ArticleId>        </ArticleIdList>    </PubmedData></PubmedArticle><PubmedArticle>    <MedlineCitation Owner="NLM" Status="OLDMEDLINE">        <PMID Version="1">13360276</PMID>        <DateCreated>            <Year>1957</Year>            <Month>12</Month>            <Day>01</Day>        </DateCreated>        <DateCompleted>            <Year>2002</Year>            <Month>05</Month>            <Day>01</Day>        </DateCompleted>        <DateRevised>            <Year>2008</Year>            <Month>06</Month>            <Day>03</Day>        </DateRevised>        <Article PubModel="Print">            <Journal>                <ISSN IssnType="Print">0036-8075</ISSN>                <JournalIssue CitedMedium="Print">                    <Volume>124</Volume>                    <Issue>3220</Issue>                    <PubDate>                        <Year>1956</Year>                        <Month>Sep</Month>                        <Day>14</Day>                    </PubDate>                </JournalIssue>                <Title>Science (New York, N.Y.)</Title>                <ISOAbbreviation>Science</ISOAbbreviation>            </Journal>            <ArticleTitle>Influence of invasiveness, hormones, and amphenone on steroids in adrenal carcinoma.</ArticleTitle>            <Pagination>                <MedlinePgn>487-9</MedlinePgn>            </Pagination>            <AuthorList CompleteYN="Y">                <Author ValidYN="Y">                    <LastName>GALLAGHER</LastName>                    <ForeName>T F</ForeName>                    <Initials>TF</Initials>                </Author>                <Author ValidYN="Y">                    <LastName>KAPPAS</LastName>                    <ForeName>A</ForeName>                    <Initials>A</Initials>                </Author>                <Author ValidYN="Y">                    <LastName>LASZLO</LastName>                    <ForeName>D</ForeName>                    <Initials>D</Initials>                </Author>                <Author ValidYN="Y">                    <LastName>SPENCER</LastName>                    <ForeName>H</ForeName>                    <Initials>H</Initials>                </Author>            </AuthorList>            <Language>eng</Language>            <PublicationTypeList>                <PublicationType UI="D016428">Journal Article</PublicationType>            </PublicationTypeList>        </Article>        <MedlineJournalInfo>            <Country>Not Available</Country>            <MedlineTA>Science</MedlineTA>            <NlmUniqueID>0404511</NlmUniqueID>            <ISSNLinking>0036-8075</ISSNLinking>        </MedlineJournalInfo>        <ChemicalList>            <Chemical>                <RegistryNumber>0</RegistryNumber>                <NameOfSubstance UI="D013256">Steroids</NameOfSubstance>            </Chemical>        </ChemicalList>        <CitationSubset>OM</CitationSubset>        <MeshHeadingList>            <MeshHeading>                <DescriptorName MajorTopicYN="Y" UI="D000306">Adrenal Cortex Neoplasms</DescriptorName>            </MeshHeading>            <MeshHeading>                <DescriptorName MajorTopicYN="N" UI="D013256">Steroids</DescriptorName>                <QualifierName MajorTopicYN="Y" UI="Q000652">urine</QualifierName>            </MeshHeading>        </MeshHeadingList>        <OtherID Source="CLML">5731:6337</OtherID>        <KeywordList Owner="NLM">            <Keyword MajorTopicYN="Y">ACTH/effects</Keyword>            <Keyword MajorTopicYN="Y">ADRENAL CORTEX/neoplasms</Keyword>            <Keyword MajorTopicYN="Y">CORTISONE/effects</Keyword>            <Keyword MajorTopicYN="Y">PROPIOPHENONES/effects</Keyword>            <Keyword MajorTopicYN="Y">STEROIDS/in urine</Keyword>        </KeywordList>    </MedlineCitation>    <PubmedData>        <History>            <PubMedPubDate PubStatus="pubmed">                <Year>1956</Year>                <Month>9</Month>                <Day>14</Day>            </PubMedPubDate>            <PubMedPubDate PubStatus="medline">                <Year>1956</Year>                <Month>9</Month>                <Day>14</Day>                <Hour>0</Hour>                <Minute>1</Minute>            </PubMedPubDate>            <PubMedPubDate PubStatus="entrez">                <Year>1956</Year>                <Month>9</Month>                <Day>14</Day>                <Hour>0</Hour>                <Minute>0</Minute>            </PubMedPubDate>        </History>        <PublicationStatus>ppublish</PublicationStatus>        <ArticleIdList>            <ArticleId IdType="pubmed">13360276</ArticleId>        </ArticleIdList>    </PubmedData></PubmedArticle><PubmedArticle>    <MedlineCitation Owner="NLM" Status="MEDLINE">        <PMID Version="1">13351640</PMID>        <DateCreated>            <Year>1956</Year>            <Month>12</Month>            <Day>01</Day>        </DateCreated>        <DateCompleted>            <Year>2003</Year>            <Month>05</Month>            <Day>01</Day>        </DateCompleted>        <DateRevised>            <Year>2007</Year>            <Month>03</Month>            <Day>19</Day>        </DateRevised>        <Article PubModel="Print">            <Journal>                <ISSN IssnType="Print">0036-8075</ISSN>                <JournalIssue CitedMedium="Print">                    <Volume>124</Volume>                    <Issue>3215</Issue>                    <PubDate>                        <Year>1956</Year>                        <Month>Aug</Month>                        <Day>10</Day>                    </PubDate>                </JournalIssue>                <Title>Science (New York, N.Y.)</Title>                <ISOAbbreviation>Science</ISOAbbreviation>            </Journal>            <ArticleTitle>On respiratory impairment in cancer cells.</ArticleTitle>            <Pagination>                <MedlinePgn>270-2</MedlinePgn>            </Pagination>            <AuthorList CompleteYN="Y">                <Author ValidYN="Y">                    <LastName>BURK</LastName>                    <ForeName>D</ForeName>                    <Initials>D</Initials>                </Author>                <Author ValidYN="Y">                    <LastName>SCHADE</LastName>                    <ForeName>A L</ForeName>                    <Initials>AL</Initials>                </Author>            </AuthorList>            <Language>eng</Language>            <PublicationTypeList>                <PublicationType UI="D016428">Journal Article</PublicationType>            </PublicationTypeList>        </Article>        <MedlineJournalInfo>            <Country>Not Available</Country>            <MedlineTA>Science</MedlineTA>            <NlmUniqueID>0404511</NlmUniqueID>            <ISSNLinking>0036-8075</ISSNLinking>        </MedlineJournalInfo>        <CitationSubset>OM</CitationSubset>        <MeshHeadingList>            <MeshHeading>                <DescriptorName MajorTopicYN="N" UI="D009369">Neoplasms</DescriptorName>                <QualifierName MajorTopicYN="Y" UI="Q000378">metabolism</QualifierName>            </MeshHeading>        </MeshHeadingList>        <OtherID Source="CLML">5630:60228</OtherID>        <KeywordList Owner="NLM">            <Keyword MajorTopicYN="Y">NEOPLASMS/metabolism in</Keyword>        </KeywordList>    </MedlineCitation>    <PubmedData>        <History>            <PubMedPubDate PubStatus="pubmed">                <Year>1956</Year>                <Month>8</Month>                <Day>10</Day>            </PubMedPubDate>            <PubMedPubDate PubStatus="medline">                <Year>1956</Year>                <Month>8</Month>                <Day>10</Day>                <Hour>0</Hour>                <Minute>1</Minute>            </PubMedPubDate>            <PubMedPubDate PubStatus="entrez">                <Year>1956</Year>                <Month>8</Month>                <Day>10</Day>                <Hour>0</Hour>                <Minute>0</Minute>            </PubMedPubDate>        </History>        <PublicationStatus>ppublish</PublicationStatus>        <ArticleIdList>            <ArticleId IdType="pubmed">13351640</ArticleId>        </ArticleIdList>    </PubmedData></PubmedArticle><PubmedArticle>    <MedlineCitation Owner="NLM" Status="MEDLINE">        <PMID Version="1">13351639</PMID>        <DateCreated>            <Year>1956</Year>            <Month>12</Month>            <Day>01</Day>        </DateCreated>        <DateCompleted>            <Year>2003</Year>            <Month>05</Month>            <Day>01</Day>        </DateCompleted>        <DateRevised>            <Year>2007</Year>            <Month>03</Month>            <Day>19</Day>        </DateRevised>        <Article PubModel="Print">            <Journal>                <ISSN IssnType="Print">0036-8075</ISSN>                <JournalIssue CitedMedium="Print">                    <Volume>124</Volume>                    <Issue>3215</Issue>                    <PubDate>                        <Year>1956</Year>                        <Month>Aug</Month>                        <Day>10</Day>                    </PubDate>                </JournalIssue>                <Title>Science (New York, N.Y.)</Title>                <ISOAbbreviation>Science</ISOAbbreviation>            </Journal>            <ArticleTitle>On respiratory impairment in cancer cells.</ArticleTitle>            <Pagination>                <MedlinePgn>269-70</MedlinePgn>            </Pagination>            <AuthorList CompleteYN="Y">                <Author ValidYN="Y">                    <LastName>WARBURG</LastName>                    <ForeName>O</ForeName>                    <Initials>O</Initials>                </Author>            </AuthorList>            <Language>eng</Language>            <PublicationTypeList>                <PublicationType UI="D016428">Journal Article</PublicationType>            </PublicationTypeList>        </Article>        <MedlineJournalInfo>            <Country>Not Available</Country>            <MedlineTA>Science</MedlineTA>            <NlmUniqueID>0404511</NlmUniqueID>            <ISSNLinking>0036-8075</ISSNLinking>        </MedlineJournalInfo>        <CitationSubset>OM</CitationSubset>        <MeshHeadingList>            <MeshHeading>                <DescriptorName MajorTopicYN="N" UI="D009369">Neoplasms</DescriptorName>                <QualifierName MajorTopicYN="Y" UI="Q000378">metabolism</QualifierName>            </MeshHeading>        </MeshHeadingList>        <OtherID Source="CLML">5630:60227</OtherID>        <KeywordList Owner="NLM">            <Keyword MajorTopicYN="Y">NEOPLASMS/metabolism in</Keyword>        </KeywordList>    </MedlineCitation>    <PubmedData>        <History>            <PubMedPubDate PubStatus="pubmed">                <Year>1956</Year>                <Month>8</Month>                <Day>10</Day>            </PubMedPubDate>            <PubMedPubDate PubStatus="medline">                <Year>1956</Year>                <Month>8</Month>                <Day>10</Day>                <Hour>0</Hour>                <Minute>1</Minute>            </PubMedPubDate>            <PubMedPubDate PubStatus="entrez">                <Year>1956</Year>                <Month>8</Month>                <Day>10</Day>                <Hour>0</Hour>                <Minute>0</Minute>            </PubMedPubDate>        </History>        <PublicationStatus>ppublish</PublicationStatus>        <ArticleIdList>            <ArticleId IdType="pubmed">13351639</ArticleId>        </ArticleIdList>    </PubmedData></PubmedArticle><PubmedArticle>    <MedlineCitation Owner="NLM" Status="MEDLINE">        <PMID Version="1">13351638</PMID>        <DateCreated>            <Year>1956</Year>            <Month>12</Month>            <Day>01</Day>        </DateCreated>        <DateCompleted>            <Year>2003</Year>            <Month>05</Month>            <Day>01</Day>        </DateCompleted>        <DateRevised>            <Year>2007</Year>            <Month>03</Month>            <Day>19</Day>        </DateRevised>        <Article PubModel="Print">            <Journal>                <ISSN IssnType="Print">0036-8075</ISSN>                <JournalIssue CitedMedium="Print">                    <Volume>124</Volume>                    <Issue>3215</Issue>                    <PubDate>                        <Year>1956</Year>                        <Month>Aug</Month>                        <Day>10</Day>                    </PubDate>                </JournalIssue>                <Title>Science (New York, N.Y.)</Title>                <ISOAbbreviation>Science</ISOAbbreviation>            </Journal>            <ArticleTitle>On respiratory impairment in cancer cells.</ArticleTitle>            <Pagination>                <MedlinePgn>267-9</MedlinePgn>            </Pagination>            <AuthorList CompleteYN="Y">                <Author ValidYN="Y">                    <LastName>WEINHOUSE</LastName>                    <ForeName>S</ForeName>                    <Initials>S</Initials>                </Author>            </AuthorList>            <Language>eng</Language>            <PublicationTypeList>                <PublicationType UI="D016428">Journal Article</PublicationType>            </PublicationTypeList>        </Article>        <MedlineJournalInfo>            <Country>Not Available</Country>            <MedlineTA>Science</MedlineTA>            <NlmUniqueID>0404511</NlmUniqueID>            <ISSNLinking>0036-8075</ISSNLinking>        </MedlineJournalInfo>        <CitationSubset>OM</CitationSubset>        <MeshHeadingList>            <MeshHeading>                <DescriptorName MajorTopicYN="N" UI="D009369">Neoplasms</DescriptorName>                <QualifierName MajorTopicYN="Y" UI="Q000378">metabolism</QualifierName>            </MeshHeading>        </MeshHeadingList>        <OtherID Source="CLML">5630:60226</OtherID>        <KeywordList Owner="NLM">            <Keyword MajorTopicYN="Y">NEOPLASMS/metabolism in</Keyword>        </KeywordList>    </MedlineCitation>    <PubmedData>        <History>            <PubMedPubDate PubStatus="pubmed">                <Year>1956</Year>                <Month>8</Month>                <Day>10</Day>            </PubMedPubDate>            <PubMedPubDate PubStatus="medline">                <Year>1956</Year>                <Month>8</Month>                <Day>10</Day>                <Hour>0</Hour>                <Minute>1</Minute>            </PubMedPubDate>            <PubMedPubDate PubStatus="entrez">                <Year>1956</Year>                <Month>8</Month>                <Day>10</Day>                <Hour>0</Hour>                <Minute>0</Minute>            </PubMedPubDate>        </History>        <PublicationStatus>ppublish</PublicationStatus>        <ArticleIdList>            <ArticleId IdType="pubmed">13351638</ArticleId>        </ArticleIdList>    </PubmedData></PubmedArticle><PubmedArticle>    <MedlineCitation Owner="NLM" Status="MEDLINE">        <PMID Version="1">13351624</PMID>        <DateCreated>            <Year>1956</Year>            <Month>12</Month>            <Day>01</Day>        </DateCreated>        <DateCompleted>            <Year>2003</Year>            <Month>05</Month>            <Day>01</Day>        </DateCompleted>        <DateRevised>            <Year>2008</Year>            <Month>06</Month>            <Day>03</Day>        </DateRevised>        <Article PubModel="Print">            <Journal>                <ISSN IssnType="Print">0036-8075</ISSN>                <JournalIssue CitedMedium="Print">                    <Volume>124</Volume>                    <Issue>3214</Issue>                    <PubDate>                        <Year>1956</Year>                        <Month>Aug</Month>                        <Day>3</Day>                    </PubDate>                </JournalIssue>                <Title>Science (New York, N.Y.)</Title>                <ISOAbbreviation>Science</ISOAbbreviation>            </Journal>            <ArticleTitle>Detection of tumor-inducing factors in Drosophila.</ArticleTitle>            <Pagination>                <MedlinePgn>220-1</MedlinePgn>            </Pagination>            <AuthorList CompleteYN="Y">                <Author ValidYN="Y">                    <LastName>BURTON</LastName>                    <ForeName>L</ForeName>                    <Initials>L</Initials>                </Author>                <Author ValidYN="Y">                    <LastName>FRIEDMAN</LastName>                    <ForeName>F</ForeName>                    <Initials>F</Initials>                </Author>            </AuthorList>            <Language>eng</Language>            <PublicationTypeList>                <PublicationType UI="D016428">Journal Article</PublicationType>            </PublicationTypeList>        </Article>        <MedlineJournalInfo>            <Country>Not Available</Country>            <MedlineTA>Science</MedlineTA>            <NlmUniqueID>0404511</NlmUniqueID>            <ISSNLinking>0036-8075</ISSNLinking>        </MedlineJournalInfo>        <CitationSubset>OM</CitationSubset>        <MeshHeadingList>            <MeshHeading>                <DescriptorName MajorTopicYN="Y" UI="D004175">Diptera</DescriptorName>            </MeshHeading>            <MeshHeading>                <DescriptorName MajorTopicYN="Y" UI="D009374">Neoplasms, Experimental</DescriptorName>            </MeshHeading>        </MeshHeadingList>        <OtherID Source="CLML">5630:60212</OtherID>        <KeywordList Owner="NLM">            <Keyword MajorTopicYN="Y">FLIES</Keyword>            <Keyword MajorTopicYN="Y">NEOPLASMS/experimental</Keyword>        </KeywordList>    </MedlineCitation>    <PubmedData>        <History>            <PubMedPubDate PubStatus="pubmed">                <Year>1956</Year>                <Month>8</Month>                <Day>3</Day>            </PubMedPubDate>            <PubMedPubDate PubStatus="medline">                <Year>1956</Year>                <Month>8</Month>                <Day>3</Day>                <Hour>0</Hour>                <Minute>1</Minute>            </PubMedPubDate>            <PubMedPubDate PubStatus="entrez">                <Year>1956</Year>                <Month>8</Month>                <Day>3</Day>                <Hour>0</Hour>                <Minute>0</Minute>            </PubMedPubDate>        </History>        <PublicationStatus>ppublish</PublicationStatus>        <ArticleIdList>            <ArticleId IdType="pubmed">13351624</ArticleId>        </ArticleIdList>    </PubmedData></PubmedArticle><PubmedArticle>    <MedlineCitation Owner="NLM" Status="MEDLINE">        <PMID Version="1">13351617</PMID>        <DateCreated>            <Year>1956</Year>            <Month>12</Month>            <Day>01</Day>        </DateCreated>        <DateCompleted>            <Year>2003</Year>            <Month>05</Month>            <Day>01</Day>        </DateCompleted>        <DateRevised>            <Year>2007</Year>            <Month>03</Month>            <Day>19</Day>        </DateRevised>        <Article PubModel="Print">            <Journal>                <ISSN IssnType="Print">0036-8075</ISSN>                <JournalIssue CitedMedium="Print">                    <Volume>124</Volume>                    <Issue>3213</Issue>                    <PubDate>                        <Year>1956</Year>                        <Month>Jul</Month>                        <Day>27</Day>                    </PubDate>                </JournalIssue>                <Title>Science (New York, N.Y.)</Title>                <ISOAbbreviation>Science</ISOAbbreviation>            </Journal>            <ArticleTitle>Lactic dehydrogenase activity of serum in mice with transplantable leukemia.</ArticleTitle>            <Pagination>                <MedlinePgn>173-4</MedlinePgn>            </Pagination>            <AuthorList CompleteYN="Y">                <Author ValidYN="Y">                    <LastName>FRIEND</LastName>                    <ForeName>C</ForeName>                    <Initials>C</Initials>                </Author>                <Author ValidYN="Y">                    <LastName>WROBLEWSKI</LastName>                    <ForeName>F</ForeName>                    <Initials>F</Initials>                </Author>            </AuthorList>            <Language>eng</Language>            <PublicationTypeList>                <PublicationType UI="D016428">Journal Article</PublicationType>            </PublicationTypeList>        </Article>        <MedlineJournalInfo>            <Country>Not Available</Country>            <MedlineTA>Science</MedlineTA>            <NlmUniqueID>0404511</NlmUniqueID>            <ISSNLinking>0036-8075</ISSNLinking>        </MedlineJournalInfo>        <ChemicalList>            <Chemical>                <RegistryNumber>EC 1.-</RegistryNumber>                <NameOfSubstance UI="D010088">Oxidoreductases</NameOfSubstance>            </Chemical>        </ChemicalList>        <CitationSubset>OM</CitationSubset>        <MeshHeadingList>            <MeshHeading>                <DescriptorName MajorTopicYN="Y" UI="D001769">Blood</DescriptorName>            </MeshHeading>            <MeshHeading>                <DescriptorName MajorTopicYN="N" UI="D007938">Leukemia</DescriptorName>                <QualifierName MajorTopicYN="Y" UI="Q000097">blood</QualifierName>            </MeshHeading>            <MeshHeading>                <DescriptorName MajorTopicYN="N" UI="D010088">Oxidoreductases</DescriptorName>                <QualifierName MajorTopicYN="Y" UI="Q000097">blood</QualifierName>            </MeshHeading>        </MeshHeadingList>        <OtherID Source="CLML">5630:60205</OtherID>        <KeywordList Owner="NLM">            <Keyword MajorTopicYN="Y">BLOOD</Keyword>            <Keyword MajorTopicYN="Y">DEHYDROGENASES/in blood</Keyword>            <Keyword MajorTopicYN="Y">LEUKEMIA/blood in</Keyword>        </KeywordList>    </MedlineCitation>    <PubmedData>        <History>            <PubMedPubDate PubStatus="pubmed">                <Year>1956</Year>                <Month>7</Month>                <Day>27</Day>            </PubMedPubDate>            <PubMedPubDate PubStatus="medline">                <Year>1956</Year>                <Month>7</Month>                <Day>27</Day>                <Hour>0</Hour>                <Minute>1</Minute>            </PubMedPubDate>            <PubMedPubDate PubStatus="entrez">                <Year>1956</Year>                <Month>7</Month>                <Day>27</Day>                <Hour>0</Hour>                <Minute>0</Minute>            </PubMedPubDate>        </History>        <PublicationStatus>ppublish</PublicationStatus>        <ArticleIdList>            <ArticleId IdType="pubmed">13351617</ArticleId>        </ArticleIdList>    </PubmedData></PubmedArticle><PubmedArticle>    <MedlineCitation Owner="NLM" Status="MEDLINE">        <PMID Version="1">13337365</PMID>        <DateCreated>            <Year>1956</Year>            <Month>12</Month>            <Day>01</Day>        </DateCreated>        <DateCompleted>            <Year>2003</Year>            <Month>05</Month>            <Day>01</Day>        </DateCompleted>        <DateRevised>            <Year>2008</Year>            <Month>06</Month>            <Day>03</Day>        </DateRevised>        <Article PubModel="Print">            <Journal>                <ISSN IssnType="Print">0036-8075</ISSN>                <JournalIssue CitedMedium="Print">                    <Volume>124</Volume>                    <Issue>3212</Issue>                    <PubDate>                        <Year>1956</Year>                        <Month>Jul</Month>                        <Day>20</Day>                    </PubDate>                </JournalIssue>                <Title>Science (New York, N.Y.)</Title>                <ISOAbbreviation>Science</ISOAbbreviation>            </Journal>            <ArticleTitle>Neoplastic changes developing in epithelial cell lines derived from normal persons.</ArticleTitle>            <Pagination>                <MedlinePgn>127-9</MedlinePgn>            </Pagination>            <AuthorList CompleteYN="Y">                <Author ValidYN="Y">                    <LastName>MOORE</LastName>                    <ForeName>A E</ForeName>                    <Initials>AE</Initials>                </Author>                <Author ValidYN="Y">                    <LastName>SOUTHAM</LastName>                    <ForeName>C M</ForeName>                    <Initials>CM</Initials>                </Author>                <Author ValidYN="Y">                    <LastName>STERNBERG</LastName>                    <ForeName>S S</ForeName>                    <Initials>SS</Initials>                </Author>            </AuthorList>            <Language>eng</Language>            <PublicationTypeList>                <PublicationType UI="D016428">Journal Article</PublicationType>            </PublicationTypeList>        </Article>        <MedlineJournalInfo>            <Country>Not Available</Country>            <MedlineTA>Science</MedlineTA>            <NlmUniqueID>0404511</NlmUniqueID>            <ISSNLinking>0036-8075</ISSNLinking>        </MedlineJournalInfo>        <CitationSubset>OM</CitationSubset>        <MeshHeadingList>            <MeshHeading>                <DescriptorName MajorTopicYN="N" UI="D004848">Epithelium</DescriptorName>                <QualifierName MajorTopicYN="Y" UI="Q000473">pathology</QualifierName>            </MeshHeading>            <MeshHeading>                <DescriptorName MajorTopicYN="Y" UI="D009374">Neoplasms, Experimental</DescriptorName>            </MeshHeading>        </MeshHeadingList>        <OtherID Source="CLML">5630:45845</OtherID>        <KeywordList Owner="NLM">            <Keyword MajorTopicYN="Y">EPITHELIUM/pathology</Keyword>            <Keyword MajorTopicYN="Y">NEOPLASMS/experimental</Keyword>        </KeywordList>    </MedlineCitation>    <PubmedData>        <History>            <PubMedPubDate PubStatus="pubmed">                <Year>1956</Year>                <Month>7</Month>                <Day>20</Day>            </PubMedPubDate>            <PubMedPubDate PubStatus="medline">                <Year>1956</Year>                <Month>7</Month>                <Day>20</Day>                <Hour>0</Hour>                <Minute>1</Minute>            </PubMedPubDate>            <PubMedPubDate PubStatus="entrez">                <Year>1956</Year>                <Month>7</Month>                <Day>20</Day>                <Hour>0</Hour>                <Minute>0</Minute>            </PubMedPubDate>        </History>        <PublicationStatus>ppublish</PublicationStatus>        <ArticleIdList>            <ArticleId IdType="pubmed">13337365</ArticleId>        </ArticleIdList>    </PubmedData></PubmedArticle><PubmedArticle>    <MedlineCitation Owner="NLM" Status="MEDLINE">        <PMID Version="1">13337363</PMID>        <DateCreated>            <Year>1956</Year>            <Month>12</Month>            <Day>01</Day>        </DateCreated>        <DateCompleted>            <Year>2003</Year>            <Month>05</Month>            <Day>01</Day>        </DateCompleted>        <DateRevised>            <Year>2013</Year>            <Month>11</Month>            <Day>21</Day>        </DateRevised>        <Article PubModel="Print">            <Journal>                <ISSN IssnType="Print">0036-8075</ISSN>                <JournalIssue CitedMedium="Print">                    <Volume>124</Volume>                    <Issue>3212</Issue>                    <PubDate>                        <Year>1956</Year>                        <Month>Jul</Month>                        <Day>20</Day>                    </PubDate>                </JournalIssue>                <Title>Science (New York, N.Y.)</Title>                <ISOAbbreviation>Science</ISOAbbreviation>            </Journal>            <ArticleTitle>Dual requirement of Walker carcinosarcoma 256 in vitro for asparagine and glutamine.</ArticleTitle>            <Pagination>                <MedlinePgn>124-5</MedlinePgn>            </Pagination>            <AuthorList CompleteYN="Y">                <Author ValidYN="Y">                    <LastName>NEUMAN</LastName>                    <ForeName>R E</ForeName>                    <Initials>RE</Initials>                </Author>                <Author ValidYN="Y">                    <LastName>MCCOY</LastName>                    <ForeName>T A</ForeName>                    <Initials>TA</Initials>                </Author>            </AuthorList>            <Language>eng</Language>            <PublicationTypeList>                <PublicationType UI="D016428">Journal Article</PublicationType>            </PublicationTypeList>        </Article>        <MedlineJournalInfo>            <Country>Not Available</Country>            <MedlineTA>Science</MedlineTA>            <NlmUniqueID>0404511</NlmUniqueID>            <ISSNLinking>0036-8075</ISSNLinking>        </MedlineJournalInfo>        <ChemicalList>            <Chemical>                <RegistryNumber>0RH81L854J</RegistryNumber>                <NameOfSubstance UI="D005973">Glutamine</NameOfSubstance>            </Chemical>            <Chemical>                <RegistryNumber>7006-34-0</RegistryNumber>                <NameOfSubstance UI="D001216">Asparagine</NameOfSubstance>            </Chemical>        </ChemicalList>        <CitationSubset>OM</CitationSubset>        <MeshHeadingList>            <MeshHeading>                <DescriptorName MajorTopicYN="N" UI="D001216">Asparagine</DescriptorName>                <QualifierName MajorTopicYN="Y" UI="Q000378">metabolism</QualifierName>            </MeshHeading>            <MeshHeading>                <DescriptorName MajorTopicYN="N" UI="D005973">Glutamine</DescriptorName>                <QualifierName MajorTopicYN="Y" UI="Q000378">metabolism</QualifierName>            </MeshHeading>            <MeshHeading>                <DescriptorName MajorTopicYN="N" UI="D009369">Neoplasms</DescriptorName>                <QualifierName MajorTopicYN="Y" UI="Q000378">metabolism</QualifierName>            </MeshHeading>        </MeshHeadingList>        <OtherID Source="CLML">5630:45843</OtherID>        <KeywordList Owner="NLM">            <Keyword MajorTopicYN="Y">ASPARAGINE/metabolism</Keyword>            <Keyword MajorTopicYN="Y">GLUTAMINE/metabolism</Keyword>            <Keyword MajorTopicYN="Y">NEOPLASMS/metabolism in</Keyword>        </KeywordList>    </MedlineCitation>    <PubmedData>        <History>            <PubMedPubDate PubStatus="pubmed">                <Year>1956</Year>                <Month>7</Month>                <Day>20</Day>            </PubMedPubDate>            <PubMedPubDate PubStatus="medline">                <Year>1956</Year>                <Month>7</Month>                <Day>20</Day>                <Hour>0</Hour>                <Minute>1</Minute>            </PubMedPubDate>            <PubMedPubDate PubStatus="entrez">                <Year>1956</Year>                <Month>7</Month>                <Day>20</Day>                <Hour>0</Hour>                <Minute>0</Minute>            </PubMedPubDate>        </History>        <PublicationStatus>ppublish</PublicationStatus>        <ArticleIdList>            <ArticleId IdType="pubmed">13337363</ArticleId>        </ArticleIdList>    </PubmedData></PubmedArticle><PubmedArticle>    <MedlineCitation Owner="NLM" Status="MEDLINE">        <PMID Version="1">13337348</PMID>        <DateCreated>            <Year>1956</Year>            <Month>12</Month>            <Day>01</Day>        </DateCreated>        <DateCompleted>            <Year>2003</Year>            <Month>05</Month>            <Day>01</Day>        </DateCompleted>        <DateRevised>            <Year>2007</Year>            <Month>03</Month>            <Day>19</Day>        </DateRevised>        <Article PubModel="Print">            <Journal>                <ISSN IssnType="Print">0036-8075</ISSN>                <JournalIssue CitedMedium="Print">                    <Volume>124</Volume>                    <Issue>3210</Issue>                    <PubDate>                        <Year>1956</Year>                        <Month>Jul</Month>                        <Day>6</Day>                    </PubDate>                </JournalIssue>                <Title>Science (New York, N.Y.)</Title>                <ISOAbbreviation>Science</ISOAbbreviation>            </Journal>            <ArticleTitle>Consistent biochemical pattern in malignant tumors.</ArticleTitle>            <Pagination>                <MedlinePgn>32-4</MedlinePgn>            </Pagination>            <AuthorList CompleteYN="Y">                <Author ValidYN="Y">                    <LastName>LAIRD</LastName>                    <ForeName>A K</ForeName>                    <Initials>AK</Initials>                </Author>                <Author ValidYN="Y">                    <LastName>BARTON</LastName>                    <ForeName>A D</ForeName>                    <Initials>AD</Initials>                </Author>            </AuthorList>            <Language>eng</Language>            <PublicationTypeList>                <PublicationType UI="D016428">Journal Article</PublicationType>            </PublicationTypeList>        </Article>        <MedlineJournalInfo>            <Country>Not Available</Country>            <MedlineTA>Science</MedlineTA>            <NlmUniqueID>0404511</NlmUniqueID>            <ISSNLinking>0036-8075</ISSNLinking>        </MedlineJournalInfo>        <CitationSubset>OM</CitationSubset>        <MeshHeadingList>            <MeshHeading>                <DescriptorName MajorTopicYN="N" UI="D009369">Neoplasms</DescriptorName>                <QualifierName MajorTopicYN="Y" UI="Q000378">metabolism</QualifierName>            </MeshHeading>        </MeshHeadingList>        <OtherID Source="CLML">5630:45828</OtherID>        <KeywordList Owner="NLM">            <Keyword MajorTopicYN="Y">NEOPLASMS/metabolism in</Keyword>        </KeywordList>    </MedlineCitation>    <PubmedData>        <History>            <PubMedPubDate PubStatus="pubmed">                <Year>1956</Year>                <Month>7</Month>                <Day>6</Day>            </PubMedPubDate>            <PubMedPubDate PubStatus="medline">                <Year>1956</Year>                <Month>7</Month>                <Day>6</Day>                <Hour>0</Hour>                <Minute>1</Minute>            </PubMedPubDate>            <PubMedPubDate PubStatus="entrez">                <Year>1956</Year>                <Month>7</Month>                <Day>6</Day>                <Hour>0</Hour>                <Minute>0</Minute>            </PubMedPubDate>        </History>        <PublicationStatus>ppublish</PublicationStatus>        <ArticleIdList>            <ArticleId IdType="pubmed">13337348</ArticleId>        </ArticleIdList>    </PubmedData></PubmedArticle><PubmedArticle>    <MedlineCitation Owner="NLM" Status="MEDLINE">        <PMID Version="1">13324155</PMID>        <DateCreated>            <Year>1956</Year>            <Month>12</Month>            <Day>01</Day>        </DateCreated>        <DateCompleted>            <Year>2003</Year>            <Month>05</Month>            <Day>01</Day>        </DateCompleted>        <DateRevised>            <Year>2007</Year>            <Month>03</Month>            <Day>19</Day>        </DateRevised>        <Article PubModel="Print">            <Journal>                <ISSN IssnType="Print">0036-8075</ISSN>                <JournalIssue CitedMedium="Print">                    <Volume>123</Volume>                    <Issue>3207</Issue>                    <PubDate>                        <Year>1956</Year>                        <Month>Jun</Month>                        <Day>15</Day>                    </PubDate>                </JournalIssue>                <Title>Science (New York, N.Y.)</Title>                <ISOAbbreviation>Science</ISOAbbreviation>            </Journal>            <ArticleTitle>Catheptic activity in tissues of tumor-bearing rats.</ArticleTitle>            <Pagination>                <MedlinePgn>1082</MedlinePgn>            </Pagination>            <AuthorList CompleteYN="Y">                <Author ValidYN="Y">                    <LastName>BABSON</LastName>                    <ForeName>A L</ForeName>                    <Initials>AL</Initials>                </Author>            </AuthorList>            <Language>eng</Language>            <PublicationTypeList>                <PublicationType UI="D016428">Journal Article</PublicationType>            </PublicationTypeList>        </Article>        <MedlineJournalInfo>            <Country>Not Available</Country>            <MedlineTA>Science</MedlineTA>            <NlmUniqueID>0404511</NlmUniqueID>            <ISSNLinking>0036-8075</ISSNLinking>        </MedlineJournalInfo>        <ChemicalList>            <Chemical>                <RegistryNumber>EC 3.4.-</RegistryNumber>                <NameOfSubstance UI="D010447">Peptide Hydrolases</NameOfSubstance>            </Chemical>        </ChemicalList>        <CitationSubset>OM</CitationSubset>        <MeshHeadingList>            <MeshHeading>                <DescriptorName MajorTopicYN="N" UI="D009369">Neoplasms</DescriptorName>                <QualifierName MajorTopicYN="Y" UI="Q000378">metabolism</QualifierName>            </MeshHeading>            <MeshHeading>                <DescriptorName MajorTopicYN="N" UI="D010447">Peptide Hydrolases</DescriptorName>                <QualifierName MajorTopicYN="Y" UI="Q000032">analysis</QualifierName>            </MeshHeading>        </MeshHeadingList>        <OtherID Source="CLML">5630:32492</OtherID>        <KeywordList Owner="NLM">            <Keyword MajorTopicYN="Y">NEOPLASMS/metabolism in</Keyword>            <Keyword MajorTopicYN="Y">PROTEASES/determination</Keyword>        </KeywordList>    </MedlineCitation>    <PubmedData>        <History>            <PubMedPubDate PubStatus="pubmed">                <Year>1956</Year>                <Month>6</Month>                <Day>15</Day>            </PubMedPubDate>            <PubMedPubDate PubStatus="medline">                <Year>1956</Year>                <Month>6</Month>                <Day>15</Day>                <Hour>0</Hour>                <Minute>1</Minute>            </PubMedPubDate>            <PubMedPubDate PubStatus="entrez">                <Year>1956</Year>                <Month>6</Month>                <Day>15</Day>                <Hour>0</Hour>                <Minute>0</Minute>            </PubMedPubDate>        </History>        <PublicationStatus>ppublish</PublicationStatus>        <ArticleIdList>            <ArticleId IdType="pubmed">13324155</ArticleId>        </ArticleIdList>    </PubmedData></PubmedArticle><PubmedArticle>    <MedlineCitation Owner="NLM" Status="MEDLINE">        <PMID Version="1">13324148</PMID>        <DateCreated>            <Year>1956</Year>            <Month>12</Month>            <Day>01</Day>        </DateCreated>        <DateCompleted>            <Year>2003</Year>            <Month>05</Month>            <Day>01</Day>        </DateCompleted>        <DateRevised>            <Year>2008</Year>            <Month>06</Month>            <Day>03</Day>        </DateRevised>        <Article PubModel="Print">            <Journal>                <ISSN IssnType="Print">0036-8075</ISSN>                <JournalIssue CitedMedium="Print">                    <Volume>123</Volume>                    <Issue>3207</Issue>                    <PubDate>                        <Year>1956</Year>                        <Month>Jun</Month>                        <Day>15</Day>                    </PubDate>                </JournalIssue>                <Title>Science (New York, N.Y.)</Title>                <ISOAbbreviation>Science</ISOAbbreviation>            </Journal>            <ArticleTitle>Suppression and modification of virus-induced Rous sarcoma in chicks by xerosin.</ArticleTitle>            <Pagination>                <MedlinePgn>1073-4</MedlinePgn>            </Pagination>            <AuthorList CompleteYN="Y">                <Author ValidYN="Y">                    <LastName>GROUPE</LastName>                    <ForeName>V</ForeName>                    <Initials>V</Initials>                </Author>                <Author ValidYN="Y">                    <LastName>RAUSCHER</LastName>                    <ForeName>F J</ForeName>                    <Initials>FJ</Initials>                </Author>                <Author ValidYN="Y">                    <LastName>BRYAN</LastName>                    <ForeName>W R</ForeName>                    <Initials>WR</Initials>                </Author>            </AuthorList>            <Language>eng</Language>            <PublicationTypeList>                <PublicationType UI="D016428">Journal Article</PublicationType>            </PublicationTypeList>        </Article>        <MedlineJournalInfo>            <Country>Not Available</Country>            <MedlineTA>Science</MedlineTA>            <NlmUniqueID>0404511</NlmUniqueID>            <ISSNLinking>0036-8075</ISSNLinking>        </MedlineJournalInfo>        <CitationSubset>OM</CitationSubset>        <MeshHeadingList>            <MeshHeading>                <DescriptorName MajorTopicYN="Y" UI="D042402">Achromobacter</DescriptorName>            </MeshHeading>            <MeshHeading>                <DescriptorName MajorTopicYN="Y" UI="D012513">Sarcoma, Experimental</DescriptorName>            </MeshHeading>        </MeshHeadingList>        <OtherID Source="CLML">5630:32485</OtherID>        <KeywordList Owner="NLM">            <Keyword MajorTopicYN="Y">ACHROMOBACTER</Keyword>            <Keyword MajorTopicYN="Y">SARCOMA/experimental</Keyword>        </KeywordList>    </MedlineCitation>    <PubmedData>        <History>            <PubMedPubDate PubStatus="pubmed">                <Year>1956</Year>                <Month>6</Month>                <Day>15</Day>            </PubMedPubDate>            <PubMedPubDate PubStatus="medline">                <Year>1956</Year>                <Month>6</Month>                <Day>15</Day>                <Hour>0</Hour>                <Minute>1</Minute>            </PubMedPubDate>            <PubMedPubDate PubStatus="entrez">                <Year>1956</Year>                <Month>6</Month>                <Day>15</Day>                <Hour>0</Hour>                <Minute>0</Minute>            </PubMedPubDate>        </History>        <PublicationStatus>ppublish</PublicationStatus>        <ArticleIdList>            <ArticleId IdType="pubmed">13324148</ArticleId>        </ArticleIdList>    </PubmedData></PubmedArticle><PubmedArticle>    <MedlineCitation Owner="NLM" Status="MEDLINE">        <PMID Version="1">13324127</PMID>        <DateCreated>            <Year>1956</Year>            <Month>12</Month>            <Day>01</Day>        </DateCreated>        <DateCompleted>            <Year>2003</Year>            <Month>05</Month>            <Day>01</Day>        </DateCompleted>        <DateRevised>            <Year>2013</Year>            <Month>11</Month>            <Day>21</Day>        </DateRevised>        <Article PubModel="Print">            <Journal>                <ISSN IssnType="Print">0036-8075</ISSN>                <JournalIssue CitedMedium="Print">                    <Volume>123</Volume>                    <Issue>3205</Issue>                    <PubDate>                        <Year>1956</Year>                        <Month>Jun</Month>                        <Day>1</Day>                    </PubDate>                </JournalIssue>                <Title>Science (New York, N.Y.)</Title>                <ISOAbbreviation>Science</ISOAbbreviation>            </Journal>            <ArticleTitle>Action of p-[di(2-chloroethyl)]-amino-l-phenylalanine on Harding-Passey mouse melanoma.</ArticleTitle>            <Pagination>                <MedlinePgn>984-5</MedlinePgn>            </Pagination>            <AuthorList CompleteYN="Y">                <Author ValidYN="Y">                    <LastName>LUCK</LastName>                    <ForeName>J M</ForeName>                    <Initials>JM</Initials>                </Author>            </AuthorList>            <Language>eng</Language>            <PublicationTypeList>                <PublicationType UI="D016428">Journal Article</PublicationType>            </PublicationTypeList>        </Article>        <MedlineJournalInfo>            <Country>Not Available</Country>            <MedlineTA>Science</MedlineTA>            <NlmUniqueID>0404511</NlmUniqueID>            <ISSNLinking>0036-8075</ISSNLinking>        </MedlineJournalInfo>        <ChemicalList>            <Chemical>                <RegistryNumber>47E5O17Y3R</RegistryNumber>                <NameOfSubstance UI="D010649">Phenylalanine</NameOfSubstance>            </Chemical>        </ChemicalList>        <CitationSubset>OM</CitationSubset>        <MeshHeadingList>            <MeshHeading>                <DescriptorName MajorTopicYN="Y" UI="D008546">Melanoma, Experimental</DescriptorName>            </MeshHeading>            <MeshHeading>                <DescriptorName MajorTopicYN="Y" UI="D009374">Neoplasms, Experimental</DescriptorName>            </MeshHeading>            <MeshHeading>                <DescriptorName MajorTopicYN="N" UI="D010649">Phenylalanine</DescriptorName>                <QualifierName MajorTopicYN="Y" UI="Q000031">analogs &amp; derivatives</QualifierName>            </MeshHeading>        </MeshHeadingList>        <OtherID Source="CLML">5630:32464</OtherID>        <KeywordList Owner="NLM">            <Keyword MajorTopicYN="Y">MELANOMA/experimental</Keyword>            <Keyword MajorTopicYN="Y">NEOPLASMS/experimental</Keyword>            <Keyword MajorTopicYN="Y">PHENYLALANINE/derivatives</Keyword>        </KeywordList>    </MedlineCitation>    <PubmedData>        <History>            <PubMedPubDate PubStatus="pubmed">                <Year>1956</Year>                <Month>6</Month>                <Day>1</Day>            </PubMedPubDate>            <PubMedPubDate PubStatus="medline">                <Year>1956</Year>                <Month>6</Month>                <Day>1</Day>                <Hour>0</Hour>                <Minute>1</Minute>            </PubMedPubDate>            <PubMedPubDate PubStatus="entrez">                <Year>1956</Year>                <Month>6</Month>                <Day>1</Day>                <Hour>0</Hour>                <Minute>0</Minute>            </PubMedPubDate>        </History>        <PublicationStatus>ppublish</PublicationStatus>        <ArticleIdList>            <ArticleId IdType="pubmed">13324127</ArticleId>        </ArticleIdList>    </PubmedData></PubmedArticle><PubmedArticle>    <MedlineCitation Owner="NLM" Status="OLDMEDLINE">        <PMID Version="1">13324102</PMID>        <DateCreated>            <Year>1956</Year>            <Month>12</Month>            <Day>01</Day>        </DateCreated>        <DateCompleted>            <Year>2003</Year>            <Month>05</Month>            <Day>01</Day>        </DateCompleted>        <DateRevised>            <Year>2008</Year>            <Month>06</Month>            <Day>03</Day>        </DateRevised>        <Article PubModel="Print">            <Journal>                <ISSN IssnType="Print">0036-8075</ISSN>                <JournalIssue CitedMedium="Print">                    <Volume>123</Volume>                    <Issue>3202</Issue>                    <PubDate>                        <Year>1956</Year>                        <Month>May</Month>                        <Day>11</Day>                    </PubDate>                </JournalIssue>                <Title>Science (New York, N.Y.)</Title>                <ISOAbbreviation>Science</ISOAbbreviation>            </Journal>            <ArticleTitle>Studies on 4APP: antineoplastic action in vitro.</ArticleTitle>            <Pagination>                <MedlinePgn>848-9</MedlinePgn>            </Pagination>            <AuthorList CompleteYN="Y">                <Author ValidYN="Y">                    <LastName>HSU</LastName>                    <ForeName>T C</ForeName>                    <Initials>TC</Initials>                </Author>                <Author ValidYN="Y">                    <LastName>ROBINS</LastName>                    <ForeName>R K</ForeName>                    <Initials>RK</Initials>                </Author>                <Author ValidYN="Y">                    <LastName>CHENG</LastName>                    <ForeName>C C</ForeName>                    <Initials>CC</Initials>                </Author>            </AuthorList>            <Language>eng</Language>            <PublicationTypeList>                <PublicationType UI="D016428">Journal Article</PublicationType>            </PublicationTypeList>        </Article>        <MedlineJournalInfo>            <Country>Not Available</Country>            <MedlineTA>Science</MedlineTA>            <NlmUniqueID>0404511</NlmUniqueID>            <ISSNLinking>0036-8075</ISSNLinking>        </MedlineJournalInfo>        <CitationSubset>OM</CitationSubset>        <MeshHeadingList>            <MeshHeading>                <DescriptorName MajorTopicYN="Y" UI="D009374">Neoplasms, Experimental</DescriptorName>            </MeshHeading>        </MeshHeadingList>        <OtherID Source="CLML">5630:32439</OtherID>        <KeywordList Owner="NLM">            <Keyword MajorTopicYN="Y">NEOPLASMS/experimental</Keyword>            <Keyword MajorTopicYN="Y">PYRIMIDINES/effects</Keyword>        </KeywordList>    </MedlineCitation>    <PubmedData>        <History>            <PubMedPubDate PubStatus="pubmed">                <Year>1956</Year>                <Month>5</Month>                <Day>11</Day>            </PubMedPubDate>            <PubMedPubDate PubStatus="medline">                <Year>1956</Year>                <Month>5</Month>                <Day>11</Day>                <Hour>0</Hour>                <Minute>1</Minute>            </PubMedPubDate>            <PubMedPubDate PubStatus="entrez">                <Year>1956</Year>                <Month>5</Month>                <Day>11</Day>                <Hour>0</Hour>                <Minute>0</Minute>            </PubMedPubDate>        </History>        <PublicationStatus>ppublish</PublicationStatus>        <ArticleIdList>            <ArticleId IdType="pubmed">13324102</ArticleId>        </ArticleIdList>    </PubmedData></PubmedArticle><PubmedArticle>    <MedlineCitation Owner="NLM" Status="MEDLINE">        <PMID Version="1">13324100</PMID>        <DateCreated>            <Year>1956</Year>            <Month>12</Month>            <Day>01</Day>        </DateCreated>        <DateCompleted>            <Year>2003</Year>            <Month>05</Month>            <Day>01</Day>        </DateCompleted>        <DateRevised>            <Year>2011</Year>            <Month>09</Month>            <Day>28</Day>        </DateRevised>        <Article PubModel="Print">            <Journal>                <ISSN IssnType="Print">0036-8075</ISSN>                <JournalIssue CitedMedium="Print">                    <Volume>123</Volume>                    <Issue>3202</Issue>                    <PubDate>                        <Year>1956</Year>                        <Month>May</Month>                        <Day>11</Day>                    </PubDate>                </JournalIssue>                <Title>Science (New York, N.Y.)</Title>                <ISOAbbreviation>Science</ISOAbbreviation>            </Journal>            <ArticleTitle>Myo-inositol as an essential growth factor for normal and malignant human cells in tissue culture.</ArticleTitle>            <Pagination>                <MedlinePgn>845-7</MedlinePgn>            </Pagination>            <AuthorList CompleteYN="Y">                <Author ValidYN="Y">                    <LastName>EAGLE</LastName>                    <ForeName>H</ForeName>                    <Initials>H</Initials>                </Author>                <Author ValidYN="Y">                    <LastName>OYAMA</LastName>                    <ForeName>V I</ForeName>                    <Initials>VI</Initials>                </Author>                <Author ValidYN="Y">                    <LastName>LEVY</LastName>                    <ForeName>M</ForeName>                    <Initials>M</Initials>                </Author>                <Author ValidYN="Y">                    <LastName>FREEMAN</LastName>                    <ForeName>A</ForeName>                    <Initials>A</Initials>                </Author>            </AuthorList>            <Language>eng</Language>            <PublicationTypeList>                <PublicationType UI="D016428">Journal Article</PublicationType>            </PublicationTypeList>        </Article>        <MedlineJournalInfo>            <Country>Not Available</Country>            <MedlineTA>Science</MedlineTA>            <NlmUniqueID>0404511</NlmUniqueID>            <ISSNLinking>0036-8075</ISSNLinking>        </MedlineJournalInfo>        <CitationSubset>OM</CitationSubset>        <MeshHeadingList>            <MeshHeading>                <DescriptorName MajorTopicYN="N" UI="D009369">Neoplasms</DescriptorName>                <QualifierName MajorTopicYN="Y" UI="Q000378">metabolism</QualifierName>            </MeshHeading>            <MeshHeading>                <DescriptorName MajorTopicYN="Y" UI="D046509">Tissue Culture Techniques</DescriptorName>            </MeshHeading>        </MeshHeadingList>        <OtherID Source="CLML">5630:32437</OtherID>        <KeywordList Owner="NLM">            <Keyword MajorTopicYN="Y">NEOPLASMS/metabolism in</Keyword>            <Keyword MajorTopicYN="Y">TISSUE CULTURE</Keyword>        </KeywordList>    </MedlineCitation>    <PubmedData>        <History>            <PubMedPubDate PubStatus="pubmed">                <Year>1956</Year>                <Month>5</Month>                <Day>11</Day>            </PubMedPubDate>            <PubMedPubDate PubStatus="medline">                <Year>1956</Year>                <Month>5</Month>                <Day>11</Day>                <Hour>0</Hour>                <Minute>1</Minute>            </PubMedPubDate>            <PubMedPubDate PubStatus="entrez">                <Year>1956</Year>                <Month>5</Month>                <Day>11</Day>                <Hour>0</Hour>                <Minute>0</Minute>            </PubMedPubDate>        </History>        <PublicationStatus>ppublish</PublicationStatus>        <ArticleIdList>            <ArticleId IdType="pubmed">13324100</ArticleId>        </ArticleIdList>    </PubmedData></PubmedArticle><PubmedArticle>    <MedlineCitation Owner="NLM" Status="MEDLINE">        <PMID Version="1">13324094</PMID>        <DateCreated>            <Year>1956</Year>            <Month>12</Month>            <Day>01</Day>        </DateCreated>        <DateCompleted>            <Year>2003</Year>            <Month>05</Month>            <Day>01</Day>        </DateCompleted>        <DateRevised>            <Year>2008</Year>            <Month>06</Month>            <Day>03</Day>        </DateRevised>        <Article PubModel="Print">            <Journal>                <ISSN IssnType="Print">0036-8075</ISSN>                <JournalIssue CitedMedium="Print">                    <Volume>123</Volume>                    <Issue>3202</Issue>                    <PubDate>                        <Year>1956</Year>                        <Month>May</Month>                        <Day>11</Day>                    </PubDate>                </JournalIssue>                <Title>Science (New York, N.Y.)</Title>                <ISOAbbreviation>Science</ISOAbbreviation>            </Journal>            <ArticleTitle>Natural selection associated with the ABO blood group.</ArticleTitle>            <Pagination>                <MedlinePgn>840-1</MedlinePgn>            </Pagination>            <AuthorList CompleteYN="Y">                <Author ValidYN="Y">                    <LastName>BUCKWALTER</LastName>                    <ForeName>J A</ForeName>                    <Initials>JA</Initials>                </Author>                <Author ValidYN="Y">                    <LastName>WOHLWEND</LastName>                    <ForeName>E B</ForeName>                    <Initials>EB</Initials>                </Author>                <Author ValidYN="Y">                    <LastName>COLTER</LastName>                    <ForeName>D C</ForeName>                    <Initials>DC</Initials>                </Author>                <Author ValidYN="Y">                    <LastName>TIDRICK</LastName>                    <ForeName>R T</ForeName>                    <Initials>RT</Initials>                </Author>            </AuthorList>            <Language>eng</Language>            <PublicationTypeList>                <PublicationType UI="D016428">Journal Article</PublicationType>            </PublicationTypeList>        </Article>        <MedlineJournalInfo>            <Country>Not Available</Country>            <MedlineTA>Science</MedlineTA>            <NlmUniqueID>0404511</NlmUniqueID>            <ISSNLinking>0036-8075</ISSNLinking>        </MedlineJournalInfo>        <ChemicalList>            <Chemical>                <RegistryNumber>0</RegistryNumber>                <NameOfSubstance UI="D001789">Blood Group Antigens</NameOfSubstance>            </Chemical>        </ChemicalList>        <CitationSubset>OM</CitationSubset>        <MeshHeadingList>            <MeshHeading>                <DescriptorName MajorTopicYN="Y" UI="D001789">Blood Group Antigens</DescriptorName>            </MeshHeading>            <MeshHeading>                <DescriptorName MajorTopicYN="N" UI="D010437">Peptic Ulcer</DescriptorName>                <QualifierName MajorTopicYN="Y" UI="Q000097">blood</QualifierName>            </MeshHeading>            <MeshHeading>                <DescriptorName MajorTopicYN="Y" UI="D013274">Stomach Neoplasms</DescriptorName>            </MeshHeading>        </MeshHeadingList>        <OtherID Source="CLML">5630:32431</OtherID>        <KeywordList Owner="NLM">            <Keyword MajorTopicYN="Y">BLOOD GROUPS</Keyword>            <Keyword MajorTopicYN="Y">PEPTIC ULCER/blood in</Keyword>            <Keyword MajorTopicYN="Y">STOMACH/neoplasms</Keyword>        </KeywordList>    </MedlineCitation>    <PubmedData>        <History>            <PubMedPubDate PubStatus="pubmed">                <Year>1956</Year>                <Month>5</Month>                <Day>11</Day>            </PubMedPubDate>            <PubMedPubDate PubStatus="medline">                <Year>1956</Year>                <Month>5</Month>                <Day>11</Day>                <Hour>0</Hour>                <Minute>1</Minute>            </PubMedPubDate>            <PubMedPubDate PubStatus="entrez">                <Year>1956</Year>                <Month>5</Month>                <Day>11</Day>                <Hour>0</Hour>                <Minute>0</Minute>            </PubMedPubDate>        </History>        <PublicationStatus>ppublish</PublicationStatus>        <ArticleIdList>            <ArticleId IdType="pubmed">13324094</ArticleId>        </ArticleIdList>    </PubmedData></PubmedArticle></PubmedArticleSet>