<?xml version="1.0"?><!DOCTYPE PubmedArticleSet PUBLIC "-//NLM//DTD PubMedArticle, 1st January 2015//EN" "http://www.ncbi.nlm.nih.gov/corehtml/query/DTD/pubmed_150101.dtd"><PubmedArticleSet><PubmedArticle>    <MedlineCitation Owner="NLM" Status="MEDLINE">        <PMID Version="1">14913141</PMID>        <DateCreated>            <Year>1952</Year>            <Month>12</Month>            <Day>01</Day>        </DateCreated>        <DateCompleted>            <Year>2004</Year>            <Month>02</Month>            <Day>15</Day>        </DateCompleted>        <DateRevised>            <Year>2008</Year>            <Month>06</Month>            <Day>03</Day>        </DateRevised>        <Article PubModel="Print">            <Journal>                <ISSN IssnType="Print">0036-8075</ISSN>                <JournalIssue CitedMedium="Print">                    <Volume>114</Volume>                    <Issue>2974</Issue>                    <PubDate>                        <Year>1951</Year>                        <Month>Dec</Month>                        <Day>28</Day>                    </PubDate>                </JournalIssue>                <Title>Science (New York, N.Y.)</Title>                <ISOAbbreviation>Science</ISOAbbreviation>            </Journal>            <ArticleTitle>The beta-glucuronidase activity of chemically induced rat hepatoma.</ArticleTitle>            <Pagination>                <MedlinePgn>690-2</MedlinePgn>            </Pagination>            <AuthorList CompleteYN="Y">                <Author ValidYN="Y">                    <LastName>MILLS</LastName>                    <ForeName>G T</ForeName>                    <Initials>GT</Initials>                </Author>                <Author ValidYN="Y">                    <LastName>SMITH</LastName>                    <ForeName>E E B</ForeName>                    <Initials>EE</Initials>                </Author>            </AuthorList>            <Language>eng</Language>            <PublicationTypeList>                <PublicationType UI="D016428">Journal Article</PublicationType>            </PublicationTypeList>        </Article>        <MedlineJournalInfo>            <Country>Not Available</Country>            <MedlineTA>Science</MedlineTA>            <NlmUniqueID>0404511</NlmUniqueID>            <ISSNLinking>0036-8075</ISSNLinking>        </MedlineJournalInfo>        <ChemicalList>            <Chemical>                <RegistryNumber>EC 3.2.1.31</RegistryNumber>                <NameOfSubstance UI="D005966">Glucuronidase</NameOfSubstance>            </Chemical>        </ChemicalList>        <CitationSubset>OM</CitationSubset>        <MeshHeadingList>            <MeshHeading>                <DescriptorName MajorTopicYN="N" UI="D005966">Glucuronidase</DescriptorName>                <QualifierName MajorTopicYN="Y" UI="Q000378">metabolism</QualifierName>            </MeshHeading>            <MeshHeading>                <DescriptorName MajorTopicYN="Y" UI="D008114">Liver Neoplasms, Experimental</DescriptorName>            </MeshHeading>        </MeshHeadingList>        <OtherID Source="CLML">5221:43733:155:169</OtherID>        <KeywordList Owner="NLM">            <Keyword MajorTopicYN="Y">GLUCURONIDASES/metabolism</Keyword>            <Keyword MajorTopicYN="Y">HEPATOMA/experimental</Keyword>        </KeywordList>    </MedlineCitation>    <PubmedData>        <History>            <PubMedPubDate PubStatus="pubmed">                <Year>1951</Year>                <Month>12</Month>                <Day>28</Day>            </PubMedPubDate>            <PubMedPubDate PubStatus="medline">                <Year>1951</Year>                <Month>12</Month>                <Day>28</Day>                <Hour>0</Hour>                <Minute>1</Minute>            </PubMedPubDate>            <PubMedPubDate PubStatus="entrez">                <Year>1951</Year>                <Month>12</Month>                <Day>28</Day>                <Hour>0</Hour>                <Minute>0</Minute>            </PubMedPubDate>        </History>        <PublicationStatus>ppublish</PublicationStatus>        <ArticleIdList>            <ArticleId IdType="pubmed">14913141</ArticleId>        </ArticleIdList>    </PubmedData></PubmedArticle><PubmedArticle>    <MedlineCitation Owner="NLM" Status="MEDLINE">        <PMID Version="1">14913128</PMID>        <DateCreated>            <Year>1952</Year>            <Month>12</Month>            <Day>01</Day>        </DateCreated>        <DateCompleted>            <Year>2004</Year>            <Month>02</Month>            <Day>15</Day>        </DateCompleted>        <DateRevised>            <Year>2008</Year>            <Month>06</Month>            <Day>03</Day>        </DateRevised>        <Article PubModel="Print">            <Journal>                <ISSN IssnType="Print">0036-8075</ISSN>                <JournalIssue CitedMedium="Print">                    <Volume>114</Volume>                    <Issue>2972</Issue>                    <PubDate>                        <Year>1951</Year>                        <Month>Dec</Month>                        <Day>14</Day>                    </PubDate>                </JournalIssue>                <Title>Science (New York, N.Y.)</Title>                <ISOAbbreviation>Science</ISOAbbreviation>            </Journal>            <ArticleTitle>Multiplication of Rickettsia tsutsugamushi and ornithosis virus in transplantable mouse tumors.</ArticleTitle>            <Pagination>                <MedlinePgn>640-1</MedlinePgn>            </Pagination>            <AuthorList CompleteYN="Y">                <Author ValidYN="Y">                    <LastName>KUWATA</LastName>                    <ForeName>T</ForeName>                    <Initials>T</Initials>                </Author>            </AuthorList>            <Language>eng</Language>            <PublicationTypeList>                <PublicationType UI="D016428">Journal Article</PublicationType>            </PublicationTypeList>        </Article>        <MedlineJournalInfo>            <Country>Not Available</Country>            <MedlineTA>Science</MedlineTA>            <NlmUniqueID>0404511</NlmUniqueID>            <ISSNLinking>0036-8075</ISSNLinking>        </MedlineJournalInfo>        <CitationSubset>OM</CitationSubset>        <MeshHeadingList>            <MeshHeading>                <DescriptorName MajorTopicYN="Y" UI="D008099">Liver</DescriptorName>            </MeshHeading>            <MeshHeading>                <DescriptorName MajorTopicYN="Y" UI="D009374">Neoplasms, Experimental</DescriptorName>            </MeshHeading>            <MeshHeading>                <DescriptorName MajorTopicYN="Y" UI="D012285">Orientia tsutsugamushi</DescriptorName>            </MeshHeading>            <MeshHeading>                <DescriptorName MajorTopicYN="Y" UI="D009956">Psittacosis</DescriptorName>            </MeshHeading>        </MeshHeadingList>        <OtherID Source="CLML">5221:43720:213:252:266:329</OtherID>        <KeywordList Owner="NLM">            <Keyword MajorTopicYN="Y">LIVER</Keyword>            <Keyword MajorTopicYN="Y">NEOPLASMS/experimental</Keyword>            <Keyword MajorTopicYN="Y">ORNITHOSIS</Keyword>            <Keyword MajorTopicYN="Y">RICKETTSIA TSUTSUGAMUSHI</Keyword>        </KeywordList>    </MedlineCitation>    <PubmedData>        <History>            <PubMedPubDate PubStatus="pubmed">                <Year>1951</Year>                <Month>12</Month>                <Day>14</Day>            </PubMedPubDate>            <PubMedPubDate PubStatus="medline">                <Year>1951</Year>                <Month>12</Month>                <Day>14</Day>                <Hour>0</Hour>                <Minute>1</Minute>            </PubMedPubDate>            <PubMedPubDate PubStatus="entrez">                <Year>1951</Year>                <Month>12</Month>                <Day>14</Day>                <Hour>0</Hour>                <Minute>0</Minute>            </PubMedPubDate>        </History>        <PublicationStatus>ppublish</PublicationStatus>        <ArticleIdList>            <ArticleId IdType="pubmed">14913128</ArticleId>        </ArticleIdList>    </PubmedData></PubmedArticle><PubmedArticle>    <MedlineCitation Owner="NLM" Status="MEDLINE">        <PMID Version="1">14901024</PMID>        <DateCreated>            <Year>1952</Year>            <Month>12</Month>            <Day>01</Day>        </DateCreated>        <DateCompleted>            <Year>2004</Year>            <Month>02</Month>            <Day>15</Day>        </DateCompleted>        <DateRevised>            <Year>2008</Year>            <Month>06</Month>            <Day>03</Day>        </DateRevised>        <Article PubModel="Print">            <Journal>                <ISSN IssnType="Print">0036-8075</ISSN>                <JournalIssue CitedMedium="Print">                    <Volume>114</Volume>                    <Issue>2970</Issue>                    <PubDate>                        <Year>1951</Year>                        <Month>Nov</Month>                        <Day>30</Day>                    </PubDate>                </JournalIssue>                <Title>Science (New York, N.Y.)</Title>                <ISOAbbreviation>Science</ISOAbbreviation>            </Journal>            <ArticleTitle>Progressive tumor resistance in successive generations of inbred immunized rats.</ArticleTitle>            <Pagination>                <MedlinePgn>577-9</MedlinePgn>            </Pagination>            <AuthorList CompleteYN="Y">                <Author ValidYN="Y">                    <LastName>APTEKMAN</LastName>                    <ForeName>P M</ForeName>                    <Initials>PM</Initials>                </Author>                <Author ValidYN="Y">                    <LastName>LEWIS</LastName>                    <ForeName>M R</ForeName>                    <Initials>MR</Initials>                </Author>            </AuthorList>            <Language>eng</Language>            <PublicationTypeList>                <PublicationType UI="D016428">Journal Article</PublicationType>            </PublicationTypeList>        </Article>        <MedlineJournalInfo>            <Country>Not Available</Country>            <MedlineTA>Science</MedlineTA>            <NlmUniqueID>0404511</NlmUniqueID>            <ISSNLinking>0036-8075</ISSNLinking>        </MedlineJournalInfo>        <CitationSubset>OM</CitationSubset>        <MeshHeadingList>            <MeshHeading>                <DescriptorName MajorTopicYN="Y" UI="D009374">Neoplasms, Experimental</DescriptorName>            </MeshHeading>        </MeshHeadingList>        <OtherID Source="CLML">5221:31533:252</OtherID>        <KeywordList Owner="NLM">            <Keyword MajorTopicYN="Y">NEOPLASMS/experimental</Keyword>        </KeywordList>    </MedlineCitation>    <PubmedData>        <History>            <PubMedPubDate PubStatus="pubmed">                <Year>1951</Year>                <Month>11</Month>                <Day>30</Day>            </PubMedPubDate>            <PubMedPubDate PubStatus="medline">                <Year>1951</Year>                <Month>11</Month>                <Day>30</Day>                <Hour>0</Hour>                <Minute>1</Minute>            </PubMedPubDate>            <PubMedPubDate PubStatus="entrez">                <Year>1951</Year>                <Month>11</Month>                <Day>30</Day>                <Hour>0</Hour>                <Minute>0</Minute>            </PubMedPubDate>        </History>        <PublicationStatus>ppublish</PublicationStatus>        <ArticleIdList>            <ArticleId IdType="pubmed">14901024</ArticleId>        </ArticleIdList>    </PubmedData></PubmedArticle><PubmedArticle>    <MedlineCitation Owner="NLM" Status="MEDLINE">        <PMID Version="1">14892778</PMID>        <DateCreated>            <Year>1952</Year>            <Month>12</Month>            <Day>01</Day>        </DateCreated>        <DateCompleted>            <Year>2004</Year>            <Month>02</Month>            <Day>15</Day>        </DateCompleted>        <DateRevised>            <Year>2013</Year>            <Month>11</Month>            <Day>21</Day>        </DateRevised>        <Article PubModel="Print">            <Journal>                <ISSN IssnType="Print">0036-8075</ISSN>                <JournalIssue CitedMedium="Print">                    <Volume>114</Volume>                    <Issue>2967</Issue>                    <PubDate>                        <Year>1951</Year>                        <Month>Nov</Month>                        <Day>9</Day>                    </PubDate>                </JournalIssue>                <Title>Science (New York, N.Y.)</Title>                <ISOAbbreviation>Science</ISOAbbreviation>            </Journal>            <ArticleTitle>An elevated excretion of creatine associated with leukemia in mice.</ArticleTitle>            <Pagination>                <MedlinePgn>502-3</MedlinePgn>            </Pagination>            <AuthorList CompleteYN="Y">                <Author ValidYN="Y">                    <LastName>DINNING</LastName>                    <ForeName>J S</ForeName>                    <Initials>JS</Initials>                </Author>                <Author ValidYN="Y">                    <LastName>SEAGER</LastName>                    <ForeName>L D</ForeName>                    <Initials>LD</Initials>                </Author>            </AuthorList>            <Language>eng</Language>            <PublicationTypeList>                <PublicationType UI="D016428">Journal Article</PublicationType>            </PublicationTypeList>        </Article>        <MedlineJournalInfo>            <Country>Not Available</Country>            <MedlineTA>Science</MedlineTA>            <NlmUniqueID>0404511</NlmUniqueID>            <ISSNLinking>0036-8075</ISSNLinking>        </MedlineJournalInfo>        <ChemicalList>            <Chemical>                <RegistryNumber>MU72812GK0</RegistryNumber>                <NameOfSubstance UI="D003401">Creatine</NameOfSubstance>            </Chemical>        </ChemicalList>        <CitationSubset>OM</CitationSubset>        <MeshHeadingList>            <MeshHeading>                <DescriptorName MajorTopicYN="N" UI="D003401">Creatine</DescriptorName>                <QualifierName MajorTopicYN="Y" UI="Q000652">urine</QualifierName>            </MeshHeading>            <MeshHeading>                <DescriptorName MajorTopicYN="Y" UI="D007942">Leukemia, Experimental</DescriptorName>            </MeshHeading>        </MeshHeadingList>        <OtherID Source="CLML">5221:23153:100:210</OtherID>        <KeywordList Owner="NLM">            <Keyword MajorTopicYN="Y">CREATINE/in urine</Keyword>            <Keyword MajorTopicYN="Y">LEUKEMIA/experimental</Keyword>        </KeywordList>    </MedlineCitation>    <PubmedData>        <History>            <PubMedPubDate PubStatus="pubmed">                <Year>1951</Year>                <Month>11</Month>                <Day>9</Day>            </PubMedPubDate>            <PubMedPubDate PubStatus="medline">                <Year>1951</Year>                <Month>11</Month>                <Day>9</Day>                <Hour>0</Hour>                <Minute>1</Minute>            </PubMedPubDate>            <PubMedPubDate PubStatus="entrez">                <Year>1951</Year>                <Month>11</Month>                <Day>9</Day>                <Hour>0</Hour>                <Minute>0</Minute>            </PubMedPubDate>        </History>        <PublicationStatus>ppublish</PublicationStatus>        <ArticleIdList>            <ArticleId IdType="pubmed">14892778</ArticleId>        </ArticleIdList>    </PubmedData></PubmedArticle><PubmedArticle>    <MedlineCitation Owner="NLM" Status="OLDMEDLINE">        <PMID Version="1">14892771</PMID>        <DateCreated>            <Year>1952</Year>            <Month>12</Month>            <Day>01</Day>        </DateCreated>        <DateCompleted>            <Year>2004</Year>            <Month>02</Month>            <Day>15</Day>        </DateCompleted>        <DateRevised>            <Year>2008</Year>            <Month>06</Month>            <Day>03</Day>        </DateRevised>        <Article PubModel="Print">            <Journal>                <ISSN IssnType="Print">0036-8075</ISSN>                <JournalIssue CitedMedium="Print">                    <Volume>114</Volume>                    <Issue>2967</Issue>                    <PubDate>                        <Year>1951</Year>                        <Month>Nov</Month>                        <Day>9</Day>                    </PubDate>                </JournalIssue>                <Title>Science (New York, N.Y.)</Title>                <ISOAbbreviation>Science</ISOAbbreviation>            </Journal>            <ArticleTitle>Influence of diethylstilbestrol on Drosophila melanogaster tumors.</ArticleTitle>            <Pagination>                <MedlinePgn>492-3</MedlinePgn>            </Pagination>            <AuthorList CompleteYN="Y">                <Author ValidYN="Y">                    <LastName>BRNCIC</LastName>                    <ForeName>D</ForeName>                    <Initials>D</Initials>                </Author>                <Author ValidYN="Y">                    <LastName>KOREF</LastName>                    <ForeName>S</ForeName>                    <Initials>S</Initials>                </Author>            </AuthorList>            <Language>eng</Language>            <PublicationTypeList>                <PublicationType UI="D016428">Journal Article</PublicationType>            </PublicationTypeList>        </Article>        <MedlineJournalInfo>            <Country>Not Available</Country>            <MedlineTA>Science</MedlineTA>            <NlmUniqueID>0404511</NlmUniqueID>            <ISSNLinking>0036-8075</ISSNLinking>        </MedlineJournalInfo>        <CitationSubset>OM</CitationSubset>        <MeshHeadingList>            <MeshHeading>                <DescriptorName MajorTopicYN="Y" UI="D009374">Neoplasms, Experimental</DescriptorName>            </MeshHeading>        </MeshHeadingList>        <OtherID Source="CLML">5221:23146:252:355</OtherID>        <KeywordList Owner="NLM">            <Keyword MajorTopicYN="Y">NEOPLASMS/experimental</Keyword>            <Keyword MajorTopicYN="Y">STILBESTROL/effects</Keyword>        </KeywordList>    </MedlineCitation>    <PubmedData>        <History>            <PubMedPubDate PubStatus="pubmed">                <Year>1951</Year>                <Month>11</Month>                <Day>9</Day>            </PubMedPubDate>            <PubMedPubDate PubStatus="medline">                <Year>1951</Year>                <Month>11</Month>                <Day>9</Day>                <Hour>0</Hour>                <Minute>1</Minute>            </PubMedPubDate>            <PubMedPubDate PubStatus="entrez">                <Year>1951</Year>                <Month>11</Month>                <Day>9</Day>                <Hour>0</Hour>                <Minute>0</Minute>            </PubMedPubDate>        </History>        <PublicationStatus>ppublish</PublicationStatus>        <ArticleIdList>            <ArticleId IdType="pubmed">14892771</ArticleId>        </ArticleIdList>    </PubmedData></PubmedArticle><PubmedArticle>    <MedlineCitation Owner="NLM" Status="MEDLINE">        <PMID Version="1">14892748</PMID>        <DateCreated>            <Year>1952</Year>            <Month>12</Month>            <Day>01</Day>        </DateCreated>        <DateCompleted>            <Year>2004</Year>            <Month>02</Month>            <Day>15</Day>        </DateCompleted>        <DateRevised>            <Year>2007</Year>            <Month>03</Month>            <Day>19</Day>        </DateRevised>        <Article PubModel="Print">            <Journal>                <ISSN IssnType="Print">0036-8075</ISSN>                <JournalIssue CitedMedium="Print">                    <Volume>114</Volume>                    <Issue>2964</Issue>                    <PubDate>                        <Year>1951</Year>                        <Month>Oct</Month>                        <Day>19</Day>                    </PubDate>                </JournalIssue>                <Title>Science (New York, N.Y.)</Title>                <ISOAbbreviation>Science</ISOAbbreviation>            </Journal>            <ArticleTitle>The rate of mutation of the gene responsible for retinoblastoma in man.</ArticleTitle>            <Pagination>                <MedlinePgn>419-22</MedlinePgn>            </Pagination>            <AuthorList CompleteYN="Y">                <Author ValidYN="Y">                    <LastName>NEEL</LastName>                    <ForeName>J V</ForeName>                    <Initials>JV</Initials>                </Author>                <Author ValidYN="Y">                    <LastName>FALLS</LastName>                    <ForeName>H F</ForeName>                    <Initials>HF</Initials>                </Author>            </AuthorList>            <Language>eng</Language>            <PublicationTypeList>                <PublicationType UI="D016428">Journal Article</PublicationType>            </PublicationTypeList>        </Article>        <MedlineJournalInfo>            <Country>Not Available</Country>            <MedlineTA>Science</MedlineTA>            <NlmUniqueID>0404511</NlmUniqueID>            <ISSNLinking>0036-8075</ISSNLinking>        </MedlineJournalInfo>        <CitationSubset>OM</CitationSubset>        <MeshHeadingList>            <MeshHeading>                <DescriptorName MajorTopicYN="Y" UI="D002875">Chromosomes</DescriptorName>            </MeshHeading>            <MeshHeading>                <DescriptorName MajorTopicYN="Y" UI="D018241">Neuroectodermal Tumors, Primitive, Peripheral</DescriptorName>            </MeshHeading>        </MeshHeadingList>        <OtherID Source="CLML">5221:23123:84:257</OtherID>        <KeywordList Owner="NLM">            <Keyword MajorTopicYN="Y">CHROMOSOMES</Keyword>            <Keyword MajorTopicYN="Y">NEUROEPITHELIOMA</Keyword>        </KeywordList>    </MedlineCitation>    <PubmedData>        <History>            <PubMedPubDate PubStatus="pubmed">                <Year>1951</Year>                <Month>10</Month>                <Day>19</Day>            </PubMedPubDate>            <PubMedPubDate PubStatus="medline">                <Year>1951</Year>                <Month>10</Month>                <Day>19</Day>                <Hour>0</Hour>                <Minute>1</Minute>            </PubMedPubDate>            <PubMedPubDate PubStatus="entrez">                <Year>1951</Year>                <Month>10</Month>                <Day>19</Day>                <Hour>0</Hour>                <Minute>0</Minute>            </PubMedPubDate>        </History>        <PublicationStatus>ppublish</PublicationStatus>        <ArticleIdList>            <ArticleId IdType="pubmed">14892748</ArticleId>        </ArticleIdList>    </PubmedData></PubmedArticle><PubmedArticle>    <MedlineCitation Owner="NLM" Status="MEDLINE">        <PMID Version="1">14883866</PMID>        <DateCreated>            <Year>1952</Year>            <Month>12</Month>            <Day>01</Day>        </DateCreated>        <DateCompleted>            <Year>2004</Year>            <Month>02</Month>            <Day>15</Day>        </DateCompleted>        <DateRevised>            <Year>2007</Year>            <Month>03</Month>            <Day>19</Day>        </DateRevised>        <Article PubModel="Print">            <Journal>                <ISSN IssnType="Print">0036-8075</ISSN>                <JournalIssue CitedMedium="Print">                    <Volume>114</Volume>                    <Issue>2963</Issue>                    <PubDate>                        <Year>1951</Year>                        <Month>Oct</Month>                        <Day>12</Day>                    </PubDate>                </JournalIssue>                <Title>Science (New York, N.Y.)</Title>                <ISOAbbreviation>Science</ISOAbbreviation>            </Journal>            <ArticleTitle>The life span of the red blood cell in chronic leukemia and polycythemia.</ArticleTitle>            <Pagination>                <MedlinePgn>385-7</MedlinePgn>            </Pagination>            <AuthorList CompleteYN="Y">                <Author ValidYN="Y">                    <LastName>BERLIN</LastName>                    <ForeName>N I</ForeName>                    <Initials>NI</Initials>                </Author>                <Author ValidYN="Y">                    <LastName>LAWRENCE</LastName>                    <ForeName>J H</ForeName>                    <Initials>JH</Initials>                </Author>                <Author ValidYN="Y">                    <LastName>LEE</LastName>                    <ForeName>H C</ForeName>                    <Initials>HC</Initials>                </Author>            </AuthorList>            <Language>eng</Language>            <PublicationTypeList>                <PublicationType UI="D016428">Journal Article</PublicationType>            </PublicationTypeList>        </Article>        <MedlineJournalInfo>            <Country>Not Available</Country>            <MedlineTA>Science</MedlineTA>            <NlmUniqueID>0404511</NlmUniqueID>            <ISSNLinking>0036-8075</ISSNLinking>        </MedlineJournalInfo>        <CitationSubset>OM</CitationSubset>        <MeshHeadingList>            <MeshHeading>                <DescriptorName MajorTopicYN="Y" UI="D004912">Erythrocytes</DescriptorName>            </MeshHeading>            <MeshHeading>                <DescriptorName MajorTopicYN="N" UI="D007938">Leukemia</DescriptorName>                <QualifierName MajorTopicYN="Y" UI="Q000097">blood</QualifierName>            </MeshHeading>            <MeshHeading>                <DescriptorName MajorTopicYN="N" UI="D011087">Polycythemia Vera</DescriptorName>                <QualifierName MajorTopicYN="Y" UI="Q000097">blood</QualifierName>            </MeshHeading>        </MeshHeadingList>        <OtherID Source="CLML">5221:14143:130:209:299</OtherID>        <KeywordList Owner="NLM">            <Keyword MajorTopicYN="Y">ERYTHROCYTES</Keyword>            <Keyword MajorTopicYN="Y">LEUKEMIA/blood in</Keyword>            <Keyword MajorTopicYN="Y">POLYCYTHEMIA VERA/blood in</Keyword>        </KeywordList>    </MedlineCitation>    <PubmedData>        <History>            <PubMedPubDate PubStatus="pubmed">                <Year>1951</Year>                <Month>10</Month>                <Day>12</Day>            </PubMedPubDate>            <PubMedPubDate PubStatus="medline">                <Year>1951</Year>                <Month>10</Month>                <Day>12</Day>                <Hour>0</Hour>                <Minute>1</Minute>            </PubMedPubDate>            <PubMedPubDate PubStatus="entrez">                <Year>1951</Year>                <Month>10</Month>                <Day>12</Day>                <Hour>0</Hour>                <Minute>0</Minute>            </PubMedPubDate>        </History>        <PublicationStatus>ppublish</PublicationStatus>        <ArticleIdList>            <ArticleId IdType="pubmed">14883866</ArticleId>        </ArticleIdList>    </PubmedData></PubmedArticle><PubmedArticle>    <MedlineCitation Owner="NLM" Status="MEDLINE">        <PMID Version="1">14883859</PMID>        <DateCreated>            <Year>1952</Year>            <Month>12</Month>            <Day>01</Day>        </DateCreated>        <DateCompleted>            <Year>2004</Year>            <Month>02</Month>            <Day>15</Day>        </DateCompleted>        <DateRevised>            <Year>2009</Year>            <Month>11</Month>            <Day>19</Day>        </DateRevised>        <Article PubModel="Print">            <Journal>                <ISSN IssnType="Print">0036-8075</ISSN>                <JournalIssue CitedMedium="Print">                    <Volume>114</Volume>                    <Issue>2962</Issue>                    <PubDate>                        <Year>1951</Year>                        <Month>Oct</Month>                        <Day>5</Day>                    </PubDate>                </JournalIssue>                <Title>Science (New York, N.Y.)</Title>                <ISOAbbreviation>Science</ISOAbbreviation>            </Journal>            <ArticleTitle>A micro-fluorometric scanner for the differential detection of cells; application of exfoliative cytology.</ArticleTitle>            <Pagination>                <MedlinePgn>356-60</MedlinePgn>            </Pagination>            <AuthorList CompleteYN="Y">                <Author ValidYN="Y">                    <LastName>MELLORS</LastName>                    <ForeName>R C</ForeName>                    <Initials>RC</Initials>                </Author>                <Author ValidYN="Y">                    <LastName>SILVER</LastName>                    <ForeName>R</ForeName>                    <Initials>R</Initials>                </Author>            </AuthorList>            <Language>eng</Language>            <PublicationTypeList>                <PublicationType UI="D016428">Journal Article</PublicationType>            </PublicationTypeList>        </Article>        <MedlineJournalInfo>            <Country>Not Available</Country>            <MedlineTA>Science</MedlineTA>            <NlmUniqueID>0404511</NlmUniqueID>            <ISSNLinking>0036-8075</ISSNLinking>        </MedlineJournalInfo>        <CitationSubset>OM</CitationSubset>        <MeshHeadingList>            <MeshHeading>                <DescriptorName MajorTopicYN="N" UI="D003585">Cell Biology</DescriptorName>                <QualifierName MajorTopicYN="Y" UI="Q000295">instrumentation</QualifierName>            </MeshHeading>            <MeshHeading>                <DescriptorName MajorTopicYN="N" UI="D009369">Neoplasms</DescriptorName>                <QualifierName MajorTopicYN="Y" UI="Q000175">diagnosis</QualifierName>            </MeshHeading>        </MeshHeadingList>        <OtherID Source="CLML">5221:14136:102:251</OtherID>        <KeywordList Owner="NLM">            <Keyword MajorTopicYN="Y">CYTOLOGY/apparatus and instruments</Keyword>            <Keyword MajorTopicYN="Y">NEOPLASMS/diagnosis</Keyword>        </KeywordList>    </MedlineCitation>    <PubmedData>        <History>            <PubMedPubDate PubStatus="pubmed">                <Year>1951</Year>                <Month>10</Month>                <Day>5</Day>            </PubMedPubDate>            <PubMedPubDate PubStatus="medline">                <Year>1951</Year>                <Month>10</Month>                <Day>5</Day>                <Hour>0</Hour>                <Minute>1</Minute>            </PubMedPubDate>            <PubMedPubDate PubStatus="entrez">                <Year>1951</Year>                <Month>10</Month>                <Day>5</Day>                <Hour>0</Hour>                <Minute>0</Minute>            </PubMedPubDate>        </History>        <PublicationStatus>ppublish</PublicationStatus>        <ArticleIdList>            <ArticleId IdType="pubmed">14883859</ArticleId>        </ArticleIdList>    </PubmedData></PubmedArticle><PubmedArticle>    <MedlineCitation Owner="NLM" Status="MEDLINE">        <PMID Version="1">14866224</PMID>        <DateCreated>            <Year>1951</Year>            <Month>12</Month>            <Day>01</Day>        </DateCreated>        <DateCompleted>            <Year>2004</Year>            <Month>02</Month>            <Day>15</Day>        </DateCompleted>        <DateRevised>            <Year>2013</Year>            <Month>11</Month>            <Day>21</Day>        </DateRevised>        <Article PubModel="Print">            <Journal>                <ISSN IssnType="Print">0036-8075</ISSN>                <JournalIssue CitedMedium="Print">                    <Volume>114</Volume>                    <Issue>2959</Issue>                    <PubDate>                        <Year>1951</Year>                        <Month>Sep</Month>                        <Day>14</Day>                    </PubDate>                </JournalIssue>                <Title>Science (New York, N.Y.)</Title>                <ISOAbbreviation>Science</ISOAbbreviation>            </Journal>            <ArticleTitle>Krebiozen.</ArticleTitle>            <Pagination>                <MedlinePgn>285-6</MedlinePgn>            </Pagination>            <AuthorList CompleteYN="Y">                <Author ValidYN="Y">                    <LastName>IVY</LastName>                    <ForeName>A C</ForeName>                    <Initials>AC</Initials>                </Author>            </AuthorList>            <Language>eng</Language>            <PublicationTypeList>                <PublicationType UI="D016428">Journal Article</PublicationType>            </PublicationTypeList>        </Article>        <MedlineJournalInfo>            <Country>Not Available</Country>            <MedlineTA>Science</MedlineTA>            <NlmUniqueID>0404511</NlmUniqueID>            <ISSNLinking>0036-8075</ISSNLinking>        </MedlineJournalInfo>        <ChemicalList>            <Chemical>                <RegistryNumber>AYI8EX34EU</RegistryNumber>                <NameOfSubstance UI="D003404">Creatinine</NameOfSubstance>            </Chemical>        </ChemicalList>        <CitationSubset>OM</CitationSubset>        <MeshHeadingList>            <MeshHeading>                <DescriptorName MajorTopicYN="Y" UI="D003404">Creatinine</DescriptorName>            </MeshHeading>            <MeshHeading>                <DescriptorName MajorTopicYN="Y" UI="D009369">Neoplasms</DescriptorName>            </MeshHeading>        </MeshHeadingList>        <OtherID Source="CLML">5120:99885:167:520</OtherID>        <KeywordList Owner="NLM">            <Keyword MajorTopicYN="Y">CANCER</Keyword>            <Keyword MajorTopicYN="Y">KREBIOZEN</Keyword>        </KeywordList>    </MedlineCitation>    <PubmedData>        <History>            <PubMedPubDate PubStatus="pubmed">                <Year>1951</Year>                <Month>9</Month>                <Day>14</Day>            </PubMedPubDate>            <PubMedPubDate PubStatus="medline">                <Year>1951</Year>                <Month>9</Month>                <Day>14</Day>                <Hour>0</Hour>                <Minute>1</Minute>            </PubMedPubDate>            <PubMedPubDate PubStatus="entrez">                <Year>1951</Year>                <Month>9</Month>                <Day>14</Day>                <Hour>0</Hour>                <Minute>0</Minute>            </PubMedPubDate>        </History>        <PublicationStatus>ppublish</PublicationStatus>        <ArticleIdList>            <ArticleId IdType="pubmed">14866224</ArticleId>        </ArticleIdList>    </PubmedData></PubmedArticle><PubmedArticle>    <MedlineCitation Owner="NLM" Status="MEDLINE">        <PMID Version="1">14866214</PMID>        <DateCreated>            <Year>1951</Year>            <Month>12</Month>            <Day>01</Day>        </DateCreated>        <DateCompleted>            <Year>2004</Year>            <Month>02</Month>            <Day>15</Day>        </DateCompleted>        <DateRevised>            <Year>2013</Year>            <Month>11</Month>            <Day>21</Day>        </DateRevised>        <Article PubModel="Print">            <Journal>                <ISSN IssnType="Print">0036-8075</ISSN>                <JournalIssue CitedMedium="Print">                    <Volume>114</Volume>                    <Issue>2958</Issue>                    <PubDate>                        <Year>1951</Year>                        <Month>Sep</Month>                        <Day>7</Day>                    </PubDate>                </JournalIssue>                <Title>Science (New York, N.Y.)</Title>                <ISOAbbreviation>Science</ISOAbbreviation>            </Journal>            <ArticleTitle>Competitive action of 2-thiouracil and uracil in AAF-induced cancer of the liver.</ArticleTitle>            <Pagination>                <MedlinePgn>264-5</MedlinePgn>            </Pagination>            <AuthorList CompleteYN="Y">                <Author ValidYN="Y">                    <LastName>PASCHKIS</LastName>                    <ForeName>K E</ForeName>                    <Initials>KE</Initials>                </Author>                <Author ValidYN="Y">                    <LastName>CANTAROW</LastName>                    <ForeName>A</ForeName>                    <Initials>A</Initials>                </Author>                <Author ValidYN="Y">                    <LastName>STASNEY</LastName>                    <ForeName>J</ForeName>                    <Initials>J</Initials>                </Author>            </AuthorList>            <Language>eng</Language>            <PublicationTypeList>                <PublicationType UI="D016428">Journal Article</PublicationType>            </PublicationTypeList>        </Article>        <MedlineJournalInfo>            <Country>Not Available</Country>            <MedlineTA>Science</MedlineTA>            <NlmUniqueID>0404511</NlmUniqueID>            <ISSNLinking>0036-8075</ISSNLinking>        </MedlineJournalInfo>        <ChemicalList>            <Chemical>                <RegistryNumber>59X161SCYL</RegistryNumber>                <NameOfSubstance UI="D013889">Thiouracil</NameOfSubstance>            </Chemical>        </ChemicalList>        <CitationSubset>OM</CitationSubset>        <MeshHeadingList>            <MeshHeading>                <DescriptorName MajorTopicYN="Y" UI="D008113">Liver Neoplasms</DescriptorName>            </MeshHeading>            <MeshHeading>                <DescriptorName MajorTopicYN="Y" UI="D009369">Neoplasms</DescriptorName>            </MeshHeading>            <MeshHeading>                <DescriptorName MajorTopicYN="Y" UI="D013889">Thiouracil</DescriptorName>            </MeshHeading>        </MeshHeadingList>        <OtherID Source="CLML">5120:99875:167:366:560</OtherID>        <KeywordList Owner="NLM">            <Keyword MajorTopicYN="Y">CANCER</Keyword>            <Keyword MajorTopicYN="Y">LIVER NEOPLASMS</Keyword>            <Keyword MajorTopicYN="Y">THIOURACIL</Keyword>        </KeywordList>    </MedlineCitation>    <PubmedData>        <History>            <PubMedPubDate PubStatus="pubmed">                <Year>1951</Year>                <Month>9</Month>                <Day>7</Day>            </PubMedPubDate>            <PubMedPubDate PubStatus="medline">                <Year>1951</Year>                <Month>9</Month>                <Day>7</Day>                <Hour>0</Hour>                <Minute>1</Minute>            </PubMedPubDate>            <PubMedPubDate PubStatus="entrez">                <Year>1951</Year>                <Month>9</Month>                <Day>7</Day>                <Hour>0</Hour>                <Minute>0</Minute>            </PubMedPubDate>        </History>        <PublicationStatus>ppublish</PublicationStatus>        <ArticleIdList>            <ArticleId IdType="pubmed">14866214</ArticleId>        </ArticleIdList>    </PubmedData></PubmedArticle><PubmedArticle>    <MedlineCitation Owner="NLM" Status="MEDLINE">        <PMID Version="1">14866182</PMID>        <DateCreated>            <Year>1951</Year>            <Month>12</Month>            <Day>01</Day>        </DateCreated>        <DateCompleted>            <Year>2004</Year>            <Month>02</Month>            <Day>15</Day>        </DateCompleted>        <DateRevised>            <Year>2007</Year>            <Month>03</Month>            <Day>19</Day>        </DateRevised>        <Article PubModel="Print">            <Journal>                <ISSN IssnType="Print">0036-8075</ISSN>                <JournalIssue CitedMedium="Print">                    <Volume>114</Volume>                    <Issue>2955</Issue>                    <PubDate>                        <Year>1951</Year>                        <Month>Aug</Month>                        <Day>17</Day>                    </PubDate>                </JournalIssue>                <Title>Science (New York, N.Y.)</Title>                <ISOAbbreviation>Science</ISOAbbreviation>            </Journal>            <ArticleTitle>Tubal malignancy; a method for collecting specimens for cytologic study.</ArticleTitle>            <Pagination>                <MedlinePgn>181-2</MedlinePgn>            </Pagination>            <AuthorList CompleteYN="Y">                <Author ValidYN="Y">                    <LastName>MacLEAN</LastName>                    <ForeName>K S</ForeName>                    <Initials>KS</Initials>                </Author>            </AuthorList>            <Language>eng</Language>            <PublicationTypeList>                <PublicationType UI="D016428">Journal Article</PublicationType>            </PublicationTypeList>        </Article>        <MedlineJournalInfo>            <Country>Not Available</Country>            <MedlineTA>Science</MedlineTA>            <NlmUniqueID>0404511</NlmUniqueID>            <ISSNLinking>0036-8075</ISSNLinking>        </MedlineJournalInfo>        <CitationSubset>OM</CitationSubset>        <MeshHeadingList>            <MeshHeading>                <DescriptorName MajorTopicYN="Y" UI="D009369">Neoplasms</DescriptorName>            </MeshHeading>            <MeshHeading>                <DescriptorName MajorTopicYN="Y" UI="D010057">Oviducts</DescriptorName>            </MeshHeading>        </MeshHeadingList>        <OtherID Source="CLML">5120:99843:115:161</OtherID>        <KeywordList Owner="NLM">            <Keyword MajorTopicYN="Y">CANCER</Keyword>            <Keyword MajorTopicYN="Y">OVIDUCTS</Keyword>        </KeywordList>    </MedlineCitation>    <PubmedData>        <History>            <PubMedPubDate PubStatus="pubmed">                <Year>1951</Year>                <Month>8</Month>                <Day>17</Day>            </PubMedPubDate>            <PubMedPubDate PubStatus="medline">                <Year>1951</Year>                <Month>8</Month>                <Day>17</Day>                <Hour>0</Hour>                <Minute>1</Minute>            </PubMedPubDate>            <PubMedPubDate PubStatus="entrez">                <Year>1951</Year>                <Month>8</Month>                <Day>17</Day>                <Hour>0</Hour>                <Minute>0</Minute>            </PubMedPubDate>        </History>        <PublicationStatus>ppublish</PublicationStatus>        <ArticleIdList>            <ArticleId IdType="pubmed">14866182</ArticleId>        </ArticleIdList>    </PubmedData></PubmedArticle><PubmedArticle>    <MedlineCitation Owner="NLM" Status="MEDLINE">        <PMID Version="1">14866181</PMID>        <DateCreated>            <Year>1951</Year>            <Month>12</Month>            <Day>01</Day>        </DateCreated>        <DateCompleted>            <Year>2004</Year>            <Month>02</Month>            <Day>15</Day>        </DateCompleted>        <DateRevised>            <Year>2007</Year>            <Month>03</Month>            <Day>19</Day>        </DateRevised>        <Article PubModel="Print">            <Journal>                <ISSN IssnType="Print">0036-8075</ISSN>                <JournalIssue CitedMedium="Print">                    <Volume>114</Volume>                    <Issue>2955</Issue>                    <PubDate>                        <Year>1951</Year>                        <Month>Aug</Month>                        <Day>17</Day>                    </PubDate>                </JournalIssue>                <Title>Science (New York, N.Y.)</Title>                <ISOAbbreviation>Science</ISOAbbreviation>            </Journal>            <ArticleTitle>A simple method for extirpating an experimental tumor.</ArticleTitle>            <Pagination>                <MedlinePgn>180-1</MedlinePgn>            </Pagination>            <AuthorList CompleteYN="Y">                <Author ValidYN="Y">                    <LastName>ZAHL</LastName>                    <ForeName>P A</ForeName>                    <Initials>PA</Initials>                </Author>            </AuthorList>            <Language>eng</Language>            <PublicationTypeList>                <PublicationType UI="D016428">Journal Article</PublicationType>            </PublicationTypeList>        </Article>        <MedlineJournalInfo>            <Country>Not Available</Country>            <MedlineTA>Science</MedlineTA>            <NlmUniqueID>0404511</NlmUniqueID>            <ISSNLinking>0036-8075</ISSNLinking>        </MedlineJournalInfo>        <CitationSubset>OM</CitationSubset>        <MeshHeadingList>            <MeshHeading>                <DescriptorName MajorTopicYN="Y" UI="D009369">Neoplasms</DescriptorName>            </MeshHeading>        </MeshHeadingList>        <OtherID Source="CLML">5120:99842:401</OtherID>        <KeywordList Owner="NLM">            <Keyword MajorTopicYN="Y">TUMORS</Keyword>        </KeywordList>    </MedlineCitation>    <PubmedData>        <History>            <PubMedPubDate PubStatus="pubmed">                <Year>1951</Year>                <Month>8</Month>                <Day>17</Day>            </PubMedPubDate>            <PubMedPubDate PubStatus="medline">                <Year>1951</Year>                <Month>8</Month>                <Day>17</Day>                <Hour>0</Hour>                <Minute>1</Minute>            </PubMedPubDate>            <PubMedPubDate PubStatus="entrez">                <Year>1951</Year>                <Month>8</Month>                <Day>17</Day>                <Hour>0</Hour>                <Minute>0</Minute>            </PubMedPubDate>        </History>        <PublicationStatus>ppublish</PublicationStatus>        <ArticleIdList>            <ArticleId IdType="pubmed">14866181</ArticleId>        </ArticleIdList>    </PubmedData></PubmedArticle><PubmedArticle>    <MedlineCitation Owner="NLM" Status="MEDLINE">        <PMID Version="1">14854919</PMID>        <DateCreated>            <Year>1951</Year>            <Month>12</Month>            <Day>01</Day>        </DateCreated>        <DateCompleted>            <Year>2004</Year>            <Month>02</Month>            <Day>15</Day>        </DateCompleted>        <DateRevised>            <Year>2007</Year>            <Month>03</Month>            <Day>19</Day>        </DateRevised>        <Article PubModel="Print">            <Journal>                <ISSN IssnType="Print">0036-8075</ISSN>                <JournalIssue CitedMedium="Print">                    <Volume>114</Volume>                    <Issue>2952</Issue>                    <PubDate>                        <Year>1951</Year>                        <Month>Jul</Month>                        <Day>27</Day>                    </PubDate>                </JournalIssue>                <Title>Science (New York, N.Y.)</Title>                <ISOAbbreviation>Science</ISOAbbreviation>            </Journal>            <ArticleTitle>A new common biochemical property of tumors derived from different tissues.</ArticleTitle>            <Pagination>                <MedlinePgn>103-7</MedlinePgn>            </Pagination>            <AuthorList CompleteYN="Y">                <Author ValidYN="Y">                    <LastName>CARRUTHERS</LastName>                    <ForeName>C</ForeName>                    <Initials>C</Initials>                </Author>                <Author ValidYN="Y">                    <LastName>SUNTZEFF</LastName>                    <ForeName>V</ForeName>                    <Initials>V</Initials>                </Author>            </AuthorList>            <Language>eng</Language>            <PublicationTypeList>                <PublicationType UI="D016428">Journal Article</PublicationType>            </PublicationTypeList>        </Article>        <MedlineJournalInfo>            <Country>Not Available</Country>            <MedlineTA>Science</MedlineTA>            <NlmUniqueID>0404511</NlmUniqueID>            <ISSNLinking>0036-8075</ISSNLinking>        </MedlineJournalInfo>        <CitationSubset>OM</CitationSubset>        <MeshHeadingList>            <MeshHeading>                <DescriptorName MajorTopicYN="Y" UI="D009369">Neoplasms</DescriptorName>            </MeshHeading>        </MeshHeadingList>        <OtherID Source="CLML">5120:88280:400</OtherID>        <KeywordList Owner="NLM">            <Keyword MajorTopicYN="Y">TUMORS</Keyword>        </KeywordList>    </MedlineCitation>    <PubmedData>        <History>            <PubMedPubDate PubStatus="pubmed">                <Year>1951</Year>                <Month>7</Month>                <Day>27</Day>            </PubMedPubDate>            <PubMedPubDate PubStatus="medline">                <Year>1951</Year>                <Month>7</Month>                <Day>27</Day>                <Hour>0</Hour>                <Minute>1</Minute>            </PubMedPubDate>            <PubMedPubDate PubStatus="entrez">                <Year>1951</Year>                <Month>7</Month>                <Day>27</Day>                <Hour>0</Hour>                <Minute>0</Minute>            </PubMedPubDate>        </History>        <PublicationStatus>ppublish</PublicationStatus>        <ArticleIdList>            <ArticleId IdType="pubmed">14854919</ArticleId>        </ArticleIdList>    </PubmedData></PubmedArticle><PubmedArticle>    <MedlineCitation Owner="NLM" Status="MEDLINE">        <PMID Version="1">14854915</PMID>        <DateCreated>            <Year>1951</Year>            <Month>12</Month>            <Day>01</Day>        </DateCreated>        <DateCompleted>            <Year>2004</Year>            <Month>02</Month>            <Day>15</Day>        </DateCompleted>        <DateRevised>            <Year>2007</Year>            <Month>03</Month>            <Day>19</Day>        </DateRevised>        <Article PubModel="Print">            <Journal>                <ISSN IssnType="Print">0036-8075</ISSN>                <JournalIssue CitedMedium="Print">                    <Volume>114</Volume>                    <Issue>2952</Issue>                    <PubDate>                        <Year>1951</Year>                        <Month>Jul</Month>                        <Day>27</Day>                    </PubDate>                </JournalIssue>                <Title>Science (New York, N.Y.)</Title>                <ISOAbbreviation>Science</ISOAbbreviation>            </Journal>            <ArticleTitle>Growth of human leukemic leucocytes in vitro and in vivo as measured by uptake of p32 in desoxyribose nucleic acid.</ArticleTitle>            <Pagination>                <MedlinePgn>95-8</MedlinePgn>            </Pagination>            <AuthorList CompleteYN="Y">                <Author ValidYN="Y">                    <LastName>OSGOOD</LastName>                    <ForeName>E E</ForeName>                    <Initials>EE</Initials>                </Author>                <Author ValidYN="Y">                    <LastName>LI</LastName>                    <ForeName>J G</ForeName>                    <Initials>JG</Initials>                </Author>                <Author ValidYN="Y">                    <LastName>TIVEY</LastName>                    <ForeName>H</ForeName>                    <Initials>H</Initials>                </Author>                <Author ValidYN="Y">                    <LastName>DUERST</LastName>                    <ForeName>M L</ForeName>                    <Initials>ML</Initials>                </Author>                <Author ValidYN="Y">                    <LastName>SEAMAN</LastName>                    <ForeName>A J</ForeName>                    <Initials>AJ</Initials>                </Author>            </AuthorList>            <Language>eng</Language>            <PublicationTypeList>                <PublicationType UI="D016428">Journal Article</PublicationType>            </PublicationTypeList>        </Article>        <MedlineJournalInfo>            <Country>Not Available</Country>            <MedlineTA>Science</MedlineTA>            <NlmUniqueID>0404511</NlmUniqueID>            <ISSNLinking>0036-8075</ISSNLinking>        </MedlineJournalInfo>        <CitationSubset>OM</CitationSubset>        <MeshHeadingList>            <MeshHeading>                <DescriptorName MajorTopicYN="Y" UI="D007938">Leukemia</DescriptorName>            </MeshHeading>            <MeshHeading>                <DescriptorName MajorTopicYN="Y" UI="D007962">Leukocytes</DescriptorName>            </MeshHeading>        </MeshHeadingList>        <OtherID Source="CLML">5120:88276:546:547</OtherID>        <KeywordList Owner="NLM">            <Keyword MajorTopicYN="Y">LEUKEMIA</Keyword>            <Keyword MajorTopicYN="Y">LEUKOCYTES</Keyword>        </KeywordList>    </MedlineCitation>    <PubmedData>        <History>            <PubMedPubDate PubStatus="pubmed">                <Year>1951</Year>                <Month>7</Month>                <Day>27</Day>            </PubMedPubDate>            <PubMedPubDate PubStatus="medline">                <Year>1951</Year>                <Month>7</Month>                <Day>27</Day>                <Hour>0</Hour>                <Minute>1</Minute>            </PubMedPubDate>            <PubMedPubDate PubStatus="entrez">                <Year>1951</Year>                <Month>7</Month>                <Day>27</Day>                <Hour>0</Hour>                <Minute>0</Minute>            </PubMedPubDate>        </History>        <PublicationStatus>ppublish</PublicationStatus>        <ArticleIdList>            <ArticleId IdType="pubmed">14854915</ArticleId>        </ArticleIdList>    </PubmedData></PubmedArticle><PubmedArticle>    <MedlineCitation Owner="NLM" Status="MEDLINE">        <PMID Version="1">14854897</PMID>        <DateCreated>            <Year>1951</Year>            <Month>12</Month>            <Day>01</Day>        </DateCreated>        <DateCompleted>            <Year>2004</Year>            <Month>02</Month>            <Day>15</Day>        </DateCompleted>        <DateRevised>            <Year>2013</Year>            <Month>11</Month>            <Day>21</Day>        </DateRevised>        <Article PubModel="Print">            <Journal>                <ISSN IssnType="Print">0036-8075</ISSN>                <JournalIssue CitedMedium="Print">                    <Volume>114</Volume>                    <Issue>2950</Issue>                    <PubDate>                        <Year>1951</Year>                        <Month>Jul</Month>                        <Day>13</Day>                    </PubDate>                </JournalIssue>                <Title>Science (New York, N.Y.)</Title>                <ISOAbbreviation>Science</ISOAbbreviation>            </Journal>            <ArticleTitle>The role of thiouracil in the induction, growth, and transplantability of mouse thyroid tumors.</ArticleTitle>            <Pagination>                <MedlinePgn>44-6</MedlinePgn>            </Pagination>            <AuthorList CompleteYN="Y">                <Author ValidYN="Y">                    <LastName>MORRIS</LastName>                    <ForeName>H P</ForeName>                    <Initials>HP</Initials>                </Author>                <Author ValidYN="Y">                    <LastName>GREEN</LastName>                    <ForeName>C D</ForeName>                    <Initials>CD</Initials>                </Author>            </AuthorList>            <Language>eng</Language>            <PublicationTypeList>                <PublicationType UI="D016428">Journal Article</PublicationType>            </PublicationTypeList>        </Article>        <MedlineJournalInfo>            <Country>Not Available</Country>            <MedlineTA>Science</MedlineTA>            <NlmUniqueID>0404511</NlmUniqueID>            <ISSNLinking>0036-8075</ISSNLinking>        </MedlineJournalInfo>        <ChemicalList>            <Chemical>                <RegistryNumber>59X161SCYL</RegistryNumber>                <NameOfSubstance UI="D013889">Thiouracil</NameOfSubstance>            </Chemical>        </ChemicalList>        <CitationSubset>OM</CitationSubset>        <MeshHeadingList>            <MeshHeading>                <DescriptorName MajorTopicYN="Y" UI="D009369">Neoplasms</DescriptorName>            </MeshHeading>            <MeshHeading>                <DescriptorName MajorTopicYN="Y" UI="D013889">Thiouracil</DescriptorName>            </MeshHeading>            <MeshHeading>                <DescriptorName MajorTopicYN="Y" UI="D013961">Thyroid Gland</DescriptorName>            </MeshHeading>        </MeshHeadingList>        <OtherID Source="CLML">5120:88258:366:373:402</OtherID>        <KeywordList Owner="NLM">            <Keyword MajorTopicYN="Y">THIOURACIL</Keyword>            <Keyword MajorTopicYN="Y">THYROID</Keyword>            <Keyword MajorTopicYN="Y">TUMORS</Keyword>        </KeywordList>    </MedlineCitation>    <PubmedData>        <History>            <PubMedPubDate PubStatus="pubmed">                <Year>1951</Year>                <Month>7</Month>                <Day>13</Day>            </PubMedPubDate>            <PubMedPubDate PubStatus="medline">                <Year>1951</Year>                <Month>7</Month>                <Day>13</Day>                <Hour>0</Hour>                <Minute>1</Minute>            </PubMedPubDate>            <PubMedPubDate PubStatus="entrez">                <Year>1951</Year>                <Month>7</Month>                <Day>13</Day>                <Hour>0</Hour>                <Minute>0</Minute>            </PubMedPubDate>        </History>        <PublicationStatus>ppublish</PublicationStatus>        <ArticleIdList>            <ArticleId IdType="pubmed">14854897</ArticleId>        </ArticleIdList>    </PubmedData></PubmedArticle><PubmedArticle>    <MedlineCitation Owner="NLM" Status="MEDLINE">        <PMID Version="1">14845722</PMID>        <DateCreated>            <Year>1951</Year>            <Month>12</Month>            <Day>01</Day>        </DateCreated>        <DateCompleted>            <Year>2004</Year>            <Month>02</Month>            <Day>15</Day>        </DateCompleted>        <DateRevised>            <Year>2007</Year>            <Month>03</Month>            <Day>19</Day>        </DateRevised>        <Article PubModel="Print">            <Journal>                <ISSN IssnType="Print">0036-8075</ISSN>                <JournalIssue CitedMedium="Print">                    <Volume>113</Volume>                    <Issue>2946</Issue>                    <PubDate>                        <Year>1951</Year>                        <Month>Jun</Month>                        <Day>15</Day>                    </PubDate>                </JournalIssue>                <Title>Science (New York, N.Y.)</Title>                <ISOAbbreviation>Science</ISOAbbreviation>            </Journal>            <ArticleTitle>Immunochemical changes in chicken serum during development of Rous sarcoma.</ArticleTitle>            <Pagination>                <MedlinePgn>690-1</MedlinePgn>            </Pagination>            <AuthorList CompleteYN="Y">                <Author ValidYN="Y">                    <LastName>PARFENTJEV</LastName>                    <ForeName>I A</ForeName>                    <Initials>IA</Initials>                </Author>                <Author ValidYN="Y">                    <LastName>DURAN-REYNALS</LastName>                    <ForeName>F</ForeName>                    <Initials>F</Initials>                </Author>            </AuthorList>            <Language>eng</Language>            <PublicationTypeList>                <PublicationType UI="D016428">Journal Article</PublicationType>            </PublicationTypeList>        </Article>        <MedlineJournalInfo>            <Country>Not Available</Country>            <MedlineTA>Science</MedlineTA>            <NlmUniqueID>0404511</NlmUniqueID>            <ISSNLinking>0036-8075</ISSNLinking>        </MedlineJournalInfo>        <CitationSubset>OM</CitationSubset>        <MeshHeadingList>            <MeshHeading>                <DescriptorName MajorTopicYN="Y" UI="D012509">Sarcoma</DescriptorName>            </MeshHeading>        </MeshHeadingList>        <OtherID Source="CLML">5120:78725:267</OtherID>        <KeywordList Owner="NLM">            <Keyword MajorTopicYN="Y">SARCOMA</Keyword>        </KeywordList>    </MedlineCitation>    <PubmedData>        <History>            <PubMedPubDate PubStatus="pubmed">                <Year>1951</Year>                <Month>6</Month>                <Day>15</Day>            </PubMedPubDate>            <PubMedPubDate PubStatus="medline">                <Year>1951</Year>                <Month>6</Month>                <Day>15</Day>                <Hour>0</Hour>                <Minute>1</Minute>            </PubMedPubDate>            <PubMedPubDate PubStatus="entrez">                <Year>1951</Year>                <Month>6</Month>                <Day>15</Day>                <Hour>0</Hour>                <Minute>0</Minute>            </PubMedPubDate>        </History>        <PublicationStatus>ppublish</PublicationStatus>        <ArticleIdList>            <ArticleId IdType="pubmed">14845722</ArticleId>        </ArticleIdList>    </PubmedData></PubmedArticle><PubmedArticle>    <MedlineCitation Owner="NLM" Status="MEDLINE">        <PMID Version="1">14845700</PMID>        <DateCreated>            <Year>1951</Year>            <Month>12</Month>            <Day>01</Day>        </DateCreated>        <DateCompleted>            <Year>2004</Year>            <Month>02</Month>            <Day>15</Day>        </DateCompleted>        <DateRevised>            <Year>2007</Year>            <Month>03</Month>            <Day>19</Day>        </DateRevised>        <Article PubModel="Print">            <Journal>                <ISSN IssnType="Print">0036-8075</ISSN>                <JournalIssue CitedMedium="Print">                    <Volume>113</Volume>                    <Issue>2945</Issue>                    <PubDate>                        <Year>1951</Year>                        <Month>Jun</Month>                        <Day>8</Day>                    </PubDate>                </JournalIssue>                <Title>Science (New York, N.Y.)</Title>                <ISOAbbreviation>Science</ISOAbbreviation>            </Journal>            <ArticleTitle>Recovery of tumor cells from effects of the tumor-inducing principle in crown gall.</ArticleTitle>            <Pagination>                <MedlinePgn>651-3</MedlinePgn>            </Pagination>            <AuthorList CompleteYN="Y">                <Author ValidYN="Y">                    <LastName>BRAUN</LastName>                    <ForeName>A C</ForeName>                    <Initials>AC</Initials>                </Author>            </AuthorList>            <Language>eng</Language>            <PublicationTypeList>                <PublicationType UI="D016428">Journal Article</PublicationType>            </PublicationTypeList>        </Article>        <MedlineJournalInfo>            <Country>Not Available</Country>            <MedlineTA>Science</MedlineTA>            <NlmUniqueID>0404511</NlmUniqueID>            <ISSNLinking>0036-8075</ISSNLinking>        </MedlineJournalInfo>        <CitationSubset>OM</CitationSubset>        <MeshHeadingList>            <MeshHeading>                <DescriptorName MajorTopicYN="Y" UI="D009369">Neoplasms</DescriptorName>            </MeshHeading>        </MeshHeadingList>        <OtherID Source="CLML">5120:78703:402</OtherID>        <KeywordList Owner="NLM">            <Keyword MajorTopicYN="Y">TUMORS</Keyword>        </KeywordList>    </MedlineCitation>    <PubmedData>        <History>            <PubMedPubDate PubStatus="pubmed">                <Year>1951</Year>                <Month>6</Month>                <Day>8</Day>            </PubMedPubDate>            <PubMedPubDate PubStatus="medline">                <Year>1951</Year>                <Month>6</Month>                <Day>8</Day>                <Hour>0</Hour>                <Minute>1</Minute>            </PubMedPubDate>            <PubMedPubDate PubStatus="entrez">                <Year>1951</Year>                <Month>6</Month>                <Day>8</Day>                <Hour>0</Hour>                <Minute>0</Minute>            </PubMedPubDate>        </History>        <PublicationStatus>ppublish</PublicationStatus>        <ArticleIdList>            <ArticleId IdType="pubmed">14845700</ArticleId>        </ArticleIdList>    </PubmedData></PubmedArticle><PubmedArticle>    <MedlineCitation Owner="NLM" Status="MEDLINE">        <PMID Version="1">14834861</PMID>        <DateCreated>            <Year>1951</Year>            <Month>12</Month>            <Day>01</Day>        </DateCreated>        <DateCompleted>            <Year>2004</Year>            <Month>02</Month>            <Day>15</Day>        </DateCompleted>        <DateRevised>            <Year>2013</Year>            <Month>11</Month>            <Day>21</Day>        </DateRevised>        <Article PubModel="Print">            <Journal>                <ISSN IssnType="Print">0036-8075</ISSN>                <JournalIssue CitedMedium="Print">                    <Volume>113</Volume>                    <Issue>2941</Issue>                    <PubDate>                        <Year>1951</Year>                        <Month>May</Month>                        <Day>11</Day>                    </PubDate>                </JournalIssue>                <Title>Science (New York, N.Y.)</Title>                <ISOAbbreviation>Science</ISOAbbreviation>            </Journal>            <ArticleTitle>Inhibitory action of adrenalin on growth of rat sarcoma.</ArticleTitle>            <Pagination>                <MedlinePgn>557-8</MedlinePgn>            </Pagination>            <AuthorList CompleteYN="Y">                <Author ValidYN="Y">                    <LastName>LEWIS</LastName>                    <ForeName>M R</ForeName>                    <Initials>MR</Initials>                </Author>                <Author ValidYN="Y">                    <LastName>APTEKMAN</LastName>                    <ForeName>P M</ForeName>                    <Initials>PM</Initials>                </Author>            </AuthorList>            <Language>eng</Language>            <PublicationTypeList>                <PublicationType UI="D016428">Journal Article</PublicationType>            </PublicationTypeList>        </Article>        <MedlineJournalInfo>            <Country>Not Available</Country>            <MedlineTA>Science</MedlineTA>            <NlmUniqueID>0404511</NlmUniqueID>            <ISSNLinking>0036-8075</ISSNLinking>        </MedlineJournalInfo>        <ChemicalList>            <Chemical>                <RegistryNumber>YKH834O4BH</RegistryNumber>                <NameOfSubstance UI="D004837">Epinephrine</NameOfSubstance>            </Chemical>        </ChemicalList>        <CitationSubset>OM</CitationSubset>        <MeshHeadingList>            <MeshHeading>                <DescriptorName MajorTopicYN="Y" UI="D004837">Epinephrine</DescriptorName>            </MeshHeading>            <MeshHeading>                <DescriptorName MajorTopicYN="Y" UI="D012509">Sarcoma</DescriptorName>            </MeshHeading>        </MeshHeadingList>        <OtherID Source="CLML">5120:67542:266:311</OtherID>        <KeywordList Owner="NLM">            <Keyword MajorTopicYN="Y">EPINEPHRINE</Keyword>            <Keyword MajorTopicYN="Y">SARCOMA</Keyword>        </KeywordList>    </MedlineCitation>    <PubmedData>        <History>            <PubMedPubDate PubStatus="pubmed">                <Year>1951</Year>                <Month>5</Month>                <Day>11</Day>            </PubMedPubDate>            <PubMedPubDate PubStatus="medline">                <Year>1951</Year>                <Month>5</Month>                <Day>11</Day>                <Hour>0</Hour>                <Minute>1</Minute>            </PubMedPubDate>            <PubMedPubDate PubStatus="entrez">                <Year>1951</Year>                <Month>5</Month>                <Day>11</Day>                <Hour>0</Hour>                <Minute>0</Minute>            </PubMedPubDate>        </History>        <PublicationStatus>ppublish</PublicationStatus>        <ArticleIdList>            <ArticleId IdType="pubmed">14834861</ArticleId>        </ArticleIdList>    </PubmedData></PubmedArticle><PubmedArticle>    <MedlineCitation Owner="NLM" Status="MEDLINE">        <PMID Version="1">14828392</PMID>        <DateCreated>            <Year>1951</Year>            <Month>12</Month>            <Day>01</Day>        </DateCreated>        <DateCompleted>            <Year>2004</Year>            <Month>02</Month>            <Day>15</Day>        </DateCompleted>        <DateRevised>            <Year>2011</Year>            <Month>09</Month>            <Day>28</Day>        </DateRevised>        <Article PubModel="Print">            <Journal>                <ISSN IssnType="Print">0036-8075</ISSN>                <JournalIssue CitedMedium="Print">                    <Volume>113</Volume>                    <Issue>2940</Issue>                    <PubDate>                        <Year>1951</Year>                        <Month>May</Month>                        <Day>4</Day>                    </PubDate>                </JournalIssue>                <Title>Science (New York, N.Y.)</Title>                <ISOAbbreviation>Science</ISOAbbreviation>            </Journal>            <ArticleTitle>The use of positron-emitting radioisotopes for the localization of brain tumors.</ArticleTitle>            <Pagination>                <MedlinePgn>525-7</MedlinePgn>            </Pagination>            <AuthorList CompleteYN="Y">                <Author ValidYN="Y">                    <LastName>WRENN</LastName>                    <ForeName>F R</ForeName>                    <Initials>FR</Initials>                    <Suffix>Jr</Suffix>                </Author>                <Author ValidYN="Y">                    <LastName>GOOD</LastName>                    <ForeName>M L</ForeName>                    <Initials>ML</Initials>                </Author>                <Author ValidYN="Y">                    <LastName>HANDLER</LastName>                    <ForeName>P</ForeName>                    <Initials>P</Initials>                </Author>            </AuthorList>            <Language>eng</Language>            <PublicationTypeList>                <PublicationType UI="D016428">Journal Article</PublicationType>            </PublicationTypeList>        </Article>        <MedlineJournalInfo>            <Country>Not Available</Country>            <MedlineTA>Science</MedlineTA>            <NlmUniqueID>0404511</NlmUniqueID>            <ISSNLinking>0036-8075</ISSNLinking>        </MedlineJournalInfo>        <ChemicalList>            <Chemical>                <RegistryNumber>0</RegistryNumber>                <NameOfSubstance UI="D011868">Radioisotopes</NameOfSubstance>            </Chemical>        </ChemicalList>        <CitationSubset>OM</CitationSubset>        <MeshHeadingList>            <MeshHeading>                <DescriptorName MajorTopicYN="Y" UI="D001932">Brain Neoplasms</DescriptorName>            </MeshHeading>            <MeshHeading>                <DescriptorName MajorTopicYN="Y" UI="D011868">Radioisotopes</DescriptorName>            </MeshHeading>        </MeshHeadingList>        <OtherID Source="CLML">5120:60686:139:404:487</OtherID>        <KeywordList Owner="NLM">            <Keyword MajorTopicYN="Y">BRAIN TUMOR</Keyword>            <Keyword MajorTopicYN="Y">ISOTOPES, RADIOACTIVE</Keyword>            <Keyword MajorTopicYN="Y">TUMORS, CEREBRAL</Keyword>        </KeywordList>    </MedlineCitation>    <PubmedData>        <History>            <PubMedPubDate PubStatus="pubmed">                <Year>1951</Year>                <Month>5</Month>                <Day>4</Day>            </PubMedPubDate>            <PubMedPubDate PubStatus="medline">                <Year>1951</Year>                <Month>5</Month>                <Day>4</Day>                <Hour>0</Hour>                <Minute>1</Minute>            </PubMedPubDate>            <PubMedPubDate PubStatus="entrez">                <Year>1951</Year>                <Month>5</Month>                <Day>4</Day>                <Hour>0</Hour>                <Minute>0</Minute>            </PubMedPubDate>        </History>        <PublicationStatus>ppublish</PublicationStatus>        <ArticleIdList>            <ArticleId IdType="pubmed">14828392</ArticleId>        </ArticleIdList>    </PubmedData></PubmedArticle><PubmedArticle>    <MedlineCitation Owner="NLM" Status="MEDLINE">        <PMID Version="1">14828391</PMID>        <DateCreated>            <Year>1951</Year>            <Month>12</Month>            <Day>01</Day>        </DateCreated>        <DateCompleted>            <Year>2004</Year>            <Month>02</Month>            <Day>15</Day>        </DateCompleted>        <DateRevised>            <Year>2007</Year>            <Month>03</Month>            <Day>19</Day>        </DateRevised>        <Article PubModel="Print">            <Journal>                <ISSN IssnType="Print">0036-8075</ISSN>                <JournalIssue CitedMedium="Print">                    <Volume>113</Volume>                    <Issue>2940</Issue>                    <PubDate>                        <Year>1951</Year>                        <Month>May</Month>                        <Day>4</Day>                    </PubDate>                </JournalIssue>                <Title>Science (New York, N.Y.)</Title>                <ISOAbbreviation>Science</ISOAbbreviation>            </Journal>            <ArticleTitle>Alteration of immunological response in malignancy; decline of Proteus agglutinin.</ArticleTitle>            <Pagination>                <MedlinePgn>523-4</MedlinePgn>            </Pagination>            <AuthorList CompleteYN="Y">                <Author ValidYN="Y">                    <LastName>PARFENTJEV</LastName>                    <ForeName>I A</ForeName>                    <Initials>IA</Initials>                </Author>                <Author ValidYN="Y">                    <LastName>CLIFFTON</LastName>                    <ForeName>E E</ForeName>                    <Initials>EE</Initials>                </Author>                <Author ValidYN="Y">                    <LastName>DURAN-REYNALS</LastName>                    <ForeName>F</ForeName>                    <Initials>F</Initials>                </Author>            </AuthorList>            <Language>eng</Language>            <PublicationTypeList>                <PublicationType UI="D016428">Journal Article</PublicationType>            </PublicationTypeList>        </Article>        <MedlineJournalInfo>            <Country>Not Available</Country>            <MedlineTA>Science</MedlineTA>            <NlmUniqueID>0404511</NlmUniqueID>            <ISSNLinking>0036-8075</ISSNLinking>        </MedlineJournalInfo>        <ChemicalList>            <Chemical>                <RegistryNumber>0</RegistryNumber>                <NameOfSubstance UI="D000373">Agglutinins</NameOfSubstance>            </Chemical>        </ChemicalList>        <CitationSubset>OM</CitationSubset>        <MeshHeadingList>            <MeshHeading>                <DescriptorName MajorTopicYN="Y" UI="D000373">Agglutinins</DescriptorName>            </MeshHeading>            <MeshHeading>                <DescriptorName MajorTopicYN="Y" UI="D007109">Immunity</DescriptorName>            </MeshHeading>            <MeshHeading>                <DescriptorName MajorTopicYN="Y" UI="D009369">Neoplasms</DescriptorName>            </MeshHeading>        </MeshHeadingList>        <OtherID Source="CLML">5120:60685:18:161:466</OtherID>        <KeywordList Owner="NLM">            <Keyword MajorTopicYN="Y">AGGLUTININS</Keyword>            <Keyword MajorTopicYN="Y">CANCER</Keyword>            <Keyword MajorTopicYN="Y">IMMUNITY</Keyword>        </KeywordList>    </MedlineCitation>    <PubmedData>        <History>            <PubMedPubDate PubStatus="pubmed">                <Year>1951</Year>                <Month>5</Month>                <Day>4</Day>            </PubMedPubDate>            <PubMedPubDate PubStatus="medline">                <Year>1951</Year>                <Month>5</Month>                <Day>4</Day>                <Hour>0</Hour>                <Minute>1</Minute>            </PubMedPubDate>            <PubMedPubDate PubStatus="entrez">                <Year>1951</Year>                <Month>5</Month>                <Day>4</Day>                <Hour>0</Hour>                <Minute>0</Minute>            </PubMedPubDate>        </History>        <PublicationStatus>ppublish</PublicationStatus>        <ArticleIdList>            <ArticleId IdType="pubmed">14828391</ArticleId>        </ArticleIdList>    </PubmedData></PubmedArticle></PubmedArticleSet>