<?xml version="1.0"?><!DOCTYPE PubmedArticleSet PUBLIC "-//NLM//DTD PubMedArticle, 1st January 2015//EN" "http://www.ncbi.nlm.nih.gov/corehtml/query/DTD/pubmed_150101.dtd"><PubmedArticleSet><PubmedArticle>    <MedlineCitation Owner="NLM" Status="MEDLINE">        <PMID Version="1">14787468</PMID>        <DateCreated>            <Year>1951</Year>            <Month>12</Month>            <Day>01</Day>        </DateCreated>        <DateCompleted>            <Year>2004</Year>            <Month>02</Month>            <Day>15</Day>        </DateCompleted>        <DateRevised>            <Year>2007</Year>            <Month>03</Month>            <Day>19</Day>        </DateRevised>        <Article PubModel="Print">            <Journal>                <ISSN IssnType="Print">0036-8075</ISSN>                <JournalIssue CitedMedium="Print">                    <Volume>112</Volume>                    <Issue>2915</Issue>                    <PubDate>                        <Year>1950</Year>                        <Month>Nov</Month>                        <Day>10</Day>                    </PubDate>                </JournalIssue>                <Title>Science (New York, N.Y.)</Title>                <ISOAbbreviation>Science</ISOAbbreviation>            </Journal>            <ArticleTitle>Sulfapyrazine precipitated in cancer tissue upon repeated glucose injections.</ArticleTitle>            <Pagination>                <MedlinePgn>561</MedlinePgn>            </Pagination>            <AuthorList CompleteYN="Y">                <Author ValidYN="Y">                    <LastName>STEVENS</LastName>                    <ForeName>C D</ForeName>                    <Initials>CD</Initials>                </Author>                <Author ValidYN="Y">                    <LastName>QUINLIN</LastName>                    <ForeName>P M</ForeName>                    <Initials>PM</Initials>                </Author>                <Author ValidYN="Y">                    <LastName>MEINKEN</LastName>                    <ForeName>M A</ForeName>                    <Initials>MA</Initials>                </Author>                <Author ValidYN="Y">                    <LastName>KOCK</LastName>                    <ForeName>A M</ForeName>                    <Initials>AM</Initials>                </Author>            </AuthorList>            <Language>eng</Language>            <PublicationTypeList>                <PublicationType UI="D016428">Journal Article</PublicationType>            </PublicationTypeList>        </Article>        <MedlineJournalInfo>            <Country>Not Available</Country>            <MedlineTA>Science</MedlineTA>            <NlmUniqueID>0404511</NlmUniqueID>            <ISSNLinking>0036-8075</ISSNLinking>        </MedlineJournalInfo>        <CitationSubset>OM</CitationSubset>        <MeshHeadingList>            <MeshHeading>                <DescriptorName MajorTopicYN="Y" UI="D009369">Neoplasms</DescriptorName>            </MeshHeading>        </MeshHeadingList>        <OtherID Source="CLML">5120:17935:166</OtherID>        <KeywordList Owner="NLM">            <Keyword MajorTopicYN="Y">CANCER</Keyword>        </KeywordList>    </MedlineCitation>    <PubmedData>        <History>            <PubMedPubDate PubStatus="pubmed">                <Year>1950</Year>                <Month>11</Month>                <Day>10</Day>            </PubMedPubDate>            <PubMedPubDate PubStatus="medline">                <Year>1950</Year>                <Month>11</Month>                <Day>10</Day>                <Hour>0</Hour>                <Minute>1</Minute>            </PubMedPubDate>            <PubMedPubDate PubStatus="entrez">                <Year>1950</Year>                <Month>11</Month>                <Day>10</Day>                <Hour>0</Hour>                <Minute>0</Minute>            </PubMedPubDate>        </History>        <PublicationStatus>ppublish</PublicationStatus>        <ArticleIdList>            <ArticleId IdType="pubmed">14787468</ArticleId>        </ArticleIdList>    </PubmedData></PubmedArticle><PubmedArticle>    <MedlineCitation Owner="NLM" Status="MEDLINE">        <PMID Version="1">14781791</PMID>        <DateCreated>            <Year>1951</Year>            <Month>12</Month>            <Day>01</Day>        </DateCreated>        <DateCompleted>            <Year>2004</Year>            <Month>02</Month>            <Day>15</Day>        </DateCompleted>        <DateRevised>            <Year>2007</Year>            <Month>03</Month>            <Day>19</Day>        </DateRevised>        <Article PubModel="Print">            <Journal>                <ISSN IssnType="Print">0036-8075</ISSN>                <JournalIssue CitedMedium="Print">                    <Volume>112</Volume>                    <Issue>2911</Issue>                    <PubDate>                        <Year>1950</Year>                        <Month>Oct</Month>                        <Day>13</Day>                    </PubDate>                </JournalIssue>                <Title>Science (New York, N.Y.)</Title>                <ISOAbbreviation>Science</ISOAbbreviation>            </Journal>            <ArticleTitle>A mechanism for the origin of cancer foci.</ArticleTitle>            <Pagination>                <MedlinePgn>424</MedlinePgn>            </Pagination>            <AuthorList CompleteYN="Y">                <Author ValidYN="Y">                    <LastName>FISHER</LastName>                    <ForeName>J C</ForeName>                    <Initials>JC</Initials>                </Author>                <Author ValidYN="Y">                    <LastName>HOLLOMON</LastName>                    <ForeName>J H</ForeName>                    <Initials>JH</Initials>                </Author>            </AuthorList>            <Language>eng</Language>            <PublicationTypeList>                <PublicationType UI="D016428">Journal Article</PublicationType>            </PublicationTypeList>        </Article>        <MedlineJournalInfo>            <Country>Not Available</Country>            <MedlineTA>Science</MedlineTA>            <NlmUniqueID>0404511</NlmUniqueID>            <ISSNLinking>0036-8075</ISSNLinking>        </MedlineJournalInfo>        <CitationSubset>OM</CitationSubset>        <MeshHeadingList>            <MeshHeading>                <DescriptorName MajorTopicYN="Y" UI="D009369">Neoplasms</DescriptorName>            </MeshHeading>        </MeshHeadingList>        <OtherID Source="CLML">5120:11869:163</OtherID>        <KeywordList Owner="NLM">            <Keyword MajorTopicYN="Y">CANCER</Keyword>        </KeywordList>    </MedlineCitation>    <PubmedData>        <History>            <PubMedPubDate PubStatus="pubmed">                <Year>1950</Year>                <Month>10</Month>                <Day>13</Day>            </PubMedPubDate>            <PubMedPubDate PubStatus="medline">                <Year>1950</Year>                <Month>10</Month>                <Day>13</Day>                <Hour>0</Hour>                <Minute>1</Minute>            </PubMedPubDate>            <PubMedPubDate PubStatus="entrez">                <Year>1950</Year>                <Month>10</Month>                <Day>13</Day>                <Hour>0</Hour>                <Minute>0</Minute>            </PubMedPubDate>        </History>        <PublicationStatus>ppublish</PublicationStatus>        <ArticleIdList>            <ArticleId IdType="pubmed">14781791</ArticleId>        </ArticleIdList>    </PubmedData></PubmedArticle><PubmedArticle>    <MedlineCitation Owner="NLM" Status="MEDLINE">        <PMID Version="1">15442307</PMID>        <DateCreated>            <Year>1950</Year>            <Month>12</Month>            <Day>01</Day>        </DateCreated>        <DateCompleted>            <Year>2004</Year>            <Month>09</Month>            <Day>30</Day>        </DateCompleted>        <DateRevised>            <Year>2007</Year>            <Month>03</Month>            <Day>19</Day>        </DateRevised>        <Article PubModel="Print">            <Journal>                <ISSN IssnType="Print">0036-8075</ISSN>                <JournalIssue CitedMedium="Print">                    <Volume>112</Volume>                    <Issue>2904</Issue>                    <PubDate>                        <Year>1950</Year>                        <Month>Aug</Month>                        <Day>25</Day>                    </PubDate>                </JournalIssue>                <Title>Science (New York, N.Y.)</Title>                <ISOAbbreviation>Science</ISOAbbreviation>            </Journal>            <ArticleTitle>Nucleodepolymerase activity of precancerous rat liver.</ArticleTitle>            <Pagination>                <MedlinePgn>221</MedlinePgn>            </Pagination>            <AuthorList CompleteYN="Y">                <Author ValidYN="Y">                    <LastName>CANTERO</LastName>                    <ForeName>A</ForeName>                    <Initials>A</Initials>                </Author>                <Author ValidYN="Y">                    <LastName>DAOUST</LastName>                    <ForeName>R</ForeName>                    <Initials>R</Initials>                </Author>                <Author ValidYN="Y">                    <LastName>de LAMIRANDE</LastName>                    <ForeName>G</ForeName>                    <Initials>G</Initials>                </Author>            </AuthorList>            <Language>eng</Language>            <PublicationTypeList>                <PublicationType UI="D016428">Journal Article</PublicationType>            </PublicationTypeList>        </Article>        <MedlineJournalInfo>            <Country>Not Available</Country>            <MedlineTA>Science</MedlineTA>            <NlmUniqueID>0404511</NlmUniqueID>            <ISSNLinking>0036-8075</ISSNLinking>        </MedlineJournalInfo>        <ChemicalList>            <Chemical>                <RegistryNumber>0</RegistryNumber>                <NameOfSubstance UI="D004798">Enzymes</NameOfSubstance>            </Chemical>        </ChemicalList>        <CitationSubset>OM</CitationSubset>        <MeshHeadingList>            <MeshHeading>                <DescriptorName MajorTopicYN="Y" UI="D004798">Enzymes</DescriptorName>            </MeshHeading>            <MeshHeading>                <DescriptorName MajorTopicYN="Y" UI="D008099">Liver</DescriptorName>            </MeshHeading>            <MeshHeading>                <DescriptorName MajorTopicYN="Y" UI="D009369">Neoplasms</DescriptorName>            </MeshHeading>        </MeshHeadingList>        <OtherID Source="CLML">5019:33084:43:77:144</OtherID>        <KeywordList Owner="NLM">            <Keyword MajorTopicYN="Y">CANCER</Keyword>            <Keyword MajorTopicYN="Y">ENZYMES</Keyword>            <Keyword MajorTopicYN="Y">LIVER</Keyword>        </KeywordList>    </MedlineCitation>    <PubmedData>        <History>            <PubMedPubDate PubStatus="pubmed">                <Year>1950</Year>                <Month>8</Month>                <Day>25</Day>            </PubMedPubDate>            <PubMedPubDate PubStatus="medline">                <Year>1950</Year>                <Month>8</Month>                <Day>25</Day>                <Hour>0</Hour>                <Minute>1</Minute>            </PubMedPubDate>            <PubMedPubDate PubStatus="entrez">                <Year>1950</Year>                <Month>8</Month>                <Day>25</Day>                <Hour>0</Hour>                <Minute>0</Minute>            </PubMedPubDate>        </History>        <PublicationStatus>ppublish</PublicationStatus>        <ArticleIdList>            <ArticleId IdType="pubmed">15442307</ArticleId>        </ArticleIdList>    </PubmedData></PubmedArticle><PubmedArticle>    <MedlineCitation Owner="NLM" Status="MEDLINE">        <PMID Version="1">15413141</PMID>        <DateCreated>            <Year>1950</Year>            <Month>12</Month>            <Day>01</Day>        </DateCreated>        <DateCompleted>            <Year>2004</Year>            <Month>09</Month>            <Day>30</Day>        </DateCompleted>        <DateRevised>            <Year>2007</Year>            <Month>03</Month>            <Day>19</Day>        </DateRevised>        <Article PubModel="Print">            <Journal>                <ISSN IssnType="Print">0036-8075</ISSN>                <JournalIssue CitedMedium="Print">                    <Volume>111</Volume>                    <Issue>2888</Issue>                    <PubDate>                        <Year>1950</Year>                        <Month>May</Month>                        <Day>5</Day>                    </PubDate>                </JournalIssue>                <Title>Science (New York, N.Y.)</Title>                <ISOAbbreviation>Science</ISOAbbreviation>            </Journal>            <ArticleTitle>Nucleation and growth of cell colonies.</ArticleTitle>            <Pagination>                <MedlinePgn>489-91</MedlinePgn>            </Pagination>            <AuthorList CompleteYN="Y">                <Author ValidYN="Y">                    <LastName>HOLLOMON</LastName>                    <ForeName>J H</ForeName>                    <Initials>JH</Initials>                </Author>                <Author ValidYN="Y">                    <LastName>FISHER</LastName>                    <ForeName>J C</ForeName>                    <Initials>JC</Initials>                </Author>            </AuthorList>            <Language>eng</Language>            <PublicationTypeList>                <PublicationType UI="D016428">Journal Article</PublicationType>            </PublicationTypeList>        </Article>        <MedlineJournalInfo>            <Country>Not Available</Country>            <MedlineTA>Science</MedlineTA>            <NlmUniqueID>0404511</NlmUniqueID>            <ISSNLinking>0036-8075</ISSNLinking>        </MedlineJournalInfo>        <CitationSubset>OM</CitationSubset>        <MeshHeadingList>            <MeshHeading>                <DescriptorName MajorTopicYN="Y" UI="D002477">Cells</DescriptorName>            </MeshHeading>            <MeshHeading>                <DescriptorName MajorTopicYN="Y" UI="D009369">Neoplasms</DescriptorName>            </MeshHeading>        </MeshHeadingList>        <OtherID Source="CLML">5019:2698:42:47</OtherID>        <KeywordList Owner="NLM">            <Keyword MajorTopicYN="Y">CANCER</Keyword>            <Keyword MajorTopicYN="Y">CELLS</Keyword>        </KeywordList>    </MedlineCitation>    <PubmedData>        <History>            <PubMedPubDate PubStatus="pubmed">                <Year>1950</Year>                <Month>5</Month>                <Day>5</Day>            </PubMedPubDate>            <PubMedPubDate PubStatus="medline">                <Year>1950</Year>                <Month>5</Month>                <Day>5</Day>                <Hour>0</Hour>                <Minute>1</Minute>            </PubMedPubDate>            <PubMedPubDate PubStatus="entrez">                <Year>1950</Year>                <Month>5</Month>                <Day>5</Day>                <Hour>0</Hour>                <Minute>0</Minute>            </PubMedPubDate>        </History>        <PublicationStatus>ppublish</PublicationStatus>        <ArticleIdList>            <ArticleId IdType="pubmed">15413141</ArticleId>        </ArticleIdList>    </PubmedData></PubmedArticle><PubmedArticle>    <MedlineCitation Owner="NLM" Status="MEDLINE">        <PMID Version="1">15400457</PMID>        <DateCreated>            <Year>1950</Year>            <Month>12</Month>            <Day>01</Day>        </DateCreated>        <DateCompleted>            <Year>2004</Year>            <Month>09</Month>            <Day>30</Day>        </DateCompleted>        <DateRevised>            <Year>2013</Year>            <Month>11</Month>            <Day>21</Day>        </DateRevised>        <Article PubModel="Print">            <Journal>                <ISSN IssnType="Print">0036-8075</ISSN>                <JournalIssue CitedMedium="Print">                    <Volume>111</Volume>                    <Issue>2875</Issue>                    <PubDate>                        <Year>1950</Year>                        <Month>Feb</Month>                    </PubDate>                </JournalIssue>                <Title>Science (New York, N.Y.)</Title>                <ISOAbbreviation>Science</ISOAbbreviation>            </Journal>            <ArticleTitle>The induction of resistance to 4-amino-N10-methylpteroylglutamic acid in a strain of transmitted mouse leukemia.</ArticleTitle>            <Pagination>                <MedlinePgn>116</MedlinePgn>            </Pagination>            <AuthorList CompleteYN="N">                <Author ValidYN="Y">                    <LastName>BURCHENAL</LastName>                    <ForeName>J H</ForeName>                    <Initials>JH</Initials>                </Author>                <Author ValidYN="Y">                    <LastName>ROBINSON</LastName>                    <ForeName>E</ForeName>                    <Initials>E</Initials>                </Author>            </AuthorList>            <Language>eng</Language>            <PublicationTypeList>                <PublicationType UI="D016428">Journal Article</PublicationType>            </PublicationTypeList>        </Article>        <MedlineJournalInfo>            <Country>Not Available</Country>            <MedlineTA>Science</MedlineTA>            <NlmUniqueID>0404511</NlmUniqueID>            <ISSNLinking>0036-8075</ISSNLinking>        </MedlineJournalInfo>        <ChemicalList>            <Chemical>                <RegistryNumber>935E97BOY8</RegistryNumber>                <NameOfSubstance UI="D005492">Folic Acid</NameOfSubstance>            </Chemical>        </ChemicalList>        <CitationSubset>OM</CitationSubset>        <MeshHeadingList>            <MeshHeading>                <DescriptorName MajorTopicYN="Y" UI="D005492">Folic Acid</DescriptorName>            </MeshHeading>            <MeshHeading>                <DescriptorName MajorTopicYN="Y" UI="D007938">Leukemia</DescriptorName>            </MeshHeading>        </MeshHeadingList>        <OtherID Source="CLML">5018:562i:5:7</OtherID>        <KeywordList Owner="NLM">            <Keyword MajorTopicYN="Y">FOLIC ACID</Keyword>            <Keyword MajorTopicYN="Y">LEUKEMIA</Keyword>        </KeywordList>    </MedlineCitation>    <PubmedData>        <History>            <PubMedPubDate PubStatus="pubmed">                <Year>1950</Year>                <Month>2</Month>                <Day>1</Day>            </PubMedPubDate>            <PubMedPubDate PubStatus="medline">                <Year>1950</Year>                <Month>2</Month>                <Day>1</Day>                <Hour>0</Hour>                <Minute>1</Minute>            </PubMedPubDate>            <PubMedPubDate PubStatus="entrez">                <Year>1950</Year>                <Month>2</Month>                <Day>1</Day>                <Hour>0</Hour>                <Minute>0</Minute>            </PubMedPubDate>        </History>        <PublicationStatus>ppublish</PublicationStatus>        <ArticleIdList>            <ArticleId IdType="pubmed">15400457</ArticleId>        </ArticleIdList>    </PubmedData></PubmedArticle><PubmedArticle>    <MedlineCitation Owner="NLM" Status="MEDLINE">        <PMID Version="1">15408474</PMID>        <DateCreated>            <Year>1950</Year>            <Month>12</Month>            <Day>01</Day>        </DateCreated>        <DateCompleted>            <Year>2004</Year>            <Month>09</Month>            <Day>30</Day>        </DateCompleted>        <DateRevised>            <Year>2007</Year>            <Month>03</Month>            <Day>19</Day>        </DateRevised>        <Article PubModel="Print">            <Journal>                <ISSN IssnType="Print">0036-8075</ISSN>                <JournalIssue CitedMedium="Print">                    <Volume>111</Volume>                    <Issue>2872</Issue>                    <PubDate>                        <Year>1950</Year>                        <Month>Jan</Month>                        <Day>13</Day>                    </PubDate>                </JournalIssue>                <Title>Science (New York, N.Y.)</Title>                <ISOAbbreviation>Science</ISOAbbreviation>            </Journal>            <ArticleTitle>A method for concentration and segregation of malignant cells from bloody, pleural, and peritoneal fluids.</ArticleTitle>            <Pagination>                <MedlinePgn>34-6, illust</MedlinePgn>            </Pagination>            <AuthorList CompleteYN="Y">                <Author ValidYN="Y">                    <LastName>FAWCETT</LastName>                    <ForeName>D W</ForeName>                    <Initials>DW</Initials>                </Author>                <Author ValidYN="Y">                    <LastName>VALLEE</LastName>                    <ForeName>B L</ForeName>                    <Initials>BL</Initials>                </Author>                <Author ValidYN="Y">                    <LastName>SOULE</LastName>                    <ForeName>M H</ForeName>                    <Initials>MH</Initials>                </Author>            </AuthorList>            <Language>eng</Language>            <PublicationTypeList>                <PublicationType UI="D016428">Journal Article</PublicationType>            </PublicationTypeList>        </Article>        <MedlineJournalInfo>            <Country>Not Available</Country>            <MedlineTA>Science</MedlineTA>            <NlmUniqueID>0404511</NlmUniqueID>            <ISSNLinking>0036-8075</ISSNLinking>        </MedlineJournalInfo>        <CitationSubset>OM</CitationSubset>        <MeshHeadingList>            <MeshHeading>                <DescriptorName MajorTopicYN="Y" UI="D009369">Neoplasms</DescriptorName>            </MeshHeading>        </MeshHeadingList>        <OtherID Source="CLML">5018:471ba:3</OtherID>        <KeywordList Owner="NLM">            <Keyword MajorTopicYN="Y">CANCER</Keyword>        </KeywordList>    </MedlineCitation>    <PubmedData>        <History>            <PubMedPubDate PubStatus="pubmed">                <Year>1950</Year>                <Month>1</Month>                <Day>13</Day>            </PubMedPubDate>            <PubMedPubDate PubStatus="medline">                <Year>1950</Year>                <Month>1</Month>                <Day>13</Day>                <Hour>0</Hour>                <Minute>1</Minute>            </PubMedPubDate>            <PubMedPubDate PubStatus="entrez">                <Year>1950</Year>                <Month>1</Month>                <Day>13</Day>                <Hour>0</Hour>                <Minute>0</Minute>            </PubMedPubDate>        </History>        <PublicationStatus>ppublish</PublicationStatus>        <ArticleIdList>            <ArticleId IdType="pubmed">15408474</ArticleId>        </ArticleIdList>    </PubmedData></PubmedArticle></PubmedArticleSet>