<?xml version="1.0"?><!DOCTYPE PubmedArticleSet PUBLIC "-//NLM//DTD PubMedArticle, 1st January 2015//EN" "http://www.ncbi.nlm.nih.gov/corehtml/query/DTD/pubmed_150101.dtd"><PubmedArticleSet><PubmedArticle>    <MedlineCitation Owner="NLM" Status="MEDLINE">        <PMID Version="1">14075698</PMID>        <DateCreated>            <Year>1964</Year>            <Month>03</Month>            <Day>01</Day>        </DateCreated>        <DateCompleted>            <Year>1996</Year>            <Month>12</Month>            <Day>01</Day>        </DateCompleted>        <DateRevised>            <Year>2011</Year>            <Month>11</Month>            <Day>30</Day>        </DateRevised>        <Article PubModel="Print">            <Journal>                <ISSN IssnType="Print">0036-8075</ISSN>                <JournalIssue CitedMedium="Print">                    <Volume>142</Volume>                    <Issue>3600</Issue>                    <PubDate>                        <Year>1963</Year>                        <Month>Dec</Month>                        <Day>27</Day>                    </PubDate>                </JournalIssue>                <Title>Science (New York, N.Y.)</Title>                <ISOAbbreviation>Science</ISOAbbreviation>            </Journal>            <ArticleTitle>TOXOHORMONE INHIBITORY EFFECT ON THE GROWTH OF AN UNSTABLE STRAIN OF YEAST.</ArticleTitle>            <Pagination>                <MedlinePgn>1668-9</MedlinePgn>            </Pagination>            <Abstract>                <AbstractText>Toxohormone preparations obtained from yeast mutants with impaired respiration and from cancerous tissues inhibited the growth of an unstable strain of yeast in media containing lactate as the carbon source. Depending on the source of the different toxohormone preparations, amounts ranging from 5 to 9.5 mg/ml inhibited growth by 50 percent. This phenomenon could be utilized in quantitative evaluations of toxohormone activity.</AbstractText>            </Abstract>            <AuthorList CompleteYN="Y">                <Author ValidYN="Y">                    <LastName>CALLAO</LastName>                    <ForeName>V</ForeName>                    <Initials>V</Initials>                </Author>                <Author ValidYN="Y">                    <LastName>OLIVARES</LastName>                    <ForeName>J</ForeName>                    <Initials>J</Initials>                </Author>                <Author ValidYN="Y">                    <LastName>MONTOYA</LastName>                    <ForeName>E</ForeName>                    <Initials>E</Initials>                </Author>            </AuthorList>            <Language>eng</Language>            <PublicationTypeList>                <PublicationType UI="D016428">Journal Article</PublicationType>            </PublicationTypeList>        </Article>        <MedlineJournalInfo>            <Country>UNITED STATES</Country>            <MedlineTA>Science</MedlineTA>            <NlmUniqueID>0404511</NlmUniqueID>            <ISSNLinking>0036-8075</ISSNLinking>        </MedlineJournalInfo>        <ChemicalList>            <Chemical>                <RegistryNumber>0</RegistryNumber>                <NameOfSubstance UI="D004731">Endotoxins</NameOfSubstance>            </Chemical>        </ChemicalList>        <CitationSubset>OM</CitationSubset>        <MeshHeadingList>            <MeshHeading>                <DescriptorName MajorTopicYN="Y" UI="D001943">Breast Neoplasms</DescriptorName>            </MeshHeading>            <MeshHeading>                <DescriptorName MajorTopicYN="Y" UI="D004731">Endotoxins</DescriptorName>            </MeshHeading>            <MeshHeading>                <DescriptorName MajorTopicYN="Y" UI="D010307">Parotid Neoplasms</DescriptorName>            </MeshHeading>            <MeshHeading>                <DescriptorName MajorTopicYN="Y" UI="D010600">Pharmacology</DescriptorName>            </MeshHeading>            <MeshHeading>                <DescriptorName MajorTopicYN="Y" UI="D012106">Research</DescriptorName>            </MeshHeading>            <MeshHeading>                <DescriptorName MajorTopicYN="Y" UI="D012440">Saccharomyces</DescriptorName>            </MeshHeading>        </MeshHeadingList>        <KeywordList Owner="NLM">            <Keyword MajorTopicYN="Y">BREAST NEOPLASMS</Keyword>            <Keyword MajorTopicYN="Y">ENDOTOXINS</Keyword>            <Keyword MajorTopicYN="Y">EXPERIMENTAL LAB STUDY</Keyword>            <Keyword MajorTopicYN="Y">PAROTID NEOPLASMS</Keyword>            <Keyword MajorTopicYN="Y">PHARMACOLOGY</Keyword>            <Keyword MajorTopicYN="Y">SACCHAROMYCES</Keyword>        </KeywordList>    </MedlineCitation>    <PubmedData>        <History>            <PubMedPubDate PubStatus="pubmed">                <Year>1963</Year>                <Month>12</Month>                <Day>27</Day>            </PubMedPubDate>            <PubMedPubDate PubStatus="medline">                <Year>1963</Year>                <Month>12</Month>                <Day>27</Day>                <Hour>0</Hour>                <Minute>1</Minute>            </PubMedPubDate>            <PubMedPubDate PubStatus="entrez">                <Year>1963</Year>                <Month>12</Month>                <Day>27</Day>                <Hour>0</Hour>                <Minute>0</Minute>            </PubMedPubDate>        </History>        <PublicationStatus>ppublish</PublicationStatus>        <ArticleIdList>            <ArticleId IdType="pubmed">14075698</ArticleId>        </ArticleIdList>    </PubmedData></PubmedArticle><PubmedArticle>    <MedlineCitation Owner="NLM" Status="MEDLINE">        <PMID Version="1">14075690</PMID>        <DateCreated>            <Year>1964</Year>            <Month>03</Month>            <Day>01</Day>        </DateCreated>        <DateCompleted>            <Year>1996</Year>            <Month>12</Month>            <Day>01</Day>        </DateCompleted>        <DateRevised>            <Year>2011</Year>            <Month>11</Month>            <Day>30</Day>        </DateRevised>        <Article PubModel="Print">            <Journal>                <ISSN IssnType="Print">0036-8075</ISSN>                <JournalIssue CitedMedium="Print">                    <Volume>142</Volume>                    <Issue>3599</Issue>                    <PubDate>                        <Year>1963</Year>                        <Month>Dec</Month>                        <Day>20</Day>                    </PubDate>                </JournalIssue>                <Title>Science (New York, N.Y.)</Title>                <ISOAbbreviation>Science</ISOAbbreviation>            </Journal>            <ArticleTitle>ULTRAVIOLET ABSORPTION IN EPIDERMOID CANCER CELLS.</ArticleTitle>            <Pagination>                <MedlinePgn>1580-3</MedlinePgn>            </Pagination>            <Abstract>                <AbstractText>The &quot;excessive functional activity&quot; of some cancer cells first found by Caspersson has been observed in fixed, stained smears of cervical epidermoid carcinomas from four patients. Preliminary results suggest that there may be a characteristic difference between the absorption profiles of some epidermoid cancer cells and other cells found in cytological smears. It is our belief that with an appropriate electronic scanning system such cells can be detected by measurements of their absorptions at two different wavelengths. However, the effect on the absorptions of cells with abnormalities other than cancer, and whether every epidermoid carcinoma will contain such cells, must yet be determined.</AbstractText>            </Abstract>            <AuthorList CompleteYN="Y">                <Author ValidYN="Y">                    <LastName>KAMENTSKY</LastName>                    <ForeName>L A</ForeName>                    <Initials>LA</Initials>                </Author>                <Author ValidYN="Y">                    <LastName>DERMAN</LastName>                    <ForeName>H</ForeName>                    <Initials>H</Initials>                </Author>                <Author ValidYN="Y">                    <LastName>MELAMED</LastName>                    <ForeName>M R</ForeName>                    <Initials>MR</Initials>                </Author>            </AuthorList>            <Language>eng</Language>            <PublicationTypeList>                <PublicationType UI="D016428">Journal Article</PublicationType>            </PublicationTypeList>        </Article>        <MedlineJournalInfo>            <Country>UNITED STATES</Country>            <MedlineTA>Science</MedlineTA>            <NlmUniqueID>0404511</NlmUniqueID>            <ISSNLinking>0036-8075</ISSNLinking>        </MedlineJournalInfo>        <CitationSubset>OM</CitationSubset>        <MeshHeadingList>            <MeshHeading>                <DescriptorName MajorTopicYN="Y" UI="D002294">Carcinoma, Squamous Cell</DescriptorName>            </MeshHeading>            <MeshHeading>                <DescriptorName MajorTopicYN="Y" UI="D008403">Mass Screening</DescriptorName>            </MeshHeading>            <MeshHeading>                <DescriptorName MajorTopicYN="N" UI="D009369">Neoplasms</DescriptorName>                <QualifierName MajorTopicYN="Y" UI="Q000175">diagnosis</QualifierName>            </MeshHeading>            <MeshHeading>                <DescriptorName MajorTopicYN="Y" UI="D014466">Ultraviolet Rays</DescriptorName>            </MeshHeading>            <MeshHeading>                <DescriptorName MajorTopicYN="Y" UI="D002583">Uterine Cervical Neoplasms</DescriptorName>            </MeshHeading>        </MeshHeadingList>        <KeywordList Owner="NLM">            <Keyword MajorTopicYN="Y">CARCINOMA, EPIDERMOID</Keyword>            <Keyword MajorTopicYN="Y">CERVIX NEOPLASMS</Keyword>            <Keyword MajorTopicYN="Y">MASS SCREENING</Keyword>            <Keyword MajorTopicYN="Y">NEOPLASM DIAGNOSIS</Keyword>            <Keyword MajorTopicYN="Y">ULTRAVIOLET RAYS</Keyword>        </KeywordList>    </MedlineCitation>    <PubmedData>        <History>            <PubMedPubDate PubStatus="pubmed">                <Year>1963</Year>                <Month>12</Month>                <Day>20</Day>            </PubMedPubDate>            <PubMedPubDate PubStatus="medline">                <Year>1963</Year>                <Month>12</Month>                <Day>20</Day>                <Hour>0</Hour>                <Minute>1</Minute>            </PubMedPubDate>            <PubMedPubDate PubStatus="entrez">                <Year>1963</Year>                <Month>12</Month>                <Day>20</Day>                <Hour>0</Hour>                <Minute>0</Minute>            </PubMedPubDate>        </History>        <PublicationStatus>ppublish</PublicationStatus>        <ArticleIdList>            <ArticleId IdType="pubmed">14075690</ArticleId>        </ArticleIdList>    </PubmedData></PubmedArticle><PubmedArticle>    <MedlineCitation Owner="NLM" Status="MEDLINE">        <PMID Version="1">14075686</PMID>        <DateCreated>            <Year>1964</Year>            <Month>03</Month>            <Day>01</Day>        </DateCreated>        <DateCompleted>            <Year>1996</Year>            <Month>12</Month>            <Day>01</Day>        </DateCompleted>        <DateRevised>            <Year>2011</Year>            <Month>11</Month>            <Day>30</Day>        </DateRevised>        <Article PubModel="Print">            <Journal>                <ISSN IssnType="Print">0036-8075</ISSN>                <JournalIssue CitedMedium="Print">                    <Volume>142</Volume>                    <Issue>3599</Issue>                    <PubDate>                        <Year>1963</Year>                        <Month>Dec</Month>                        <Day>20</Day>                    </PubDate>                </JournalIssue>                <Title>Science (New York, N.Y.)</Title>                <ISOAbbreviation>Science</ISOAbbreviation>            </Journal>            <ArticleTitle>PREPARATION OF RETINE FROM HUMAN URINE.</ArticleTitle>            <Pagination>                <MedlinePgn>1571-2</MedlinePgn>            </Pagination>            <Abstract>                <AbstractText>Human urine contains &quot;retine.&quot; Its partial isolation is described.</AbstractText>            </Abstract>            <AuthorList CompleteYN="Y">                <Author ValidYN="Y">                    <LastName>HEGYELI</LastName>                    <ForeName>A</ForeName>                    <Initials>A</Initials>                </Author>                <Author ValidYN="Y">                    <LastName>MCLAUGHLIN</LastName>                    <ForeName>J A</ForeName>                    <Initials>JA</Initials>                </Author>                <Author ValidYN="Y">                    <LastName>SZENT-GYOERGYI</LastName>                    <ForeName>A</ForeName>                    <Initials>A</Initials>                </Author>            </AuthorList>            <Language>eng</Language>            <PublicationTypeList>                <PublicationType UI="D016428">Journal Article</PublicationType>            </PublicationTypeList>        </Article>        <MedlineJournalInfo>            <Country>UNITED STATES</Country>            <MedlineTA>Science</MedlineTA>            <NlmUniqueID>0404511</NlmUniqueID>            <ISSNLinking>0036-8075</ISSNLinking>        </MedlineJournalInfo>        <ChemicalList>            <Chemical>                <RegistryNumber>0</RegistryNumber>                <NameOfSubstance UI="D000970">Antineoplastic Agents</NameOfSubstance>            </Chemical>        </ChemicalList>        <CitationSubset>OM</CitationSubset>        <MeshHeadingList>            <MeshHeading>                <DescriptorName MajorTopicYN="Y" UI="D000970">Antineoplastic Agents</DescriptorName>            </MeshHeading>            <MeshHeading>                <DescriptorName MajorTopicYN="Y" UI="D002287">Carcinoma, Krebs 2</DescriptorName>            </MeshHeading>            <MeshHeading>                <DescriptorName MajorTopicYN="N" UI="D055598">Chemical Phenomena</DescriptorName>            </MeshHeading>            <MeshHeading>                <DescriptorName MajorTopicYN="Y" UI="D002621">Chemistry</DescriptorName>            </MeshHeading>            <MeshHeading>                <DescriptorName MajorTopicYN="Y" UI="D051379">Mice</DescriptorName>            </MeshHeading>            <MeshHeading>                <DescriptorName MajorTopicYN="Y" UI="D010600">Pharmacology</DescriptorName>            </MeshHeading>            <MeshHeading>                <DescriptorName MajorTopicYN="Y" UI="D012106">Research</DescriptorName>            </MeshHeading>            <MeshHeading>                <DescriptorName MajorTopicYN="Y" UI="D014556">Urine</DescriptorName>            </MeshHeading>        </MeshHeadingList>        <KeywordList Owner="NLM">            <Keyword MajorTopicYN="Y">ANTINEOPLASTIC AGENTS</Keyword>            <Keyword MajorTopicYN="Y">CARCINOMA, KREBS 2</Keyword>            <Keyword MajorTopicYN="Y">CHEMISTRY</Keyword>            <Keyword MajorTopicYN="Y">EXPERIMENTAL LAB STUDY</Keyword>            <Keyword MajorTopicYN="Y">MICE</Keyword>            <Keyword MajorTopicYN="Y">PHARMACOLOGY</Keyword>            <Keyword MajorTopicYN="Y">URINE</Keyword>        </KeywordList>    </MedlineCitation>    <PubmedData>        <History>            <PubMedPubDate PubStatus="pubmed">                <Year>1963</Year>                <Month>12</Month>                <Day>20</Day>            </PubMedPubDate>            <PubMedPubDate PubStatus="medline">                <Year>1963</Year>                <Month>12</Month>                <Day>20</Day>                <Hour>0</Hour>                <Minute>1</Minute>            </PubMedPubDate>            <PubMedPubDate PubStatus="entrez">                <Year>1963</Year>                <Month>12</Month>                <Day>20</Day>                <Hour>0</Hour>                <Minute>0</Minute>            </PubMedPubDate>        </History>        <PublicationStatus>ppublish</PublicationStatus>        <ArticleIdList>            <ArticleId IdType="pubmed">14075686</ArticleId>        </ArticleIdList>    </PubmedData></PubmedArticle><PubmedArticle>    <MedlineCitation Owner="NLM" Status="MEDLINE">        <PMID Version="1">14077540</PMID>        <DateCreated>            <Year>1964</Year>            <Month>03</Month>            <Day>01</Day>        </DateCreated>        <DateCompleted>            <Year>1996</Year>            <Month>12</Month>            <Day>01</Day>        </DateCompleted>        <DateRevised>            <Year>2011</Year>            <Month>12</Month>            <Day>01</Day>        </DateRevised>        <Article PubModel="Print">            <Journal>                <ISSN IssnType="Print">0036-8075</ISSN>                <JournalIssue CitedMedium="Print">                    <Volume>142</Volume>                    <Issue>3598</Issue>                    <PubDate>                        <Year>1963</Year>                        <Month>Dec</Month>                        <Day>13</Day>                    </PubDate>                </JournalIssue>                <Title>Science (New York, N.Y.)</Title>                <ISOAbbreviation>Science</ISOAbbreviation>            </Journal>            <ArticleTitle>VIRUS-LIKE PARTICLES IN BLOOD OF TWO ACUTE LEUKEMIA PATIENTS.</ArticleTitle>            <Pagination>                <MedlinePgn>1487-9</MedlinePgn>            </Pagination>            <Abstract>                <AbstractText>A modified negative staining technique suited to demonstrating fragile virus particles in the electron microscope revealed particles having a surrounding membranous sac and an internal filamentous component of a consistent diameter of 75 A in the blood of two patients with acute leukemia. No particles of this type were seen in the blood of four other patients with acute leukemia or in the blood of six normal individuals.</AbstractText>            </Abstract>            <AuthorList CompleteYN="Y">                <Author ValidYN="Y">                    <LastName>ALMEIDA</LastName>                    <ForeName>J D</ForeName>                    <Initials>JD</Initials>                </Author>                <Author ValidYN="Y">                    <LastName>HASSELBACK</LastName>                    <ForeName>R C</ForeName>                    <Initials>RC</Initials>                </Author>                <Author ValidYN="Y">                    <LastName>HAM</LastName>                    <ForeName>A W</ForeName>                    <Initials>AW</Initials>                </Author>            </AuthorList>            <Language>eng</Language>            <PublicationTypeList>                <PublicationType UI="D016428">Journal Article</PublicationType>            </PublicationTypeList>        </Article>        <MedlineJournalInfo>            <Country>UNITED STATES</Country>            <MedlineTA>Science</MedlineTA>            <NlmUniqueID>0404511</NlmUniqueID>            <ISSNLinking>0036-8075</ISSNLinking>        </MedlineJournalInfo>        <CitationSubset>OM</CitationSubset>        <MeshHeadingList>            <MeshHeading>                <DescriptorName MajorTopicYN="Y" UI="D001769">Blood</DescriptorName>            </MeshHeading>            <MeshHeading>                <DescriptorName MajorTopicYN="Y" UI="D007938">Leukemia</DescriptorName>            </MeshHeading>            <MeshHeading>                <DescriptorName MajorTopicYN="Y" UI="D014780">Viruses</DescriptorName>            </MeshHeading>        </MeshHeadingList>        <KeywordList Owner="NLM">            <Keyword MajorTopicYN="Y">BLOOD</Keyword>            <Keyword MajorTopicYN="Y">LEUKEMIA</Keyword>            <Keyword MajorTopicYN="Y">VIRUSES</Keyword>        </KeywordList>    </MedlineCitation>    <PubmedData>        <History>            <PubMedPubDate PubStatus="pubmed">                <Year>1963</Year>                <Month>12</Month>                <Day>13</Day>            </PubMedPubDate>            <PubMedPubDate PubStatus="medline">                <Year>1963</Year>                <Month>12</Month>                <Day>13</Day>                <Hour>0</Hour>                <Minute>1</Minute>            </PubMedPubDate>            <PubMedPubDate PubStatus="entrez">                <Year>1963</Year>                <Month>12</Month>                <Day>13</Day>                <Hour>0</Hour>                <Minute>0</Minute>            </PubMedPubDate>        </History>        <PublicationStatus>ppublish</PublicationStatus>        <ArticleIdList>            <ArticleId IdType="pubmed">14077540</ArticleId>        </ArticleIdList>    </PubmedData></PubmedArticle><PubmedArticle>    <MedlineCitation Owner="NLM" Status="MEDLINE">        <PMID Version="1">14077037</PMID>        <DateCreated>            <Year>1964</Year>            <Month>03</Month>            <Day>01</Day>        </DateCreated>        <DateCompleted>            <Year>1996</Year>            <Month>12</Month>            <Day>01</Day>        </DateCompleted>        <DateRevised>            <Year>2011</Year>            <Month>12</Month>            <Day>01</Day>        </DateRevised>        <Article PubModel="Print">            <Journal>                <ISSN IssnType="Print">0036-8075</ISSN>                <JournalIssue CitedMedium="Print">                    <Volume>142</Volume>                    <Issue>3598</Issue>                    <PubDate>                        <Year>1963</Year>                        <Month>Dec</Month>                        <Day>13</Day>                    </PubDate>                </JournalIssue>                <Title>Science (New York, N.Y.)</Title>                <ISOAbbreviation>Science</ISOAbbreviation>            </Journal>            <ArticleTitle>LEUKEMIA, MULTIPLE MYELOMA, AND APLASTIC ANEMIA IN AMERICAN RADIOLOGISTS.</ArticleTitle>            <Pagination>                <MedlinePgn>1492-4</MedlinePgn>            </Pagination>            <Abstract>                <AbstractText>A survey of 425 death certificates of radiologists dying between the ages of 35 and 74 during the years 1948 to 1961 reveals a statistically highly significant excess of deaths from leukemia, multiple myeloma, and aplastic anemia. That this excess is due to radiation exposure (or to some factor acting in a similar manner), rather than to an artifact of diagnosis is suggested by the absence of deaths ascribed to chronic lymphatic leukemia.</AbstractText>            </Abstract>            <AuthorList CompleteYN="Y">                <Author ValidYN="Y">                    <LastName>LEWIS</LastName>                    <ForeName>E B</ForeName>                    <Initials>EB</Initials>                </Author>            </AuthorList>            <Language>eng</Language>            <PublicationTypeList>                <PublicationType UI="D016428">Journal Article</PublicationType>            </PublicationTypeList>        </Article>        <MedlineJournalInfo>            <Country>UNITED STATES</Country>            <MedlineTA>Science</MedlineTA>            <NlmUniqueID>0404511</NlmUniqueID>            <ISSNLinking>0036-8075</ISSNLinking>        </MedlineJournalInfo>        <CitationSubset>OM</CitationSubset>        <MeshHeadingList>            <MeshHeading>                <DescriptorName MajorTopicYN="Y" UI="D000741">Anemia, Aplastic</DescriptorName>            </MeshHeading>            <MeshHeading>                <DescriptorName MajorTopicYN="Y" UI="D007938">Leukemia</DescriptorName>            </MeshHeading>            <MeshHeading>                <DescriptorName MajorTopicYN="Y" UI="D009101">Multiple Myeloma</DescriptorName>            </MeshHeading>            <MeshHeading>                <DescriptorName MajorTopicYN="Y" UI="D011871">Radiology</DescriptorName>            </MeshHeading>            <MeshHeading>                <DescriptorName MajorTopicYN="Y" UI="D013223">Statistics as Topic</DescriptorName>            </MeshHeading>        </MeshHeadingList>        <KeywordList Owner="NLM">            <Keyword MajorTopicYN="Y">ANEMIA, APLASTIC</Keyword>            <Keyword MajorTopicYN="Y">LEUKEMIA</Keyword>            <Keyword MajorTopicYN="Y">MULTIPLE MYELOMA</Keyword>            <Keyword MajorTopicYN="Y">RADIOLOGY</Keyword>            <Keyword MajorTopicYN="Y">STATISTICS</Keyword>        </KeywordList>    </MedlineCitation>    <PubmedData>        <History>            <PubMedPubDate PubStatus="pubmed">                <Year>1963</Year>                <Month>12</Month>                <Day>13</Day>            </PubMedPubDate>            <PubMedPubDate PubStatus="medline">                <Year>1963</Year>                <Month>12</Month>                <Day>13</Day>                <Hour>0</Hour>                <Minute>1</Minute>            </PubMedPubDate>            <PubMedPubDate PubStatus="entrez">                <Year>1963</Year>                <Month>12</Month>                <Day>13</Day>                <Hour>0</Hour>                <Minute>0</Minute>            </PubMedPubDate>        </History>        <PublicationStatus>ppublish</PublicationStatus>        <ArticleIdList>            <ArticleId IdType="pubmed">14077037</ArticleId>        </ArticleIdList>    </PubmedData></PubmedArticle><PubmedArticle>    <MedlineCitation Owner="NLM" Status="MEDLINE">        <PMID Version="1">14074844</PMID>        <DateCreated>            <Year>1964</Year>            <Month>03</Month>            <Day>01</Day>        </DateCreated>        <DateCompleted>            <Year>1996</Year>            <Month>12</Month>            <Day>01</Day>        </DateCompleted>        <DateRevised>            <Year>2011</Year>            <Month>12</Month>            <Day>01</Day>        </DateRevised>        <Article PubModel="Print">            <Journal>                <ISSN IssnType="Print">0036-8075</ISSN>                <JournalIssue CitedMedium="Print">                    <Volume>142</Volume>                    <Issue>3597</Issue>                    <PubDate>                        <Year>1963</Year>                        <Month>Dec</Month>                        <Day>6</Day>                    </PubDate>                </JournalIssue>                <Title>Science (New York, N.Y.)</Title>                <ISOAbbreviation>Science</ISOAbbreviation>            </Journal>            <ArticleTitle>PERSISTENT MITOSIS OF TRANSFUSED HOMOLOGOUS LEUKOCYTES IN CHILDREN RECEIVING ANTILEUKEMIC THERAPY.</ArticleTitle>            <Pagination>                <MedlinePgn>1305-11</MedlinePgn>            </Pagination>            <Abstract>                <AbstractText>Temporary homologous bone marrow grafts were observed in three patients with acute leukemia, receiving intensive antileukemic treatment, following transfusion of peripheral blood cells from donors with chronic myelocytic leukemia. Persistent mitosis of the transfused cells, containing the Philadelphia chromosome marker, were detected by cytogenetic techniques 19, 39, and 52 days after transfusion.</AbstractText>            </Abstract>            <AuthorList CompleteYN="Y">                <Author ValidYN="Y">                    <LastName>LEVIN</LastName>                    <ForeName>R H</ForeName>                    <Initials>RH</Initials>                </Author>                <Author ValidYN="Y">                    <LastName>WHANG</LastName>                    <ForeName>J</ForeName>                    <Initials>J</Initials>                </Author>                <Author ValidYN="Y">                    <LastName>TJIO</LastName>                    <ForeName>J H</ForeName>                    <Initials>JH</Initials>                </Author>                <Author ValidYN="Y">                    <LastName>CARBONE</LastName>                    <ForeName>P P</ForeName>                    <Initials>PP</Initials>                </Author>                <Author ValidYN="Y">                    <LastName>FREI</LastName>                    <ForeName>E</ForeName>                    <Initials>E</Initials>                    <Suffix>3rd</Suffix>                </Author>                <Author ValidYN="Y">                    <LastName>FREIREICH</LastName>                    <ForeName>E J</ForeName>                    <Initials>EJ</Initials>                </Author>            </AuthorList>            <Language>eng</Language>            <PublicationTypeList>                <PublicationType UI="D016428">Journal Article</PublicationType>            </PublicationTypeList>        </Article>        <MedlineJournalInfo>            <Country>UNITED STATES</Country>            <MedlineTA>Science</MedlineTA>            <NlmUniqueID>0404511</NlmUniqueID>            <ISSNLinking>0036-8075</ISSNLinking>        </MedlineJournalInfo>        <ChemicalList>            <Chemical>                <RegistryNumber>0</RegistryNumber>                <NameOfSubstance UI="D000970">Antineoplastic Agents</NameOfSubstance>            </Chemical>        </ChemicalList>        <CitationSubset>OM</CitationSubset>        <MeshHeadingList>            <MeshHeading>                <DescriptorName MajorTopicYN="Y" UI="D000970">Antineoplastic Agents</DescriptorName>            </MeshHeading>            <MeshHeading>                <DescriptorName MajorTopicYN="Y" UI="D002455">Cell Division</DescriptorName>            </MeshHeading>            <MeshHeading>                <DescriptorName MajorTopicYN="Y" UI="D002648">Child</DescriptorName>            </MeshHeading>            <MeshHeading>                <DescriptorName MajorTopicYN="Y" UI="D007938">Leukemia</DescriptorName>            </MeshHeading>            <MeshHeading>                <DescriptorName MajorTopicYN="Y" UI="D007945">Leukemia, Lymphoid</DescriptorName>            </MeshHeading>        </MeshHeadingList>        <KeywordList Owner="NLM">            <Keyword MajorTopicYN="Y">ANTINEOPLASTIC AGENTS</Keyword>            <Keyword MajorTopicYN="Y">CELL DIVISION</Keyword>            <Keyword MajorTopicYN="Y">CHILD</Keyword>            <Keyword MajorTopicYN="Y">LEUKEMIA</Keyword>            <Keyword MajorTopicYN="Y">LEUKEMIA, LYMPHOCYTIC</Keyword>        </KeywordList>    </MedlineCitation>    <PubmedData>        <History>            <PubMedPubDate PubStatus="pubmed">                <Year>1963</Year>                <Month>12</Month>                <Day>6</Day>            </PubMedPubDate>            <PubMedPubDate PubStatus="medline">                <Year>1963</Year>                <Month>12</Month>                <Day>6</Day>                <Hour>0</Hour>                <Minute>1</Minute>            </PubMedPubDate>            <PubMedPubDate PubStatus="entrez">                <Year>1963</Year>                <Month>12</Month>                <Day>6</Day>                <Hour>0</Hour>                <Minute>0</Minute>            </PubMedPubDate>        </History>        <PublicationStatus>ppublish</PublicationStatus>        <ArticleIdList>            <ArticleId IdType="pubmed">14074844</ArticleId>        </ArticleIdList>    </PubmedData></PubmedArticle><PubmedArticle>    <MedlineCitation Owner="NLM" Status="MEDLINE">        <PMID Version="1">14068223</PMID>        <DateCreated>            <Year>1964</Year>            <Month>03</Month>            <Day>01</Day>        </DateCreated>        <DateCompleted>            <Year>1996</Year>            <Month>12</Month>            <Day>01</Day>        </DateCompleted>        <DateRevised>            <Year>2013</Year>            <Month>11</Month>            <Day>21</Day>        </DateRevised>        <Article PubModel="Print">            <Journal>                <ISSN IssnType="Print">0036-8075</ISSN>                <JournalIssue CitedMedium="Print">                    <Volume>142</Volume>                    <Issue>3595</Issue>                    <PubDate>                        <Year>1963</Year>                        <Month>Nov</Month>                        <Day>22</Day>                    </PubDate>                </JournalIssue>                <Title>Science (New York, N.Y.)</Title>                <ISOAbbreviation>Science</ISOAbbreviation>            </Journal>            <ArticleTitle>HYDROXYUREA: MECHANISM OF ACTION.</ArticleTitle>            <Pagination>                <MedlinePgn>1069-70</MedlinePgn>            </Pagination>            <Abstract>                <AbstractText>Acetohydroxamic acid has been identified, by paper chromatography, in the blood of three patients with chronic myelogenous leukemia on hydroxyurea therapy. This suggests that the drug is hydrolyzed yielding hyroxylamine, which then cleaves thioesters, in particular acetyl-coenzyme A.</AbstractText>            </Abstract>            <AuthorList CompleteYN="Y">                <Author ValidYN="Y">                    <LastName>FISHBEIN</LastName>                    <ForeName>W N</ForeName>                    <Initials>WN</Initials>                </Author>                <Author ValidYN="Y">                    <LastName>CARBONE</LastName>                    <ForeName>P P</ForeName>                    <Initials>PP</Initials>                </Author>            </AuthorList>            <Language>eng</Language>            <PublicationTypeList>                <PublicationType UI="D016428">Journal Article</PublicationType>            </PublicationTypeList>        </Article>        <MedlineJournalInfo>            <Country>UNITED STATES</Country>            <MedlineTA>Science</MedlineTA>            <NlmUniqueID>0404511</NlmUniqueID>            <ISSNLinking>0036-8075</ISSNLinking>        </MedlineJournalInfo>        <ChemicalList>            <Chemical>                <RegistryNumber>0</RegistryNumber>                <NameOfSubstance UI="D006877">Hydroxamic Acids</NameOfSubstance>            </Chemical>            <Chemical>                <RegistryNumber>8W8T17847W</RegistryNumber>                <NameOfSubstance UI="D014508">Urea</NameOfSubstance>            </Chemical>        </ChemicalList>        <CitationSubset>OM</CitationSubset>        <MeshHeadingList>            <MeshHeading>                <DescriptorName MajorTopicYN="Y" UI="D001774">Blood Chemical Analysis</DescriptorName>            </MeshHeading>            <MeshHeading>                <DescriptorName MajorTopicYN="Y" UI="D002845">Chromatography</DescriptorName>            </MeshHeading>            <MeshHeading>                <DescriptorName MajorTopicYN="Y" UI="D006877">Hydroxamic Acids</DescriptorName>            </MeshHeading>            <MeshHeading>                <DescriptorName MajorTopicYN="Y" UI="D007951">Leukemia, Myeloid</DescriptorName>            </MeshHeading>            <MeshHeading>                <DescriptorName MajorTopicYN="Y" UI="D014508">Urea</DescriptorName>            </MeshHeading>            <MeshHeading>                <DescriptorName MajorTopicYN="Y" UI="D014556">Urine</DescriptorName>            </MeshHeading>        </MeshHeadingList>        <KeywordList Owner="NLM">            <Keyword MajorTopicYN="Y">BLOOD CHEMICAL ANALYSIS</Keyword>            <Keyword MajorTopicYN="Y">CHROMATOGRAPHY</Keyword>            <Keyword MajorTopicYN="Y">HYDROXAMIC ACID</Keyword>            <Keyword MajorTopicYN="Y">LEUKEMIA, MYELOCYTIC</Keyword>            <Keyword MajorTopicYN="Y">UREA</Keyword>            <Keyword MajorTopicYN="Y">URINE</Keyword>        </KeywordList>    </MedlineCitation>    <PubmedData>        <History>            <PubMedPubDate PubStatus="pubmed">                <Year>1963</Year>                <Month>11</Month>                <Day>22</Day>            </PubMedPubDate>            <PubMedPubDate PubStatus="medline">                <Year>1963</Year>                <Month>11</Month>                <Day>22</Day>                <Hour>0</Hour>                <Minute>1</Minute>            </PubMedPubDate>            <PubMedPubDate PubStatus="entrez">                <Year>1963</Year>                <Month>11</Month>                <Day>22</Day>                <Hour>0</Hour>                <Minute>0</Minute>            </PubMedPubDate>        </History>        <PublicationStatus>ppublish</PublicationStatus>        <ArticleIdList>            <ArticleId IdType="pubmed">14068223</ArticleId>        </ArticleIdList>    </PubmedData></PubmedArticle><PubmedArticle>    <MedlineCitation Owner="NLM" Status="MEDLINE">        <PMID Version="1">14069223</PMID>        <DateCreated>            <Year>1964</Year>            <Month>03</Month>            <Day>01</Day>        </DateCreated>        <DateCompleted>            <Year>1996</Year>            <Month>12</Month>            <Day>01</Day>        </DateCompleted>        <DateRevised>            <Year>2011</Year>            <Month>12</Month>            <Day>01</Day>        </DateRevised>        <Article PubModel="Print">            <Journal>                <ISSN IssnType="Print">0036-8075</ISSN>                <JournalIssue CitedMedium="Print">                    <Volume>142</Volume>                    <Issue>3594</Issue>                    <PubDate>                        <Year>1963</Year>                        <Month>Nov</Month>                        <Day>15</Day>                    </PubDate>                </JournalIssue>                <Title>Science (New York, N.Y.)</Title>                <ISOAbbreviation>Science</ISOAbbreviation>            </Journal>            <ArticleTitle>TRANSFORMATION OF CELLS IN VITRO BY VIRUSES.</ArticleTitle>            <Pagination>                <MedlinePgn>932-6</MedlinePgn>            </Pagination>            <AuthorList CompleteYN="Y">                <Author ValidYN="Y">                    <LastName>DULBECCO</LastName>                    <ForeName>R</ForeName>                    <Initials>R</Initials>                </Author>            </AuthorList>            <Language>eng</Language>            <PublicationTypeList>                <PublicationType UI="D016428">Journal Article</PublicationType>            </PublicationTypeList>        </Article>        <MedlineJournalInfo>            <Country>UNITED STATES</Country>            <MedlineTA>Science</MedlineTA>            <NlmUniqueID>0404511</NlmUniqueID>            <ISSNLinking>0036-8075</ISSNLinking>        </MedlineJournalInfo>        <ChemicalList>            <Chemical>                <RegistryNumber>0</RegistryNumber>                <NameOfSubstance UI="D004279">DNA, Viral</NameOfSubstance>            </Chemical>            <Chemical>                <RegistryNumber>0</RegistryNumber>                <NameOfSubstance UI="D012367">RNA, Viral</NameOfSubstance>            </Chemical>        </ChemicalList>        <CitationSubset>OM</CitationSubset>        <MeshHeadingList>            <MeshHeading>                <DescriptorName MajorTopicYN="Y" UI="D001358">Avian Sarcoma Viruses</DescriptorName>            </MeshHeading>            <MeshHeading>                <DescriptorName MajorTopicYN="Y" UI="D004279">DNA, Viral</DescriptorName>            </MeshHeading>            <MeshHeading>                <DescriptorName MajorTopicYN="N" UI="D009369">Neoplasms</DescriptorName>                <QualifierName MajorTopicYN="Y" UI="Q000209">etiology</QualifierName>            </MeshHeading>            <MeshHeading>                <DescriptorName MajorTopicYN="Y" UI="D009858">Oncogenic Viruses</DescriptorName>            </MeshHeading>            <MeshHeading>                <DescriptorName MajorTopicYN="Y" UI="D027383">Papillomaviridae</DescriptorName>            </MeshHeading>            <MeshHeading>                <DescriptorName MajorTopicYN="Y" UI="D011120">Polyomavirus</DescriptorName>            </MeshHeading>            <MeshHeading>                <DescriptorName MajorTopicYN="Y" UI="D012367">RNA, Viral</DescriptorName>            </MeshHeading>            <MeshHeading>                <DescriptorName MajorTopicYN="Y" UI="D012106">Research</DescriptorName>            </MeshHeading>            <MeshHeading>                <DescriptorName MajorTopicYN="Y" UI="D046509">Tissue Culture Techniques</DescriptorName>            </MeshHeading>        </MeshHeadingList>        <KeywordList Owner="NLM">            <Keyword MajorTopicYN="Y">DNA, VIRAL</Keyword>            <Keyword MajorTopicYN="Y">EXPERIMENTAL LAB STUDY</Keyword>            <Keyword MajorTopicYN="Y">NEOPLASM ETIOLOGY</Keyword>            <Keyword MajorTopicYN="Y">ONCOGENIC VIRUSES</Keyword>            <Keyword MajorTopicYN="Y">PAPILLOMA VIRUS</Keyword>            <Keyword MajorTopicYN="Y">POLYOMA VIRUS</Keyword>            <Keyword MajorTopicYN="Y">RNA, VIRAL</Keyword>            <Keyword MajorTopicYN="Y">ROUS SARCOMA VIRUS</Keyword>            <Keyword MajorTopicYN="Y">TISSUE CULTURE</Keyword>        </KeywordList>    </MedlineCitation>    <PubmedData>        <History>            <PubMedPubDate PubStatus="pubmed">                <Year>1963</Year>                <Month>11</Month>                <Day>15</Day>            </PubMedPubDate>            <PubMedPubDate PubStatus="medline">                <Year>1963</Year>                <Month>11</Month>                <Day>15</Day>                <Hour>0</Hour>                <Minute>1</Minute>            </PubMedPubDate>            <PubMedPubDate PubStatus="entrez">                <Year>1963</Year>                <Month>11</Month>                <Day>15</Day>                <Hour>0</Hour>                <Minute>0</Minute>            </PubMedPubDate>        </History>        <PublicationStatus>ppublish</PublicationStatus>        <ArticleIdList>            <ArticleId IdType="pubmed">14069223</ArticleId>        </ArticleIdList>    </PubmedData></PubmedArticle><PubmedArticle>    <MedlineCitation Owner="NLM" Status="MEDLINE">        <PMID Version="1">14068214</PMID>        <DateCreated>            <Year>1964</Year>            <Month>03</Month>            <Day>01</Day>        </DateCreated>        <DateCompleted>            <Year>1996</Year>            <Month>12</Month>            <Day>01</Day>        </DateCompleted>        <DateRevised>            <Year>2011</Year>            <Month>12</Month>            <Day>01</Day>        </DateRevised>        <Article PubModel="Print">            <Journal>                <ISSN IssnType="Print">0036-8075</ISSN>                <JournalIssue CitedMedium="Print">                    <Volume>142</Volume>                    <Issue>3593</Issue>                    <PubDate>                        <Year>1963</Year>                        <Month>Nov</Month>                        <Day>8</Day>                    </PubDate>                </JournalIssue>                <Title>Science (New York, N.Y.)</Title>                <ISOAbbreviation>Science</ISOAbbreviation>            </Journal>            <ArticleTitle>HEPATOMAS IN RAINBOW TROUT: DESCRIPTIVE AND EXPERIMENTAL EPIDEMIOLOGY.</ArticleTitle>            <Pagination>                <MedlinePgn>676-8</MedlinePgn>            </Pagination>            <Abstract>                <AbstractText>Four ingredients of a dry diet, Santa Monica, and a special food supplement, were tested for their effects on the occurrence of hepatomas in Salmo gairdnerii. When cottonseed meal was omitted from the diet, no hepatomas developed in the experimental fish. When the same diet with its usual cottonseed meal component was fed, 48 percent of the fish developed hepatomas.</AbstractText>            </Abstract>            <AuthorList CompleteYN="Y">                <Author ValidYN="Y">                    <LastName>WOLF</LastName>                    <ForeName>H</ForeName>                    <Initials>H</Initials>                </Author>                <Author ValidYN="Y">                    <LastName>JACKSON</LastName>                    <ForeName>E W</ForeName>                    <Initials>EW</Initials>                </Author>            </AuthorList>            <Language>eng</Language>            <PublicationTypeList>                <PublicationType UI="D016428">Journal Article</PublicationType>            </PublicationTypeList>        </Article>        <MedlineJournalInfo>            <Country>UNITED STATES</Country>            <MedlineTA>Science</MedlineTA>            <NlmUniqueID>0404511</NlmUniqueID>            <ISSNLinking>0036-8075</ISSNLinking>        </MedlineJournalInfo>        <ChemicalList>            <Chemical>                <RegistryNumber>0</RegistryNumber>                <NameOfSubstance UI="D003369">Cottonseed Oil</NameOfSubstance>            </Chemical>        </ChemicalList>        <CitationSubset>OM</CitationSubset>        <MeshHeadingList>            <MeshHeading>                <DescriptorName MajorTopicYN="Y" UI="D006528">Carcinoma, Hepatocellular</DescriptorName>            </MeshHeading>            <MeshHeading>                <DescriptorName MajorTopicYN="Y" UI="D003369">Cottonseed Oil</DescriptorName>            </MeshHeading>            <MeshHeading>                <DescriptorName MajorTopicYN="Y" UI="D005399">Fishes</DescriptorName>            </MeshHeading>            <MeshHeading>                <DescriptorName MajorTopicYN="Y" UI="D012106">Research</DescriptorName>            </MeshHeading>            <MeshHeading>                <DescriptorName MajorTopicYN="Y" UI="D014116">Toxicology</DescriptorName>            </MeshHeading>        </MeshHeadingList>        <KeywordList Owner="NLM">            <Keyword MajorTopicYN="Y">COTTONSEED</Keyword>            <Keyword MajorTopicYN="Y">EXPERIMENTAL LAB STUDY</Keyword>            <Keyword MajorTopicYN="Y">FISHES</Keyword>            <Keyword MajorTopicYN="Y">HEPATOMA</Keyword>            <Keyword MajorTopicYN="Y">TOXICOLOGIC REPORT</Keyword>        </KeywordList>    </MedlineCitation>    <PubmedData>        <History>            <PubMedPubDate PubStatus="pubmed">                <Year>1963</Year>                <Month>11</Month>                <Day>8</Day>            </PubMedPubDate>            <PubMedPubDate PubStatus="medline">                <Year>1963</Year>                <Month>11</Month>                <Day>8</Day>                <Hour>0</Hour>                <Minute>1</Minute>            </PubMedPubDate>            <PubMedPubDate PubStatus="entrez">                <Year>1963</Year>                <Month>11</Month>                <Day>8</Day>                <Hour>0</Hour>                <Minute>0</Minute>            </PubMedPubDate>        </History>        <PublicationStatus>ppublish</PublicationStatus>        <ArticleIdList>            <ArticleId IdType="pubmed">14068214</ArticleId>        </ArticleIdList>    </PubmedData></PubmedArticle><PubmedArticle>    <MedlineCitation Owner="NLM" Status="MEDLINE">        <PMID Version="1">14074833</PMID>        <DateCreated>            <Year>1964</Year>            <Month>03</Month>            <Day>01</Day>        </DateCreated>        <DateCompleted>            <Year>1996</Year>            <Month>12</Month>            <Day>01</Day>        </DateCompleted>        <DateRevised>            <Year>2011</Year>            <Month>12</Month>            <Day>01</Day>        </DateRevised>        <Article PubModel="Print">            <Journal>                <ISSN IssnType="Print">0036-8075</ISSN>                <JournalIssue CitedMedium="Print">                    <Volume>142</Volume>                    <Issue>3592</Issue>                    <PubDate>                        <Year>1963</Year>                        <Month>Nov</Month>                        <Day>1</Day>                    </PubDate>                </JournalIssue>                <Title>Science (New York, N.Y.)</Title>                <ISOAbbreviation>Science</ISOAbbreviation>            </Journal>            <ArticleTitle>GLYCOGEN-CONTAINING CELLS OF ESTROGEN-INDUCED RENAL TUMORS OF THE HAMSTER.</ArticleTitle>            <Pagination>                <MedlinePgn>592-3</MedlinePgn>            </Pagination>            <Abstract>                <AbstractText>Cells which contain glycogen, and which may arise from the connective tissue matrix, can be demonstrated in the estrogen-induced renal tumor of the hamster when the tumor tissue used has either been lyophilized or frozen and then substituted in absolute alcohol containing mercuric chloride. Glycogen has not been found previously in this type of tumor. Studies of the role of glycogen in this type of neoplasm nmay elucidate mechanisms of tumorigenesis.</AbstractText>            </Abstract>            <AuthorList CompleteYN="Y">                <Author ValidYN="Y">                    <LastName>ARCADI</LastName>                    <ForeName>J A</ForeName>                    <Initials>JA</Initials>                </Author>            </AuthorList>            <Language>eng</Language>            <PublicationTypeList>                <PublicationType UI="D016428">Journal Article</PublicationType>            </PublicationTypeList>        </Article>        <MedlineJournalInfo>            <Country>UNITED STATES</Country>            <MedlineTA>Science</MedlineTA>            <NlmUniqueID>0404511</NlmUniqueID>            <ISSNLinking>0036-8075</ISSNLinking>        </MedlineJournalInfo>        <ChemicalList>            <Chemical>                <RegistryNumber>0</RegistryNumber>                <NameOfSubstance UI="D004967">Estrogens</NameOfSubstance>            </Chemical>            <Chemical>                <RegistryNumber>9005-79-2</RegistryNumber>                <NameOfSubstance UI="D006003">Glycogen</NameOfSubstance>            </Chemical>        </ChemicalList>        <CitationSubset>OM</CitationSubset>        <MeshHeadingList>            <MeshHeading>                <DescriptorName MajorTopicYN="N" UI="D001669">Biochemical Phenomena</DescriptorName>            </MeshHeading>            <MeshHeading>                <DescriptorName MajorTopicYN="Y" UI="D001671">Biochemistry</DescriptorName>            </MeshHeading>            <MeshHeading>                <DescriptorName MajorTopicYN="Y" UI="D006224">Cricetinae</DescriptorName>            </MeshHeading>            <MeshHeading>                <DescriptorName MajorTopicYN="Y" UI="D004967">Estrogens</DescriptorName>            </MeshHeading>            <MeshHeading>                <DescriptorName MajorTopicYN="Y" UI="D006003">Glycogen</DescriptorName>            </MeshHeading>            <MeshHeading>                <DescriptorName MajorTopicYN="Y" UI="D007680">Kidney Neoplasms</DescriptorName>            </MeshHeading>            <MeshHeading>                <DescriptorName MajorTopicYN="Y" UI="D012106">Research</DescriptorName>            </MeshHeading>            <MeshHeading>                <DescriptorName MajorTopicYN="Y" UI="D014116">Toxicology</DescriptorName>            </MeshHeading>        </MeshHeadingList>        <KeywordList Owner="NLM">            <Keyword MajorTopicYN="Y">BIOCHEMISTRY</Keyword>            <Keyword MajorTopicYN="Y">ESTROGENS</Keyword>            <Keyword MajorTopicYN="Y">EXPERIMENTAL LAB STUDY</Keyword>            <Keyword MajorTopicYN="Y">GLYCOGEN</Keyword>            <Keyword MajorTopicYN="Y">HAMSTERS</Keyword>            <Keyword MajorTopicYN="Y">KIDNEY NEOPLASMS</Keyword>            <Keyword MajorTopicYN="Y">TOXICOLOGIC REPORT</Keyword>        </KeywordList>    </MedlineCitation>    <PubmedData>        <History>            <PubMedPubDate PubStatus="pubmed">                <Year>1963</Year>                <Month>11</Month>                <Day>1</Day>            </PubMedPubDate>            <PubMedPubDate PubStatus="medline">                <Year>1963</Year>                <Month>11</Month>                <Day>1</Day>                <Hour>0</Hour>                <Minute>1</Minute>            </PubMedPubDate>            <PubMedPubDate PubStatus="entrez">                <Year>1963</Year>                <Month>11</Month>                <Day>1</Day>                <Hour>0</Hour>                <Minute>0</Minute>            </PubMedPubDate>        </History>        <PublicationStatus>ppublish</PublicationStatus>        <ArticleIdList>            <ArticleId IdType="pubmed">14074833</ArticleId>        </ArticleIdList>    </PubmedData></PubmedArticle><PubmedArticle>    <MedlineCitation Owner="NLM" Status="PubMed-not-MEDLINE">        <PMID Version="1">17748161</PMID>        <DateCreated>            <Year>2010</Year>            <Month>06</Month>            <Day>07</Day>        </DateCreated>        <DateCompleted>            <Year>2010</Year>            <Month>07</Month>            <Day>02</Day>        </DateCompleted>        <Article PubModel="Print">            <Journal>                <ISSN IssnType="Print">0036-8075</ISSN>                <JournalIssue CitedMedium="Print">                    <Volume>142</Volume>                    <Issue>3591</Issue>                    <PubDate>                        <Year>1963</Year>                        <Month>Oct</Month>                        <Day>25</Day>                    </PubDate>                </JournalIssue>                <Title>Science (New York, N.Y.)</Title>                <ISOAbbreviation>Science</ISOAbbreviation>            </Journal>            <ArticleTitle>Krebiozen: No Clinical Test, Says National Cancer Institute.</ArticleTitle>            <Pagination>                <MedlinePgn>472</MedlinePgn>            </Pagination>            <AuthorList CompleteYN="Y">                <Author ValidYN="Y">                    <LastName>L</LastName>                    <ForeName>E</ForeName>                    <Initials>E</Initials>                </Author>            </AuthorList>            <Language>eng</Language>            <PublicationTypeList>                <PublicationType UI="D016428">Journal Article</PublicationType>            </PublicationTypeList>        </Article>        <MedlineJournalInfo>            <Country>United States</Country>            <MedlineTA>Science</MedlineTA>            <NlmUniqueID>0404511</NlmUniqueID>            <ISSNLinking>0036-8075</ISSNLinking>        </MedlineJournalInfo>    </MedlineCitation>    <PubmedData>        <History>            <PubMedPubDate PubStatus="pubmed">                <Year>1963</Year>                <Month>10</Month>                <Day>25</Day>                <Hour>0</Hour>                <Minute>0</Minute>            </PubMedPubDate>            <PubMedPubDate PubStatus="medline">                <Year>1963</Year>                <Month>10</Month>                <Day>25</Day>                <Hour>0</Hour>                <Minute>1</Minute>            </PubMedPubDate>            <PubMedPubDate PubStatus="entrez">                <Year>1963</Year>                <Month>10</Month>                <Day>25</Day>                <Hour>0</Hour>                <Minute>0</Minute>            </PubMedPubDate>        </History>        <PublicationStatus>ppublish</PublicationStatus>        <ArticleIdList>            <ArticleId IdType="pii">142/3591/472</ArticleId>            <ArticleId IdType="doi">10.1126/science.142.3591.472</ArticleId>            <ArticleId IdType="pubmed">17748161</ArticleId>        </ArticleIdList>    </PubmedData></PubmedArticle><PubmedArticle>    <MedlineCitation Owner="NLM" Status="PubMed-not-MEDLINE">        <PMID Version="1">17799463</PMID>        <DateCreated>            <Year>2010</Year>            <Month>06</Month>            <Day>07</Day>        </DateCreated>        <DateCompleted>            <Year>2010</Year>            <Month>07</Month>            <Day>02</Day>        </DateCompleted>        <Article PubModel="Print">            <Journal>                <ISSN IssnType="Print">0036-8075</ISSN>                <JournalIssue CitedMedium="Print">                    <Volume>142</Volume>                    <Issue>3590</Issue>                    <PubDate>                        <Year>1963</Year>                        <Month>Oct</Month>                        <Day>18</Day>                    </PubDate>                </JournalIssue>                <Title>Science (New York, N.Y.)</Title>                <ISOAbbreviation>Science</ISOAbbreviation>            </Journal>            <ArticleTitle>Cancer: Ether-Soluble Substance.</ArticleTitle>            <Pagination>                <MedlinePgn>339-41</MedlinePgn>            </Pagination>            <AuthorList CompleteYN="Y">                <Author ValidYN="Y">                    <LastName>Yatvin</LastName>                    <ForeName>M B</ForeName>                    <Initials>MB</Initials>                </Author>            </AuthorList>            <Language>eng</Language>            <PublicationTypeList>                <PublicationType UI="D016428">Journal Article</PublicationType>            </PublicationTypeList>        </Article>        <MedlineJournalInfo>            <Country>United States</Country>            <MedlineTA>Science</MedlineTA>            <NlmUniqueID>0404511</NlmUniqueID>            <ISSNLinking>0036-8075</ISSNLinking>        </MedlineJournalInfo>    </MedlineCitation>    <PubmedData>        <History>            <PubMedPubDate PubStatus="pubmed">                <Year>1963</Year>                <Month>10</Month>                <Day>18</Day>                <Hour>0</Hour>                <Minute>0</Minute>            </PubMedPubDate>            <PubMedPubDate PubStatus="medline">                <Year>1963</Year>                <Month>10</Month>                <Day>18</Day>                <Hour>0</Hour>                <Minute>1</Minute>            </PubMedPubDate>            <PubMedPubDate PubStatus="entrez">                <Year>1963</Year>                <Month>10</Month>                <Day>18</Day>                <Hour>0</Hour>                <Minute>0</Minute>            </PubMedPubDate>        </History>        <PublicationStatus>ppublish</PublicationStatus>        <ArticleIdList>            <ArticleId IdType="pii">142/3590/339-a</ArticleId>            <ArticleId IdType="doi">10.1126/science.142.3590.339-a</ArticleId>            <ArticleId IdType="pubmed">17799463</ArticleId>        </ArticleIdList>    </PubmedData></PubmedArticle><PubmedArticle>    <MedlineCitation Owner="NLM" Status="PubMed-not-MEDLINE">        <PMID Version="1">17834844</PMID>        <DateCreated>            <Year>2010</Year>            <Month>06</Month>            <Day>08</Day>        </DateCreated>        <DateCompleted>            <Year>2010</Year>            <Month>07</Month>            <Day>02</Day>        </DateCompleted>        <Article PubModel="Print">            <Journal>                <ISSN IssnType="Print">0036-8075</ISSN>                <JournalIssue CitedMedium="Print">                    <Volume>142</Volume>                    <Issue>3589</Issue>                    <PubDate>                        <Year>1963</Year>                        <Month>Oct</Month>                        <Day>11</Day>                    </PubDate>                </JournalIssue>                <Title>Science (New York, N.Y.)</Title>                <ISOAbbreviation>Science</ISOAbbreviation>            </Journal>            <ArticleTitle>Cell Division and Cancer.</ArticleTitle>            <Pagination>                <MedlinePgn>252-61</MedlinePgn>            </Pagination>            <AuthorList CompleteYN="Y">                <Author ValidYN="Y">                    <LastName>Gongdon</LastName>                    <ForeName>C C</ForeName>                    <Initials>CC</Initials>                </Author>            </AuthorList>            <Language>eng</Language>            <PublicationTypeList>                <PublicationType UI="D016428">Journal Article</PublicationType>            </PublicationTypeList>        </Article>        <MedlineJournalInfo>            <Country>United States</Country>            <MedlineTA>Science</MedlineTA>            <NlmUniqueID>0404511</NlmUniqueID>            <ISSNLinking>0036-8075</ISSNLinking>        </MedlineJournalInfo>    </MedlineCitation>    <PubmedData>        <History>            <PubMedPubDate PubStatus="pubmed">                <Year>1963</Year>                <Month>10</Month>                <Day>11</Day>                <Hour>0</Hour>                <Minute>0</Minute>            </PubMedPubDate>            <PubMedPubDate PubStatus="medline">                <Year>1963</Year>                <Month>10</Month>                <Day>11</Day>                <Hour>0</Hour>                <Minute>1</Minute>            </PubMedPubDate>            <PubMedPubDate PubStatus="entrez">                <Year>1963</Year>                <Month>10</Month>                <Day>11</Day>                <Hour>0</Hour>                <Minute>0</Minute>            </PubMedPubDate>        </History>        <PublicationStatus>ppublish</PublicationStatus>        <ArticleIdList>            <ArticleId IdType="pii">142/3589/252</ArticleId>            <ArticleId IdType="doi">10.1126/science.142.3589.252</ArticleId>            <ArticleId IdType="pubmed">17834844</ArticleId>        </ArticleIdList>    </PubmedData></PubmedArticle><PubmedArticle>    <MedlineCitation Owner="NLM" Status="MEDLINE">        <PMID Version="1">14043360</PMID>        <DateCreated>            <Year>1964</Year>            <Month>01</Month>            <Day>01</Day>        </DateCreated>        <DateCompleted>            <Year>1996</Year>            <Month>12</Month>            <Day>01</Day>        </DateCompleted>        <DateRevised>            <Year>2011</Year>            <Month>12</Month>            <Day>01</Day>        </DateRevised>        <Article PubModel="Print">            <Journal>                <ISSN IssnType="Print">0036-8075</ISSN>                <JournalIssue CitedMedium="Print">                    <Volume>141</Volume>                    <Issue>3586</Issue>                    <PubDate>                        <Year>1963</Year>                        <Month>Sep</Month>                        <Day>20</Day>                    </PubDate>                </JournalIssue>                <Title>Science (New York, N.Y.)</Title>                <ISOAbbreviation>Science</ISOAbbreviation>            </Journal>            <ArticleTitle>TEMPERATURE-DEPENDENT HISTOTYPIC CHANGES IN WALKER CARCINOSARCOMA IN THE CHORIOALLANTOIS.</ArticleTitle>            <Pagination>                <MedlinePgn>1181-2</MedlinePgn>            </Pagination>            <Abstract>                <AbstractText>Solid tumors grew in the chorioallantois of chick embryos after the topical inoculation of ascites tumor cells. The microscopic character of the growth varied depending on the temperature of incubation. At 32.5 degrees C a sarcomatous appearance was prominent; at 37.5 degrees C carcinomatous structure in several alveolar patterns predominated; at 42.5 degrees C growth was that of a &quot;giant cell&quot; carcinoma.</AbstractText>            </Abstract>            <AuthorList CompleteYN="Y">                <Author ValidYN="Y">                    <LastName>LEIGHTON</LastName>                    <ForeName>D J</ForeName>                    <Initials>DJ</Initials>                </Author>                <Author ValidYN="Y">                    <LastName>MERKOW</LastName>                    <ForeName>L</ForeName>                    <Initials>L</Initials>                </Author>                <Author ValidYN="Y">                    <LastName>JUSTH</LastName>                    <ForeName>G</ForeName>                    <Initials>G</Initials>                </Author>            </AuthorList>            <Language>eng</Language>            <PublicationTypeList>                <PublicationType UI="D016428">Journal Article</PublicationType>            </PublicationTypeList>        </Article>        <MedlineJournalInfo>            <Country>UNITED STATES</Country>            <MedlineTA>Science</MedlineTA>            <NlmUniqueID>0404511</NlmUniqueID>            <ISSNLinking>0036-8075</ISSNLinking>        </MedlineJournalInfo>        <CitationSubset>OM</CitationSubset>        <MeshHeadingList>            <MeshHeading>                <DescriptorName MajorTopicYN="Y" UI="D001831">Body Temperature</DescriptorName>            </MeshHeading>            <MeshHeading>                <DescriptorName MajorTopicYN="Y" UI="D002279">Carcinoma 256, Walker</DescriptorName>            </MeshHeading>            <MeshHeading>                <DescriptorName MajorTopicYN="Y" UI="D002642">Chick Embryo</DescriptorName>            </MeshHeading>            <MeshHeading>                <DescriptorName MajorTopicYN="Y" UI="D012106">Research</DescriptorName>            </MeshHeading>        </MeshHeadingList>        <KeywordList Owner="NLM">            <Keyword MajorTopicYN="Y">BODY TEMPERATURE</Keyword>            <Keyword MajorTopicYN="Y">CARCINOMA 256, WALKER</Keyword>            <Keyword MajorTopicYN="Y">CHICK EMBRYO</Keyword>            <Keyword MajorTopicYN="Y">EXPERIMENTAL LAB STUDY</Keyword>        </KeywordList>    </MedlineCitation>    <PubmedData>        <History>            <PubMedPubDate PubStatus="pubmed">                <Year>1963</Year>                <Month>9</Month>                <Day>20</Day>            </PubMedPubDate>            <PubMedPubDate PubStatus="medline">                <Year>1963</Year>                <Month>9</Month>                <Day>20</Day>                <Hour>0</Hour>                <Minute>1</Minute>            </PubMedPubDate>            <PubMedPubDate PubStatus="entrez">                <Year>1963</Year>                <Month>9</Month>                <Day>20</Day>                <Hour>0</Hour>                <Minute>0</Minute>            </PubMedPubDate>        </History>        <PublicationStatus>ppublish</PublicationStatus>        <ArticleIdList>            <ArticleId IdType="pubmed">14043360</ArticleId>        </ArticleIdList>    </PubmedData></PubmedArticle><PubmedArticle>    <MedlineCitation Owner="NLM" Status="MEDLINE">        <PMID Version="1">13990423</PMID>        <DateCreated>            <Year>1963</Year>            <Month>12</Month>            <Day>01</Day>        </DateCreated>        <DateCompleted>            <Year>1998</Year>            <Month>11</Month>            <Day>01</Day>        </DateCompleted>        <DateRevised>            <Year>2011</Year>            <Month>12</Month>            <Day>01</Day>        </DateRevised>        <Article PubModel="Print">            <Journal>                <ISSN IssnType="Print">0036-8075</ISSN>                <JournalIssue CitedMedium="Print">                    <Volume>141</Volume>                    <Issue>3582</Issue>                    <PubDate>                        <Year>1963</Year>                        <Month>Aug</Month>                        <Day>23</Day>                    </PubDate>                </JournalIssue>                <Title>Science (New York, N.Y.)</Title>                <ISOAbbreviation>Science</ISOAbbreviation>            </Journal>            <ArticleTitle>Spontaneous kidney tumors in the frog: rate of occurrence in isolated adults.</ArticleTitle>            <Pagination>                <MedlinePgn>720-1</MedlinePgn>            </Pagination>            <Abstract>                <AbstractText>Kidney tumors in the frog are thought to be virus-caused and naturally transmitted. The present report indicates that natural transmission between mature adults is not a factor in spontaneous tumor development and implies primary infection at earlier stages if a virus is indeed involved. Parasitism and nutritional state appear to be of little significance.</AbstractText>            </Abstract>            <AuthorList CompleteYN="Y">                <Author ValidYN="Y">                    <LastName>RAFFERTY</LastName>                    <ForeName>K A</ForeName>                    <Initials>KA</Initials>                    <Suffix>Jr</Suffix>                </Author>            </AuthorList>            <Language>eng</Language>            <PublicationTypeList>                <PublicationType UI="D016428">Journal Article</PublicationType>            </PublicationTypeList>        </Article>        <MedlineJournalInfo>            <Country>Not Available</Country>            <MedlineTA>Science</MedlineTA>            <NlmUniqueID>0404511</NlmUniqueID>            <ISSNLinking>0036-8075</ISSNLinking>        </MedlineJournalInfo>        <CitationSubset>OM</CitationSubset>        <MeshHeadingList>            <MeshHeading>                <DescriptorName MajorTopicYN="Y" UI="D001001">Anura</DescriptorName>            </MeshHeading>            <MeshHeading>                <DescriptorName MajorTopicYN="Y" UI="D007680">Kidney Neoplasms</DescriptorName>            </MeshHeading>        </MeshHeadingList>        <KeywordList Owner="NLM">            <Keyword MajorTopicYN="Y">FROGS</Keyword>            <Keyword MajorTopicYN="Y">KIDNEY NEOPLASMS</Keyword>        </KeywordList>    </MedlineCitation>    <PubmedData>        <History>            <PubMedPubDate PubStatus="pubmed">                <Year>1963</Year>                <Month>8</Month>                <Day>23</Day>            </PubMedPubDate>            <PubMedPubDate PubStatus="medline">                <Year>1963</Year>                <Month>8</Month>                <Day>23</Day>                <Hour>0</Hour>                <Minute>1</Minute>            </PubMedPubDate>            <PubMedPubDate PubStatus="entrez">                <Year>1963</Year>                <Month>8</Month>                <Day>23</Day>                <Hour>0</Hour>                <Minute>0</Minute>            </PubMedPubDate>        </History>        <PublicationStatus>ppublish</PublicationStatus>        <ArticleIdList>            <ArticleId IdType="pubmed">13990423</ArticleId>        </ArticleIdList>    </PubmedData></PubmedArticle><PubmedArticle>    <MedlineCitation Owner="NLM" Status="MEDLINE">        <PMID Version="1">14027388</PMID>        <DateCreated>            <Year>1963</Year>            <Month>12</Month>            <Day>01</Day>        </DateCreated>        <DateCompleted>            <Year>1998</Year>            <Month>11</Month>            <Day>01</Day>        </DateCompleted>        <DateRevised>            <Year>2011</Year>            <Month>12</Month>            <Day>01</Day>        </DateRevised>        <Article PubModel="Print">            <Journal>                <ISSN IssnType="Print">0036-8075</ISSN>                <JournalIssue CitedMedium="Print">                    <Volume>141</Volume>                    <Issue>3579</Issue>                    <PubDate>                        <Year>1963</Year>                        <Month>Aug</Month>                        <Day>2</Day>                    </PubDate>                </JournalIssue>                <Title>Science (New York, N.Y.)</Title>                <ISOAbbreviation>Science</ISOAbbreviation>            </Journal>            <ArticleTitle>Crystalline low molecular weight gamma-globulin from a human urine.</ArticleTitle>            <Pagination>                <MedlinePgn>435-6</MedlinePgn>            </Pagination>            <Abstract>                <AbstractText>A basic protein with a molecular weight near 17,000, related serologically to the normal serum gamma(2)-globulins, has been isolated in crystalline form from the urine of a patient with multiple myeloma. Proteins of this size along with the Bence-Jones molecules whose inolecular weight is about 35,000 can provide subunits for studies of the structure of the serum gamma-globulins.</AbstractText>            </Abstract>            <AuthorList CompleteYN="Y">                <Author ValidYN="Y">                    <LastName>DEUTSCH</LastName>                    <ForeName>H F</ForeName>                    <Initials>HF</Initials>                </Author>            </AuthorList>            <Language>eng</Language>            <PublicationTypeList>                <PublicationType UI="D016428">Journal Article</PublicationType>            </PublicationTypeList>        </Article>        <MedlineJournalInfo>            <Country>Not Available</Country>            <MedlineTA>Science</MedlineTA>            <NlmUniqueID>0404511</NlmUniqueID>            <ISSNLinking>0036-8075</ISSNLinking>        </MedlineJournalInfo>        <ChemicalList>            <Chemical>                <RegistryNumber>0</RegistryNumber>                <NameOfSubstance UI="D005719">gamma-Globulins</NameOfSubstance>            </Chemical>        </ChemicalList>        <CitationSubset>OM</CitationSubset>        <MeshHeadingList>            <MeshHeading>                <DescriptorName MajorTopicYN="Y" UI="D009101">Multiple Myeloma</DescriptorName>            </MeshHeading>            <MeshHeading>                <DescriptorName MajorTopicYN="Y" UI="D005719">gamma-Globulins</DescriptorName>            </MeshHeading>        </MeshHeadingList>        <KeywordList Owner="NLM">            <Keyword MajorTopicYN="Y">GAMMA GLOBULIN</Keyword>            <Keyword MajorTopicYN="Y">MULTIPLE MYELOMA</Keyword>        </KeywordList>    </MedlineCitation>    <PubmedData>        <History>            <PubMedPubDate PubStatus="pubmed">                <Year>1963</Year>                <Month>8</Month>                <Day>2</Day>            </PubMedPubDate>            <PubMedPubDate PubStatus="medline">                <Year>1963</Year>                <Month>8</Month>                <Day>2</Day>                <Hour>0</Hour>                <Minute>1</Minute>            </PubMedPubDate>            <PubMedPubDate PubStatus="entrez">                <Year>1963</Year>                <Month>8</Month>                <Day>2</Day>                <Hour>0</Hour>                <Minute>0</Minute>            </PubMedPubDate>        </History>        <PublicationStatus>ppublish</PublicationStatus>        <ArticleIdList>            <ArticleId IdType="pubmed">14027388</ArticleId>        </ArticleIdList>    </PubmedData></PubmedArticle><PubmedArticle>    <MedlineCitation Owner="NLM" Status="PubMed-not-MEDLINE">        <PMID Version="1">17742878</PMID>        <DateCreated>            <Year>2010</Year>            <Month>06</Month>            <Day>07</Day>        </DateCreated>        <DateCompleted>            <Year>2010</Year>            <Month>07</Month>            <Day>02</Day>        </DateCompleted>        <Article PubModel="Print">            <Journal>                <ISSN IssnType="Print">0036-8075</ISSN>                <JournalIssue CitedMedium="Print">                    <Volume>141</Volume>                    <Issue>3575</Issue>                    <PubDate>                        <Year>1963</Year>                        <Month>Jul</Month>                        <Day>5</Day>                    </PubDate>                </JournalIssue>                <Title>Science (New York, N.Y.)</Title>                <ISOAbbreviation>Science</ISOAbbreviation>            </Journal>            <ArticleTitle>Krebiozen: FDA Deadline Brings New, but Not the Final, Episode in Controversy over Cancer Drug.</ArticleTitle>            <Pagination>                <MedlinePgn>31-3</MedlinePgn>            </Pagination>            <AuthorList CompleteYN="Y">                <Author ValidYN="Y">                    <LastName>Langer</LastName>                    <ForeName>E</ForeName>                    <Initials>E</Initials>                </Author>            </AuthorList>            <Language>eng</Language>            <PublicationTypeList>                <PublicationType UI="D016428">Journal Article</PublicationType>            </PublicationTypeList>        </Article>        <MedlineJournalInfo>            <Country>United States</Country>            <MedlineTA>Science</MedlineTA>            <NlmUniqueID>0404511</NlmUniqueID>            <ISSNLinking>0036-8075</ISSNLinking>        </MedlineJournalInfo>    </MedlineCitation>    <PubmedData>        <History>            <PubMedPubDate PubStatus="pubmed">                <Year>1963</Year>                <Month>7</Month>                <Day>5</Day>                <Hour>0</Hour>                <Minute>0</Minute>            </PubMedPubDate>            <PubMedPubDate PubStatus="medline">                <Year>1963</Year>                <Month>7</Month>                <Day>5</Day>                <Hour>0</Hour>                <Minute>1</Minute>            </PubMedPubDate>            <PubMedPubDate PubStatus="entrez">                <Year>1963</Year>                <Month>7</Month>                <Day>5</Day>                <Hour>0</Hour>                <Minute>0</Minute>            </PubMedPubDate>        </History>        <PublicationStatus>ppublish</PublicationStatus>        <ArticleIdList>            <ArticleId IdType="pii">141/3575/31</ArticleId>            <ArticleId IdType="doi">10.1126/science.141.3575.31</ArticleId>            <ArticleId IdType="pubmed">17742878</ArticleId>        </ArticleIdList>    </PubmedData></PubmedArticle><PubmedArticle>    <MedlineCitation Owner="NLM" Status="MEDLINE">        <PMID Version="1">13979937</PMID>        <DateCreated>            <Year>1963</Year>            <Month>12</Month>            <Day>01</Day>        </DateCreated>        <DateCompleted>            <Year>1998</Year>            <Month>11</Month>            <Day>01</Day>        </DateCompleted>        <DateRevised>            <Year>2011</Year>            <Month>12</Month>            <Day>01</Day>        </DateRevised>        <Article PubModel="Print">            <Journal>                <ISSN IssnType="Print">0036-8075</ISSN>                <JournalIssue CitedMedium="Print">                    <Volume>140</Volume>                    <Issue>3574</Issue>                    <PubDate>                        <Year>1963</Year>                        <Month>Jun</Month>                        <Day>28</Day>                    </PubDate>                </JournalIssue>                <Title>Science (New York, N.Y.)</Title>                <ISOAbbreviation>Science</ISOAbbreviation>            </Journal>            <ArticleTitle>Cancer therapy: a possible new approach.</ArticleTitle>            <Pagination>                <MedlinePgn>1391-2</MedlinePgn>            </Pagination>            <Abstract>                <AbstractText>Two substances, one promoting growth (promine) of ascites tumors in mice and the other inhibiting it (retine) have both been found in several tissues, namely, thymus, aorta, muscle, and tendon. In spite of similar solubilities in the solvents used for their extraction, the substances could be roughly separated. The value of the ratio between these substances in the same tissue may be significant.</AbstractText>            </Abstract>            <AuthorList CompleteYN="Y">                <Author ValidYN="Y">                    <LastName>SZENT-GYORGYI</LastName>                    <ForeName>A</ForeName>                    <Initials>A</Initials>                </Author>                <Author ValidYN="Y">                    <LastName>HEGYELI</LastName>                    <ForeName>A</ForeName>                    <Initials>A</Initials>                </Author>                <Author ValidYN="Y">                    <LastName>McLAUGHLIN</LastName>                    <ForeName>J A</ForeName>                    <Initials>JA</Initials>                </Author>            </AuthorList>            <Language>eng</Language>            <PublicationTypeList>                <PublicationType UI="D016428">Journal Article</PublicationType>            </PublicationTypeList>        </Article>        <MedlineJournalInfo>            <Country>Not Available</Country>            <MedlineTA>Science</MedlineTA>            <NlmUniqueID>0404511</NlmUniqueID>            <ISSNLinking>0036-8075</ISSNLinking>        </MedlineJournalInfo>        <ChemicalList>            <Chemical>                <RegistryNumber>0</RegistryNumber>                <NameOfSubstance UI="D000970">Antineoplastic Agents</NameOfSubstance>            </Chemical>            <Chemical>                <RegistryNumber>0</RegistryNumber>                <NameOfSubstance UI="D013450">Sulfones</NameOfSubstance>            </Chemical>        </ChemicalList>        <CitationSubset>OM</CitationSubset>        <MeshHeadingList>            <MeshHeading>                <DescriptorName MajorTopicYN="Y" UI="D000970">Antineoplastic Agents</DescriptorName>            </MeshHeading>            <MeshHeading>                <DescriptorName MajorTopicYN="Y" UI="D009374">Neoplasms, Experimental</DescriptorName>            </MeshHeading>            <MeshHeading>                <DescriptorName MajorTopicYN="Y" UI="D013450">Sulfones</DescriptorName>            </MeshHeading>        </MeshHeadingList>        <KeywordList Owner="NLM">            <Keyword MajorTopicYN="Y">ANTINEOPLASTIC AGENTS</Keyword>            <Keyword MajorTopicYN="Y">NEOPLASMS, EXPERIMENTAL</Keyword>            <Keyword MajorTopicYN="Y">SULFONES</Keyword>        </KeywordList>    </MedlineCitation>    <PubmedData>        <History>            <PubMedPubDate PubStatus="pubmed">                <Year>1963</Year>                <Month>6</Month>                <Day>28</Day>            </PubMedPubDate>            <PubMedPubDate PubStatus="medline">                <Year>1963</Year>                <Month>6</Month>                <Day>28</Day>                <Hour>0</Hour>                <Minute>1</Minute>            </PubMedPubDate>            <PubMedPubDate PubStatus="entrez">                <Year>1963</Year>                <Month>6</Month>                <Day>28</Day>                <Hour>0</Hour>                <Minute>0</Minute>            </PubMedPubDate>        </History>        <PublicationStatus>ppublish</PublicationStatus>        <ArticleIdList>            <ArticleId IdType="pubmed">13979937</ArticleId>        </ArticleIdList>    </PubmedData></PubmedArticle><PubmedArticle>    <MedlineCitation Owner="NLM" Status="MEDLINE">        <PMID Version="1">13936650</PMID>        <DateCreated>            <Year>1963</Year>            <Month>12</Month>            <Day>01</Day>        </DateCreated>        <DateCompleted>            <Year>1998</Year>            <Month>11</Month>            <Day>01</Day>        </DateCompleted>        <DateRevised>            <Year>2011</Year>            <Month>12</Month>            <Day>01</Day>        </DateRevised>        <Article PubModel="Print">            <Journal>                <ISSN IssnType="Print">0036-8075</ISSN>                <JournalIssue CitedMedium="Print">                    <Volume>140</Volume>                    <Issue>3574</Issue>                    <PubDate>                        <Year>1963</Year>                        <Month>Jun</Month>                        <Day>28</Day>                    </PubDate>                </JournalIssue>                <Title>Science (New York, N.Y.)</Title>                <ISOAbbreviation>Science</ISOAbbreviation>            </Journal>            <ArticleTitle>Tumors induced in primates by chicken sarcoma virus.</ArticleTitle>            <Pagination>                <MedlinePgn>1415-6</MedlinePgn>            </Pagination>            <Abstract>                <AbstractText>A suspension of a variant of Rous sarcoma was injected into four adult and eight newborn rhesus monkeys. Seven newborns developed tumors, three of which were diagnosed as fibrosarcomas, in 2 to 6 weeks; none of the adults have tumors after 11 weeks. Virus was demonstrated in two of the tumors by injecting a tumor-suspension preparation into the chick wing-web where tumors subsequently appeared. To the best of our knowledge this is the first time that sarcomas have developed in primates after a virus has been injected.</AbstractText>            </Abstract>            <AuthorList CompleteYN="Y">                <Author ValidYN="Y">                    <LastName>MUNROE</LastName>                    <ForeName>J S</ForeName>                    <Initials>JS</Initials>                </Author>                <Author ValidYN="Y">                    <LastName>WINDLE</LastName>                    <ForeName>W F</ForeName>                    <Initials>WF</Initials>                </Author>            </AuthorList>            <Language>eng</Language>            <PublicationTypeList>                <PublicationType UI="D016428">Journal Article</PublicationType>            </PublicationTypeList>        </Article>        <MedlineJournalInfo>            <Country>Not Available</Country>            <MedlineTA>Science</MedlineTA>            <NlmUniqueID>0404511</NlmUniqueID>            <ISSNLinking>0036-8075</ISSNLinking>        </MedlineJournalInfo>        <CitationSubset>OM</CitationSubset>        <MeshHeadingList>            <MeshHeading>                <DescriptorName MajorTopicYN="Y" UI="D001358">Avian Sarcoma Viruses</DescriptorName>            </MeshHeading>            <MeshHeading>                <DescriptorName MajorTopicYN="Y" UI="D012513">Sarcoma, Experimental</DescriptorName>            </MeshHeading>        </MeshHeadingList>        <KeywordList Owner="NLM">            <Keyword MajorTopicYN="Y">ROUS SARCOMA VIRUS</Keyword>            <Keyword MajorTopicYN="Y">SARCOMA, EXPERIMENTAL</Keyword>        </KeywordList>    </MedlineCitation>    <PubmedData>        <History>            <PubMedPubDate PubStatus="pubmed">                <Year>1963</Year>                <Month>6</Month>                <Day>28</Day>            </PubMedPubDate>            <PubMedPubDate PubStatus="medline">                <Year>1963</Year>                <Month>6</Month>                <Day>28</Day>                <Hour>0</Hour>                <Minute>1</Minute>            </PubMedPubDate>            <PubMedPubDate PubStatus="entrez">                <Year>1963</Year>                <Month>6</Month>                <Day>28</Day>                <Hour>0</Hour>                <Minute>0</Minute>            </PubMedPubDate>        </History>        <PublicationStatus>ppublish</PublicationStatus>        <ArticleIdList>            <ArticleId IdType="pubmed">13936650</ArticleId>        </ArticleIdList>    </PubmedData></PubmedArticle><PubmedArticle>    <MedlineCitation Owner="NLM" Status="PubMed-not-MEDLINE">        <PMID Version="1">17802166</PMID>        <DateCreated>            <Year>2010</Year>            <Month>06</Month>            <Day>07</Day>        </DateCreated>        <DateCompleted>            <Year>2010</Year>            <Month>07</Month>            <Day>02</Day>        </DateCompleted>        <Article PubModel="Print">            <Journal>                <ISSN IssnType="Print">0036-8075</ISSN>                <JournalIssue CitedMedium="Print">                    <Volume>140</Volume>                    <Issue>3573</Issue>                    <PubDate>                        <Year>1963</Year>                        <Month>Jun</Month>                        <Day>21</Day>                    </PubDate>                </JournalIssue>                <Title>Science (New York, N.Y.)</Title>                <ISOAbbreviation>Science</ISOAbbreviation>            </Journal>            <ArticleTitle>Krebiozen: A Dozen Years after Introduction, Controversy over Cancer Treatment Still Flares.</ArticleTitle>            <Pagination>                <MedlinePgn>1294-7</MedlinePgn>            </Pagination>            <AuthorList CompleteYN="Y">                <Author ValidYN="Y">                    <LastName>Langer</LastName>                    <ForeName>E</ForeName>                    <Initials>E</Initials>                </Author>            </AuthorList>            <Language>eng</Language>            <PublicationTypeList>                <PublicationType UI="D016428">Journal Article</PublicationType>            </PublicationTypeList>        </Article>        <MedlineJournalInfo>            <Country>United States</Country>            <MedlineTA>Science</MedlineTA>            <NlmUniqueID>0404511</NlmUniqueID>            <ISSNLinking>0036-8075</ISSNLinking>        </MedlineJournalInfo>    </MedlineCitation>    <PubmedData>        <History>            <PubMedPubDate PubStatus="pubmed">                <Year>1963</Year>                <Month>6</Month>                <Day>21</Day>                <Hour>0</Hour>                <Minute>0</Minute>            </PubMedPubDate>            <PubMedPubDate PubStatus="medline">                <Year>1963</Year>                <Month>6</Month>                <Day>21</Day>                <Hour>0</Hour>                <Minute>1</Minute>            </PubMedPubDate>            <PubMedPubDate PubStatus="entrez">                <Year>1963</Year>                <Month>6</Month>                <Day>21</Day>                <Hour>0</Hour>                <Minute>0</Minute>            </PubMedPubDate>        </History>        <PublicationStatus>ppublish</PublicationStatus>        <ArticleIdList>            <ArticleId IdType="pii">140/3573/1294</ArticleId>            <ArticleId IdType="doi">10.1126/science.140.3573.1294</ArticleId>            <ArticleId IdType="pubmed">17802166</ArticleId>        </ArticleIdList>    </PubmedData></PubmedArticle></PubmedArticleSet>