<?xml version="1.0"?><!DOCTYPE PubmedArticleSet PUBLIC "-//NLM//DTD PubMedArticle, 1st January 2015//EN" "http://www.ncbi.nlm.nih.gov/corehtml/query/DTD/pubmed_150101.dtd"><PubmedArticleSet><PubmedArticle>    <MedlineCitation Owner="NLM" Status="MEDLINE">        <PMID Version="1">13122022</PMID>        <DateCreated>            <Year>1954</Year>            <Month>12</Month>            <Day>01</Day>        </DateCreated>        <DateCompleted>            <Year>2003</Year>            <Month>05</Month>            <Day>01</Day>        </DateCompleted>        <DateRevised>            <Year>2008</Year>            <Month>06</Month>            <Day>03</Day>        </DateRevised>        <Article PubModel="Print">            <Journal>                <ISSN IssnType="Print">0036-8075</ISSN>                <JournalIssue CitedMedium="Print">                    <Volume>118</Volume>                    <Issue>3078</Issue>                    <PubDate>                        <Year>1953</Year>                        <Month>Dec</Month>                        <Day>25</Day>                    </PubDate>                </JournalIssue>                <Title>Science (New York, N.Y.)</Title>                <ISOAbbreviation>Science</ISOAbbreviation>            </Journal>            <ArticleTitle>Malignant tumors and high polymers.</ArticleTitle>            <Pagination>                <MedlinePgn>783-4</MedlinePgn>            </Pagination>            <AuthorList CompleteYN="Y">                <Author ValidYN="Y">                    <LastName>FITZHUGH</LastName>                    <ForeName>A F</ForeName>                    <Initials>AF</Initials>                </Author>                <Author ValidYN="Y">                    <LastName>OPPENHEIMER</LastName>                    <ForeName>B S</ForeName>                    <Initials>BS</Initials>                </Author>                <Author ValidYN="Y">                    <LastName>OPPENHEIMER</LastName>                    <ForeName>E T</ForeName>                    <Initials>ET</Initials>                </Author>                <Author ValidYN="Y">                    <LastName>STOUT</LastName>                    <ForeName>A P</ForeName>                    <Initials>AP</Initials>                </Author>                <Author ValidYN="Y">                    <LastName>DANISHEFSKY</LastName>                    <ForeName>I</ForeName>                    <Initials>I</Initials>                </Author>                <Author ValidYN="Y">                    <LastName>EIRICH</LastName>                    <ForeName>F R</ForeName>                    <Initials>FR</Initials>                </Author>            </AuthorList>            <Language>eng</Language>            <PublicationTypeList>                <PublicationType UI="D016428">Journal Article</PublicationType>            </PublicationTypeList>        </Article>        <MedlineJournalInfo>            <Country>Not Available</Country>            <MedlineTA>Science</MedlineTA>            <NlmUniqueID>0404511</NlmUniqueID>            <ISSNLinking>0036-8075</ISSNLinking>        </MedlineJournalInfo>        <ChemicalList>            <Chemical>                <RegistryNumber>0</RegistryNumber>                <NameOfSubstance UI="D010969">Plastics</NameOfSubstance>            </Chemical>        </ChemicalList>        <CitationSubset>OM</CitationSubset>        <MeshHeadingList>            <MeshHeading>                <DescriptorName MajorTopicYN="Y" UI="D009374">Neoplasms, Experimental</DescriptorName>            </MeshHeading>            <MeshHeading>                <DescriptorName MajorTopicYN="Y" UI="D009975">Orthomyxoviridae</DescriptorName>            </MeshHeading>            <MeshHeading>                <DescriptorName MajorTopicYN="N" UI="D010969">Plastics</DescriptorName>                <QualifierName MajorTopicYN="Y" UI="Q000009">adverse effects</QualifierName>            </MeshHeading>        </MeshHeadingList>        <OtherID Source="CLML">5425:43278:240:311:366</OtherID>        <KeywordList Owner="NLM">            <Keyword MajorTopicYN="Y">INFLUENZA VIRUSES</Keyword>            <Keyword MajorTopicYN="Y">NEOPLASMS/experimental</Keyword>            <Keyword MajorTopicYN="Y">PLASTICS/injurious effects</Keyword>        </KeywordList>    </MedlineCitation>    <PubmedData>        <History>            <PubMedPubDate PubStatus="pubmed">                <Year>1953</Year>                <Month>12</Month>                <Day>25</Day>            </PubMedPubDate>            <PubMedPubDate PubStatus="medline">                <Year>1953</Year>                <Month>12</Month>                <Day>25</Day>                <Hour>0</Hour>                <Minute>1</Minute>            </PubMedPubDate>            <PubMedPubDate PubStatus="entrez">                <Year>1953</Year>                <Month>12</Month>                <Day>25</Day>                <Hour>0</Hour>                <Minute>0</Minute>            </PubMedPubDate>        </History>        <PublicationStatus>ppublish</PublicationStatus>        <ArticleIdList>            <ArticleId IdType="pubmed">13122022</ArticleId>        </ArticleIdList>    </PubmedData></PubmedArticle><PubmedArticle>    <MedlineCitation Owner="NLM" Status="MEDLINE">        <PMID Version="1">13101771</PMID>        <DateCreated>            <Year>1954</Year>            <Month>12</Month>            <Day>01</Day>        </DateCreated>        <DateCompleted>            <Year>2003</Year>            <Month>05</Month>            <Day>01</Day>        </DateCompleted>        <DateRevised>            <Year>2007</Year>            <Month>03</Month>            <Day>19</Day>        </DateRevised>        <Article PubModel="Print">            <Journal>                <ISSN IssnType="Print">0036-8075</ISSN>                <JournalIssue CitedMedium="Print">                    <Volume>118</Volume>                    <Issue>3068</Issue>                    <PubDate>                        <Year>1953</Year>                        <Month>Oct</Month>                        <Day>16</Day>                    </PubDate>                </JournalIssue>                <Title>Science (New York, N.Y.)</Title>                <ISOAbbreviation>Science</ISOAbbreviation>            </Journal>            <ArticleTitle>Response of irradiated cancer patients to Vibrio metschnikovii.</ArticleTitle>            <Pagination>                <MedlinePgn>442-3</MedlinePgn>            </Pagination>            <AuthorList CompleteYN="Y">                <Author ValidYN="Y">                    <LastName>WYNNE</LastName>                    <ForeName>E S</ForeName>                    <Initials>ES</Initials>                </Author>                <Author ValidYN="Y">                    <LastName>HINDS</LastName>                    <ForeName>D B</ForeName>                    <Initials>DB</Initials>                </Author>                <Author ValidYN="Y">                    <LastName>GOTT</LastName>                    <ForeName>C L</ForeName>                    <Initials>CL</Initials>                </Author>                <Author ValidYN="Y">                    <LastName>RUSSELL</LastName>                    <ForeName>W O</ForeName>                    <Initials>WO</Initials>                </Author>                <Author ValidYN="Y">                    <LastName>FLETCHER</LastName>                    <ForeName>G H</ForeName>                    <Initials>GH</Initials>                </Author>            </AuthorList>            <Language>eng</Language>            <PublicationTypeList>                <PublicationType UI="D016428">Journal Article</PublicationType>            </PublicationTypeList>        </Article>        <MedlineJournalInfo>            <Country>Not Available</Country>            <MedlineTA>Science</MedlineTA>            <NlmUniqueID>0404511</NlmUniqueID>            <ISSNLinking>0036-8075</ISSNLinking>        </MedlineJournalInfo>        <CitationSubset>OM</CitationSubset>        <MeshHeadingList>            <MeshHeading>                <DescriptorName MajorTopicYN="Y" UI="D011878">Radiotherapy</DescriptorName>            </MeshHeading>            <MeshHeading>                <DescriptorName MajorTopicYN="Y" UI="D014733">Vibrio</DescriptorName>            </MeshHeading>        </MeshHeadingList>        <OtherID Source="CLML">5425:22779:397:497</OtherID>        <KeywordList Owner="NLM">            <Keyword MajorTopicYN="Y">RADIOTHERAPY</Keyword>            <Keyword MajorTopicYN="Y">VIBRIO</Keyword>        </KeywordList>    </MedlineCitation>    <PubmedData>        <History>            <PubMedPubDate PubStatus="pubmed">                <Year>1953</Year>                <Month>10</Month>                <Day>16</Day>            </PubMedPubDate>            <PubMedPubDate PubStatus="medline">                <Year>1953</Year>                <Month>10</Month>                <Day>16</Day>                <Hour>0</Hour>                <Minute>1</Minute>            </PubMedPubDate>            <PubMedPubDate PubStatus="entrez">                <Year>1953</Year>                <Month>10</Month>                <Day>16</Day>                <Hour>0</Hour>                <Minute>0</Minute>            </PubMedPubDate>        </History>        <PublicationStatus>ppublish</PublicationStatus>        <ArticleIdList>            <ArticleId IdType="pubmed">13101771</ArticleId>        </ArticleIdList>    </PubmedData></PubmedArticle><PubmedArticle>    <MedlineCitation Owner="NLM" Status="MEDLINE">        <PMID Version="1">13089687</PMID>        <DateCreated>            <Year>1954</Year>            <Month>12</Month>            <Day>01</Day>        </DateCreated>        <DateCompleted>            <Year>2003</Year>            <Month>05</Month>            <Day>01</Day>        </DateCompleted>        <DateRevised>            <Year>2008</Year>            <Month>06</Month>            <Day>03</Day>        </DateRevised>        <Article PubModel="Print">            <Journal>                <ISSN IssnType="Print">0036-8075</ISSN>                <JournalIssue CitedMedium="Print">                    <Volume>118</Volume>                    <Issue>3063</Issue>                    <PubDate>                        <Year>1953</Year>                        <Month>Sep</Month>                        <Day>11</Day>                    </PubDate>                </JournalIssue>                <Title>Science (New York, N.Y.)</Title>                <ISOAbbreviation>Science</ISOAbbreviation>            </Journal>            <ArticleTitle>Malignant tumors resulting from embedding plastics in rodents.</ArticleTitle>            <Pagination>                <MedlinePgn>305-6</MedlinePgn>            </Pagination>            <AuthorList CompleteYN="Y">                <Author ValidYN="Y">                    <LastName>OPPENHEIMER</LastName>                    <ForeName>B S</ForeName>                    <Initials>BS</Initials>                </Author>                <Author ValidYN="Y">                    <LastName>OPPENHEIMER</LastName>                    <ForeName>E T</ForeName>                    <Initials>ET</Initials>                </Author>                <Author ValidYN="Y">                    <LastName>STOUT</LastName>                    <ForeName>A P</ForeName>                    <Initials>AP</Initials>                </Author>                <Author ValidYN="Y">                    <LastName>DANISHEFSKY</LastName>                    <ForeName>I</ForeName>                    <Initials>I</Initials>                </Author>            </AuthorList>            <Language>eng</Language>            <PublicationTypeList>                <PublicationType UI="D016428">Journal Article</PublicationType>            </PublicationTypeList>        </Article>        <MedlineJournalInfo>            <Country>Not Available</Country>            <MedlineTA>Science</MedlineTA>            <NlmUniqueID>0404511</NlmUniqueID>            <ISSNLinking>0036-8075</ISSNLinking>        </MedlineJournalInfo>        <ChemicalList>            <Chemical>                <RegistryNumber>0</RegistryNumber>                <NameOfSubstance UI="D002273">Carcinogens</NameOfSubstance>            </Chemical>            <Chemical>                <RegistryNumber>0</RegistryNumber>                <NameOfSubstance UI="D010969">Plastics</NameOfSubstance>            </Chemical>        </ChemicalList>        <CitationSubset>OM</CitationSubset>        <MeshHeadingList>            <MeshHeading>                <DescriptorName MajorTopicYN="Y" UI="D002273">Carcinogens</DescriptorName>            </MeshHeading>            <MeshHeading>                <DescriptorName MajorTopicYN="Y" UI="D009374">Neoplasms, Experimental</DescriptorName>            </MeshHeading>            <MeshHeading>                <DescriptorName MajorTopicYN="N" UI="D010969">Plastics</DescriptorName>                <QualifierName MajorTopicYN="Y" UI="Q000009">adverse effects</QualifierName>            </MeshHeading>        </MeshHeadingList>        <OtherID Source="CLML">5425:10457:91:311:366</OtherID>        <KeywordList Owner="NLM">            <Keyword MajorTopicYN="Y">CARCINOGENS</Keyword>            <Keyword MajorTopicYN="Y">NEOPLASMS/experimental</Keyword>            <Keyword MajorTopicYN="Y">PLASTICS/injurious effects</Keyword>        </KeywordList>    </MedlineCitation>    <PubmedData>        <History>            <PubMedPubDate PubStatus="pubmed">                <Year>1953</Year>                <Month>9</Month>                <Day>11</Day>            </PubMedPubDate>            <PubMedPubDate PubStatus="medline">                <Year>1953</Year>                <Month>9</Month>                <Day>11</Day>                <Hour>0</Hour>                <Minute>1</Minute>            </PubMedPubDate>            <PubMedPubDate PubStatus="entrez">                <Year>1953</Year>                <Month>9</Month>                <Day>11</Day>                <Hour>0</Hour>                <Minute>0</Minute>            </PubMedPubDate>        </History>        <PublicationStatus>ppublish</PublicationStatus>        <ArticleIdList>            <ArticleId IdType="pubmed">13089687</ArticleId>        </ArticleIdList>    </PubmedData></PubmedArticle><PubmedArticle>    <MedlineCitation Owner="NLM" Status="OLDMEDLINE">        <PMID Version="1">13076247</PMID>        <DateCreated>            <Year>1953</Year>            <Month>12</Month>            <Day>01</Day>        </DateCreated>        <DateCompleted>            <Year>2003</Year>            <Month>05</Month>            <Day>01</Day>        </DateCompleted>        <DateRevised>            <Year>2007</Year>            <Month>03</Month>            <Day>19</Day>        </DateRevised>        <Article PubModel="Print">            <Journal>                <ISSN IssnType="Print">0036-8075</ISSN>                <JournalIssue CitedMedium="Print">                    <Volume>118</Volume>                    <Issue>3059</Issue>                    <PubDate>                        <Year>1953</Year>                        <Month>Aug</Month>                        <Day>14</Day>                    </PubDate>                </JournalIssue>                <Title>Science (New York, N.Y.)</Title>                <ISOAbbreviation>Science</ISOAbbreviation>            </Journal>            <ArticleTitle>[Regarding the somatic mutation hypothesis of cancer].</ArticleTitle>            <Pagination>                <MedlinePgn>197-8</MedlinePgn>            </Pagination>            <AuthorList CompleteYN="Y">                <Author ValidYN="Y">                    <LastName>BLUM</LastName>                    <ForeName>H F</ForeName>                    <Initials>HF</Initials>                </Author>                <Author ValidYN="Y">                    <LastName>ALEXANDER</LastName>                    <ForeName>J</ForeName>                    <Initials>J</Initials>                </Author>            </AuthorList>            <Language>und</Language>            <PublicationTypeList>                <PublicationType UI="D016428">Journal Article</PublicationType>            </PublicationTypeList>        </Article>        <MedlineJournalInfo>            <Country>Not Available</Country>            <MedlineTA>Science</MedlineTA>            <NlmUniqueID>0404511</NlmUniqueID>            <ISSNLinking>0036-8075</ISSNLinking>        </MedlineJournalInfo>        <CitationSubset>OM</CitationSubset>        <OtherID Source="CLML">5324:46990</OtherID>    </MedlineCitation>    <PubmedData>        <History>            <PubMedPubDate PubStatus="pubmed">                <Year>1953</Year>                <Month>8</Month>                <Day>14</Day>            </PubMedPubDate>            <PubMedPubDate PubStatus="medline">                <Year>1953</Year>                <Month>8</Month>                <Day>14</Day>                <Hour>0</Hour>                <Minute>1</Minute>            </PubMedPubDate>            <PubMedPubDate PubStatus="entrez">                <Year>1953</Year>                <Month>8</Month>                <Day>14</Day>                <Hour>0</Hour>                <Minute>0</Minute>            </PubMedPubDate>        </History>        <PublicationStatus>ppublish</PublicationStatus>        <ArticleIdList>            <ArticleId IdType="pubmed">13076247</ArticleId>        </ArticleIdList>    </PubmedData></PubmedArticle><PubmedArticle>    <MedlineCitation Owner="NLM" Status="OLDMEDLINE">        <PMID Version="1">13076246</PMID>        <DateCreated>            <Year>1953</Year>            <Month>12</Month>            <Day>01</Day>        </DateCreated>        <DateCompleted>            <Year>2003</Year>            <Month>05</Month>            <Day>01</Day>        </DateCompleted>        <DateRevised>            <Year>2007</Year>            <Month>03</Month>            <Day>19</Day>        </DateRevised>        <Article PubModel="Print">            <Journal>                <ISSN IssnType="Print">0036-8075</ISSN>                <JournalIssue CitedMedium="Print">                    <Volume>118</Volume>                    <Issue>3059</Issue>                    <PubDate>                        <Year>1953</Year>                        <Month>Aug</Month>                        <Day>14</Day>                    </PubDate>                </JournalIssue>                <Title>Science (New York, N.Y.)</Title>                <ISOAbbreviation>Science</ISOAbbreviation>            </Journal>            <ArticleTitle>The somatic mutation hypothesis of cancer genesis.</ArticleTitle>            <Pagination>                <MedlinePgn>196-7</MedlinePgn>            </Pagination>            <AuthorList CompleteYN="Y">                <Author ValidYN="Y">                    <LastName>BURDETTE</LastName>                    <ForeName>W J</ForeName>                    <Initials>WJ</Initials>                </Author>            </AuthorList>            <Language>eng</Language>            <PublicationTypeList>                <PublicationType UI="D016428">Journal Article</PublicationType>            </PublicationTypeList>        </Article>        <MedlineJournalInfo>            <Country>Not Available</Country>            <MedlineTA>Science</MedlineTA>            <NlmUniqueID>0404511</NlmUniqueID>            <ISSNLinking>0036-8075</ISSNLinking>        </MedlineJournalInfo>        <CitationSubset>OM</CitationSubset>        <OtherID Source="CLML">5324:46989:427</OtherID>        <KeywordList Owner="NLM">            <Keyword MajorTopicYN="Y">NEOPLASMS/etiology and pathogenesis</Keyword>        </KeywordList>    </MedlineCitation>    <PubmedData>        <History>            <PubMedPubDate PubStatus="pubmed">                <Year>1953</Year>                <Month>8</Month>                <Day>14</Day>            </PubMedPubDate>            <PubMedPubDate PubStatus="medline">                <Year>1953</Year>                <Month>8</Month>                <Day>14</Day>                <Hour>0</Hour>                <Minute>1</Minute>            </PubMedPubDate>            <PubMedPubDate PubStatus="entrez">                <Year>1953</Year>                <Month>8</Month>                <Day>14</Day>                <Hour>0</Hour>                <Minute>0</Minute>            </PubMedPubDate>        </History>        <PublicationStatus>ppublish</PublicationStatus>        <ArticleIdList>            <ArticleId IdType="pubmed">13076246</ArticleId>        </ArticleIdList>    </PubmedData></PubmedArticle><PubmedArticle>    <MedlineCitation Owner="NLM" Status="OLDMEDLINE">        <PMID Version="1">13076229</PMID>        <DateCreated>            <Year>1953</Year>            <Month>12</Month>            <Day>01</Day>        </DateCreated>        <DateCompleted>            <Year>2003</Year>            <Month>05</Month>            <Day>01</Day>        </DateCompleted>        <DateRevised>            <Year>2007</Year>            <Month>03</Month>            <Day>19</Day>        </DateRevised>        <Article PubModel="Print">            <Journal>                <ISSN IssnType="Print">0036-8075</ISSN>                <JournalIssue CitedMedium="Print">                    <Volume>118</Volume>                    <Issue>3058</Issue>                    <PubDate>                        <Year>1953</Year>                        <Month>Aug</Month>                        <Day>7</Day>                    </PubDate>                </JournalIssue>                <Title>Science (New York, N.Y.)</Title>                <ISOAbbreviation>Science</ISOAbbreviation>            </Journal>            <ArticleTitle>Comparative effects of total body radiation, nitrogen mustard, and triethylene melamine on the hematopoietic system of terminal cancer patients.</ArticleTitle>            <Pagination>                <MedlinePgn>161-3</MedlinePgn>            </Pagination>            <AuthorList CompleteYN="Y">                <Author ValidYN="Y">                    <LastName>LOEFFLER</LastName>                    <ForeName>R K</ForeName>                    <Initials>RK</Initials>                </Author>                <Author ValidYN="Y">                    <LastName>COLLINS</LastName>                    <ForeName>V P</ForeName>                    <Initials>VP</Initials>                </Author>                <Author ValidYN="Y">                    <LastName>HYMAN</LastName>                    <ForeName>G A</ForeName>                    <Initials>GA</Initials>                </Author>            </AuthorList>            <Language>eng</Language>            <PublicationTypeList>                <PublicationType UI="D016428">Journal Article</PublicationType>            </PublicationTypeList>        </Article>        <MedlineJournalInfo>            <Country>Not Available</Country>            <MedlineTA>Science</MedlineTA>            <NlmUniqueID>0404511</NlmUniqueID>            <ISSNLinking>0036-8075</ISSNLinking>        </MedlineJournalInfo>        <CitationSubset>OM</CitationSubset>        <MeshHeadingList>            <MeshHeading>                <DescriptorName MajorTopicYN="N" UI="D009369">Neoplasms</DescriptorName>                <QualifierName MajorTopicYN="Y" UI="Q000628">therapy</QualifierName>            </MeshHeading>            <MeshHeading>                <DescriptorName MajorTopicYN="Y" UI="D011878">Radiotherapy</DescriptorName>            </MeshHeading>        </MeshHeadingList>        <OtherID Source="CLML">5324:46972:429:444:562:662</OtherID>        <KeywordList Owner="NLM">            <Keyword MajorTopicYN="Y">NEOPLASMS/therapy</Keyword>            <Keyword MajorTopicYN="Y">NITROGEN MUSTARDS/effects</Keyword>            <Keyword MajorTopicYN="Y">RADIOTHERAPY</Keyword>            <Keyword MajorTopicYN="Y">TRIETHYLENE MELAMINE/effects</Keyword>        </KeywordList>    </MedlineCitation>    <PubmedData>        <History>            <PubMedPubDate PubStatus="pubmed">                <Year>1953</Year>                <Month>8</Month>                <Day>7</Day>            </PubMedPubDate>            <PubMedPubDate PubStatus="medline">                <Year>1953</Year>                <Month>8</Month>                <Day>7</Day>                <Hour>0</Hour>                <Minute>1</Minute>            </PubMedPubDate>            <PubMedPubDate PubStatus="entrez">                <Year>1953</Year>                <Month>8</Month>                <Day>7</Day>                <Hour>0</Hour>                <Minute>0</Minute>            </PubMedPubDate>        </History>        <PublicationStatus>ppublish</PublicationStatus>        <ArticleIdList>            <ArticleId IdType="pubmed">13076229</ArticleId>        </ArticleIdList>    </PubmedData></PubmedArticle><PubmedArticle>    <MedlineCitation Owner="NLM" Status="MEDLINE">        <PMID Version="1">13076207</PMID>        <DateCreated>            <Year>1953</Year>            <Month>12</Month>            <Day>01</Day>        </DateCreated>        <DateCompleted>            <Year>2003</Year>            <Month>05</Month>            <Day>01</Day>        </DateCompleted>        <DateRevised>            <Year>2008</Year>            <Month>10</Month>            <Day>30</Day>        </DateRevised>        <Article PubModel="Print">            <Journal>                <ISSN IssnType="Print">0036-8075</ISSN>                <JournalIssue CitedMedium="Print">                    <Volume>118</Volume>                    <Issue>3056</Issue>                    <PubDate>                        <Year>1953</Year>                        <Month>Jul</Month>                        <Day>24</Day>                    </PubDate>                </JournalIssue>                <Title>Science (New York, N.Y.)</Title>                <ISOAbbreviation>Science</ISOAbbreviation>            </Journal>            <ArticleTitle>Ion exchange effect on alkaline phosphatase of serum with reference to cancer.</ArticleTitle>            <Pagination>                <MedlinePgn>114-5</MedlinePgn>            </Pagination>            <AuthorList CompleteYN="Y">                <Author ValidYN="Y">                    <LastName>BERNHARD</LastName>                    <ForeName>A</ForeName>                    <Initials>A</Initials>                </Author>                <Author ValidYN="Y">                    <LastName>ROSENBLOOM</LastName>                    <ForeName>L</ForeName>                    <Initials>L</Initials>                </Author>            </AuthorList>            <Language>eng</Language>            <PublicationTypeList>                <PublicationType UI="D016428">Journal Article</PublicationType>            </PublicationTypeList>        </Article>        <MedlineJournalInfo>            <Country>Not Available</Country>            <MedlineTA>Science</MedlineTA>            <NlmUniqueID>0404511</NlmUniqueID>            <ISSNLinking>0036-8075</ISSNLinking>        </MedlineJournalInfo>        <ChemicalList>            <Chemical>                <RegistryNumber>0</RegistryNumber>                <NameOfSubstance UI="D012117">Resins, Synthetic</NameOfSubstance>            </Chemical>            <Chemical>                <RegistryNumber>EC 3.1.3.-</RegistryNumber>                <NameOfSubstance UI="D010744">Phosphoric Monoester Hydrolases</NameOfSubstance>            </Chemical>        </ChemicalList>        <CitationSubset>OM</CitationSubset>        <MeshHeadingList>            <MeshHeading>                <DescriptorName MajorTopicYN="Y" UI="D001769">Blood</DescriptorName>            </MeshHeading>            <MeshHeading>                <DescriptorName MajorTopicYN="N" UI="D009369">Neoplasms</DescriptorName>                <QualifierName MajorTopicYN="Y" UI="Q000097">blood</QualifierName>            </MeshHeading>            <MeshHeading>                <DescriptorName MajorTopicYN="Y" UI="D010744">Phosphoric Monoester Hydrolases</DescriptorName>            </MeshHeading>            <MeshHeading>                <DescriptorName MajorTopicYN="Y" UI="D012117">Resins, Synthetic</DescriptorName>            </MeshHeading>        </MeshHeadingList>        <OtherID Source="CLML">5324:46950:94:426:494:569</OtherID>        <KeywordList Owner="NLM">            <Keyword MajorTopicYN="Y">BLOOD</Keyword>            <Keyword MajorTopicYN="Y">NEOPLASMS/blood in</Keyword>            <Keyword MajorTopicYN="Y">PHOSPHATASES</Keyword>            <Keyword MajorTopicYN="Y">RESINS</Keyword>        </KeywordList>    </MedlineCitation>    <PubmedData>        <History>            <PubMedPubDate PubStatus="pubmed">                <Year>1953</Year>                <Month>7</Month>                <Day>24</Day>            </PubMedPubDate>            <PubMedPubDate PubStatus="medline">                <Year>1953</Year>                <Month>7</Month>                <Day>24</Day>                <Hour>0</Hour>                <Minute>1</Minute>            </PubMedPubDate>            <PubMedPubDate PubStatus="entrez">                <Year>1953</Year>                <Month>7</Month>                <Day>24</Day>                <Hour>0</Hour>                <Minute>0</Minute>            </PubMedPubDate>        </History>        <PublicationStatus>ppublish</PublicationStatus>        <ArticleIdList>            <ArticleId IdType="pubmed">13076207</ArticleId>        </ArticleIdList>    </PubmedData></PubmedArticle><PubmedArticle>    <MedlineCitation Owner="NLM" Status="MEDLINE">        <PMID Version="1">13076161</PMID>        <DateCreated>            <Year>1953</Year>            <Month>12</Month>            <Day>01</Day>        </DateCreated>        <DateCompleted>            <Year>2003</Year>            <Month>05</Month>            <Day>01</Day>        </DateCompleted>        <DateRevised>            <Year>2008</Year>            <Month>06</Month>            <Day>03</Day>        </DateRevised>        <Article PubModel="Print">            <Journal>                <ISSN IssnType="Print">0036-8075</ISSN>                <JournalIssue CitedMedium="Print">                    <Volume>118</Volume>                    <Issue>3053</Issue>                    <PubDate>                        <Year>1953</Year>                        <Month>Jul</Month>                        <Day>3</Day>                    </PubDate>                </JournalIssue>                <Title>Science (New York, N.Y.)</Title>                <ISOAbbreviation>Science</ISOAbbreviation>            </Journal>            <ArticleTitle>Estrogen excretion in women with mammary cancer before and after adrenalectomy.</ArticleTitle>            <Pagination>                <MedlinePgn>21-2</MedlinePgn>            </Pagination>            <AuthorList CompleteYN="Y">                <Author ValidYN="Y">                    <LastName>DAO</LastName>                    <ForeName>T L</ForeName>                    <Initials>TL</Initials>                </Author>            </AuthorList>            <Language>eng</Language>            <PublicationTypeList>                <PublicationType UI="D016428">Journal Article</PublicationType>            </PublicationTypeList>        </Article>        <MedlineJournalInfo>            <Country>Not Available</Country>            <MedlineTA>Science</MedlineTA>            <NlmUniqueID>0404511</NlmUniqueID>            <ISSNLinking>0036-8075</ISSNLinking>        </MedlineJournalInfo>        <ChemicalList>            <Chemical>                <RegistryNumber>0</RegistryNumber>                <NameOfSubstance UI="D004967">Estrogens</NameOfSubstance>            </Chemical>        </ChemicalList>        <CitationSubset>OM</CitationSubset>        <MeshHeadingList>            <MeshHeading>                <DescriptorName MajorTopicYN="N" UI="D000311">Adrenal Glands</DescriptorName>                <QualifierName MajorTopicYN="Y" UI="Q000601">surgery</QualifierName>            </MeshHeading>            <MeshHeading>                <DescriptorName MajorTopicYN="Y" UI="D001943">Breast Neoplasms</DescriptorName>            </MeshHeading>            <MeshHeading>                <DescriptorName MajorTopicYN="N" UI="D004967">Estrogens</DescriptorName>                <QualifierName MajorTopicYN="Y" UI="Q000652">urine</QualifierName>            </MeshHeading>        </MeshHeadingList>        <OtherID Source="CLML">5324:46905:17:115:235</OtherID>        <KeywordList Owner="NLM">            <Keyword MajorTopicYN="Y">ADRENAL GLANDS/surgery</Keyword>            <Keyword MajorTopicYN="Y">BREAST/neoplasms</Keyword>            <Keyword MajorTopicYN="Y">ESTROGENS/in urine</Keyword>        </KeywordList>    </MedlineCitation>    <PubmedData>        <History>            <PubMedPubDate PubStatus="pubmed">                <Year>1953</Year>                <Month>7</Month>                <Day>3</Day>            </PubMedPubDate>            <PubMedPubDate PubStatus="medline">                <Year>1953</Year>                <Month>7</Month>                <Day>3</Day>                <Hour>0</Hour>                <Minute>1</Minute>            </PubMedPubDate>            <PubMedPubDate PubStatus="entrez">                <Year>1953</Year>                <Month>7</Month>                <Day>3</Day>                <Hour>0</Hour>                <Minute>0</Minute>            </PubMedPubDate>        </History>        <PublicationStatus>ppublish</PublicationStatus>        <ArticleIdList>            <ArticleId IdType="pubmed">13076161</ArticleId>        </ArticleIdList>    </PubmedData></PubmedArticle><PubmedArticle>    <MedlineCitation Owner="NLM" Status="OLDMEDLINE">        <PMID Version="1">13076143</PMID>        <DateCreated>            <Year>1953</Year>            <Month>12</Month>            <Day>01</Day>        </DateCreated>        <DateCompleted>            <Year>2003</Year>            <Month>05</Month>            <Day>01</Day>        </DateCompleted>        <DateRevised>            <Year>2008</Year>            <Month>06</Month>            <Day>03</Day>        </DateRevised>        <Article PubModel="Print">            <Journal>                <ISSN IssnType="Print">0036-8075</ISSN>                <JournalIssue CitedMedium="Print">                    <Volume>117</Volume>                    <Issue>3051</Issue>                    <PubDate>                        <Year>1953</Year>                        <Month>Jun</Month>                        <Day>19</Day>                    </PubDate>                </JournalIssue>                <Title>Science (New York, N.Y.)</Title>                <ISOAbbreviation>Science</ISOAbbreviation>            </Journal>            <ArticleTitle>Effect of intravenously injected bone marrow cell suspensions on thymic regeneration in irradiated C 57 black mice.</ArticleTitle>            <Pagination>                <MedlinePgn>693-5</MedlinePgn>            </Pagination>            <AuthorList CompleteYN="Y">                <Author ValidYN="Y">                    <LastName>BROWN</LastName>                    <ForeName>M B</ForeName>                    <Initials>MB</Initials>                </Author>                <Author ValidYN="Y">                    <LastName>KAPLAN</LastName>                    <ForeName>H S</ForeName>                    <Initials>HS</Initials>                </Author>                <Author ValidYN="Y">                    <LastName>WEYMOUTH</LastName>                    <ForeName>P P</ForeName>                    <Initials>PP</Initials>                </Author>                <Author ValidYN="Y">                    <LastName>PAULL</LastName>                    <ForeName>J</ForeName>                    <Initials>J</Initials>                </Author>            </AuthorList>            <Language>eng</Language>            <PublicationTypeList>                <PublicationType UI="D016428">Journal Article</PublicationType>            </PublicationTypeList>        </Article>        <MedlineJournalInfo>            <Country>Not Available</Country>            <MedlineTA>Science</MedlineTA>            <NlmUniqueID>0404511</NlmUniqueID>            <ISSNLinking>0036-8075</ISSNLinking>        </MedlineJournalInfo>        <CitationSubset>OM</CitationSubset>        <MeshHeadingList>            <MeshHeading>                <DescriptorName MajorTopicYN="Y" UI="D001853">Bone Marrow</DescriptorName>            </MeshHeading>            <MeshHeading>                <DescriptorName MajorTopicYN="Y" UI="D013953">Thymus Neoplasms</DescriptorName>            </MeshHeading>        </MeshHeadingList>        <OtherID Source="CLML">5324:46887:107:580:651</OtherID>        <KeywordList Owner="NLM">            <Keyword MajorTopicYN="Y">BONE MARROW</Keyword>            <Keyword MajorTopicYN="Y">ROENTGEN RAYS/effects</Keyword>            <Keyword MajorTopicYN="Y">THYMUS/neoplasms</Keyword>        </KeywordList>    </MedlineCitation>    <PubmedData>        <History>            <PubMedPubDate PubStatus="pubmed">                <Year>1953</Year>                <Month>6</Month>                <Day>19</Day>            </PubMedPubDate>            <PubMedPubDate PubStatus="medline">                <Year>1953</Year>                <Month>6</Month>                <Day>19</Day>                <Hour>0</Hour>                <Minute>1</Minute>            </PubMedPubDate>            <PubMedPubDate PubStatus="entrez">                <Year>1953</Year>                <Month>6</Month>                <Day>19</Day>                <Hour>0</Hour>                <Minute>0</Minute>            </PubMedPubDate>        </History>        <PublicationStatus>ppublish</PublicationStatus>        <ArticleIdList>            <ArticleId IdType="pubmed">13076143</ArticleId>        </ArticleIdList>    </PubmedData></PubmedArticle><PubmedArticle>    <MedlineCitation Owner="NLM" Status="OLDMEDLINE">        <PMID Version="1">13076141</PMID>        <DateCreated>            <Year>1953</Year>            <Month>12</Month>            <Day>01</Day>        </DateCreated>        <DateCompleted>            <Year>2003</Year>            <Month>05</Month>            <Day>01</Day>        </DateCompleted>        <DateRevised>            <Year>2012</Year>            <Month>04</Month>            <Day>16</Day>        </DateRevised>        <Article PubModel="Print">            <Journal>                <ISSN IssnType="Print">0036-8075</ISSN>                <JournalIssue CitedMedium="Print">                    <Volume>117</Volume>                    <Issue>3051</Issue>                    <PubDate>                        <Year>1953</Year>                        <Month>Jun</Month>                        <Day>19</Day>                    </PubDate>                </JournalIssue>                <Title>Science (New York, N.Y.)</Title>                <ISOAbbreviation>Science</ISOAbbreviation>            </Journal>            <ArticleTitle>The mucolytic and digestive action of trypsin in the preparation of sputum for cytologic study.</ArticleTitle>            <Pagination>                <MedlinePgn>687-90</MedlinePgn>            </Pagination>            <AuthorList CompleteYN="Y">                <Author ValidYN="Y">                    <LastName>FARBER</LastName>                    <ForeName>S M</ForeName>                    <Initials>SM</Initials>                </Author>                <Author ValidYN="Y">                    <LastName>PHARR</LastName>                    <ForeName>S L</ForeName>                    <Initials>SL</Initials>                </Author>                <Author ValidYN="Y">                    <LastName>WOOD</LastName>                    <ForeName>D A</ForeName>                    <Initials>DA</Initials>                </Author>                <Author ValidYN="Y">                    <LastName>GORMAN</LastName>                    <ForeName>R D</ForeName>                    <Initials>RD</Initials>                </Author>            </AuthorList>            <Language>eng</Language>            <PublicationTypeList>                <PublicationType UI="D016428">Journal Article</PublicationType>            </PublicationTypeList>        </Article>        <MedlineJournalInfo>            <Country>Not Available</Country>            <MedlineTA>Science</MedlineTA>            <NlmUniqueID>0404511</NlmUniqueID>            <ISSNLinking>0036-8075</ISSNLinking>        </MedlineJournalInfo>        <CitationSubset>OM</CitationSubset>        <MeshHeadingList>            <MeshHeading>                <DescriptorName MajorTopicYN="Y" UI="D008175">Lung Neoplasms</DescriptorName>            </MeshHeading>            <MeshHeading>                <DescriptorName MajorTopicYN="Y" UI="D013183">Sputum</DescriptorName>            </MeshHeading>        </MeshHeadingList>        <OtherID Source="CLML">5324:46885:378:615:663</OtherID>        <KeywordList Owner="NLM">            <Keyword MajorTopicYN="Y">LUNGS/neoplasms</Keyword>            <Keyword MajorTopicYN="Y">SPUTUM</Keyword>            <Keyword MajorTopicYN="Y">TRYPSIN/effects</Keyword>        </KeywordList>    </MedlineCitation>    <PubmedData>        <History>            <PubMedPubDate PubStatus="pubmed">                <Year>1953</Year>                <Month>6</Month>                <Day>19</Day>            </PubMedPubDate>            <PubMedPubDate PubStatus="medline">                <Year>1953</Year>                <Month>6</Month>                <Day>19</Day>                <Hour>0</Hour>                <Minute>1</Minute>            </PubMedPubDate>            <PubMedPubDate PubStatus="entrez">                <Year>1953</Year>                <Month>6</Month>                <Day>19</Day>                <Hour>0</Hour>                <Minute>0</Minute>            </PubMedPubDate>        </History>        <PublicationStatus>ppublish</PublicationStatus>        <ArticleIdList>            <ArticleId IdType="pubmed">13076141</ArticleId>        </ArticleIdList>    </PubmedData></PubmedArticle><PubmedArticle>    <MedlineCitation Owner="NLM" Status="OLDMEDLINE">        <PMID Version="1">13056574</PMID>        <DateCreated>            <Year>1953</Year>            <Month>12</Month>            <Day>01</Day>        </DateCreated>        <DateCompleted>            <Year>2003</Year>            <Month>05</Month>            <Day>01</Day>        </DateCompleted>        <DateRevised>            <Year>2007</Year>            <Month>03</Month>            <Day>19</Day>        </DateRevised>        <Article PubModel="Print">            <Journal>                <ISSN IssnType="Print">0036-8075</ISSN>                <JournalIssue CitedMedium="Print">                    <Volume>117</Volume>                    <Issue>3043</Issue>                    <PubDate>                        <Year>1953</Year>                        <Month>Apr</Month>                        <Day>24</Day>                    </PubDate>                </JournalIssue>                <Title>Science (New York, N.Y.)</Title>                <ISOAbbreviation>Science</ISOAbbreviation>            </Journal>            <ArticleTitle>A reconsideration of the somatic mutation theory of cancer in the light of some recent developments.</ArticleTitle>            <Pagination>                <MedlinePgn>441-5</MedlinePgn>            </Pagination>            <AuthorList CompleteYN="Y">                <Author ValidYN="Y">                    <LastName>FARDON</LastName>                    <ForeName>J C</ForeName>                    <Initials>JC</Initials>                </Author>            </AuthorList>            <Language>eng</Language>            <PublicationTypeList>                <PublicationType UI="D016428">Journal Article</PublicationType>            </PublicationTypeList>        </Article>        <MedlineJournalInfo>            <Country>Not Available</Country>            <MedlineTA>Science</MedlineTA>            <NlmUniqueID>0404511</NlmUniqueID>            <ISSNLinking>0036-8075</ISSNLinking>        </MedlineJournalInfo>        <CitationSubset>OM</CitationSubset>        <OtherID Source="CLML">5324:27153:427</OtherID>        <KeywordList Owner="NLM">            <Keyword MajorTopicYN="Y">NEOPLASMS/etiology and pathogenesis</Keyword>        </KeywordList>    </MedlineCitation>    <PubmedData>        <History>            <PubMedPubDate PubStatus="pubmed">                <Year>1953</Year>                <Month>4</Month>                <Day>24</Day>            </PubMedPubDate>            <PubMedPubDate PubStatus="medline">                <Year>1953</Year>                <Month>4</Month>                <Day>24</Day>                <Hour>0</Hour>                <Minute>1</Minute>            </PubMedPubDate>            <PubMedPubDate PubStatus="entrez">                <Year>1953</Year>                <Month>4</Month>                <Day>24</Day>                <Hour>0</Hour>                <Minute>0</Minute>            </PubMedPubDate>        </History>        <PublicationStatus>ppublish</PublicationStatus>        <ArticleIdList>            <ArticleId IdType="pubmed">13056574</ArticleId>        </ArticleIdList>    </PubmedData></PubmedArticle><PubmedArticle>    <MedlineCitation Owner="NLM" Status="MEDLINE">        <PMID Version="1">13048681</PMID>        <DateCreated>            <Year>1953</Year>            <Month>12</Month>            <Day>01</Day>        </DateCreated>        <DateCompleted>            <Year>2003</Year>            <Month>05</Month>            <Day>01</Day>        </DateCompleted>        <DateRevised>            <Year>2007</Year>            <Month>03</Month>            <Day>19</Day>        </DateRevised>        <Article PubModel="Print">            <Journal>                <ISSN IssnType="Print">0036-8075</ISSN>                <JournalIssue CitedMedium="Print">                    <Volume>117</Volume>                    <Issue>3040</Issue>                    <PubDate>                        <Year>1953</Year>                        <Month>Apr</Month>                        <Day>3</Day>                    </PubDate>                </JournalIssue>                <Title>Science (New York, N.Y.)</Title>                <ISOAbbreviation>Science</ISOAbbreviation>            </Journal>            <ArticleTitle>Hetero-transplantation of human tumors into cortisone-treated rats.</ArticleTitle>            <Pagination>                <MedlinePgn>360-1</MedlinePgn>            </Pagination>            <AuthorList CompleteYN="Y">                <Author ValidYN="Y">                    <LastName>HOCH-LIGETI</LastName>                    <ForeName>C</ForeName>                    <Initials>C</Initials>                </Author>                <Author ValidYN="Y">                    <LastName>HSU</LastName>                    <ForeName>Y T</ForeName>                    <Initials>YT</Initials>                </Author>            </AuthorList>            <Language>eng</Language>            <PublicationTypeList>                <PublicationType UI="D016428">Journal Article</PublicationType>            </PublicationTypeList>        </Article>        <MedlineJournalInfo>            <Country>Not Available</Country>            <MedlineTA>Science</MedlineTA>            <NlmUniqueID>0404511</NlmUniqueID>            <ISSNLinking>0036-8075</ISSNLinking>        </MedlineJournalInfo>        <CitationSubset>OM</CitationSubset>        <MeshHeadingList>            <MeshHeading>                <DescriptorName MajorTopicYN="N" UI="D009369">Neoplasms</DescriptorName>                <QualifierName MajorTopicYN="Y" UI="Q000637">transplantation</QualifierName>            </MeshHeading>        </MeshHeadingList>        <OtherID Source="CLML">5324:19096:429</OtherID>        <KeywordList Owner="NLM">            <Keyword MajorTopicYN="Y">NEOPLASMS/transplantation</Keyword>        </KeywordList>    </MedlineCitation>    <PubmedData>        <History>            <PubMedPubDate PubStatus="pubmed">                <Year>1953</Year>                <Month>4</Month>                <Day>3</Day>            </PubMedPubDate>            <PubMedPubDate PubStatus="medline">                <Year>1953</Year>                <Month>4</Month>                <Day>3</Day>                <Hour>0</Hour>                <Minute>1</Minute>            </PubMedPubDate>            <PubMedPubDate PubStatus="entrez">                <Year>1953</Year>                <Month>4</Month>                <Day>3</Day>                <Hour>0</Hour>                <Minute>0</Minute>            </PubMedPubDate>        </History>        <PublicationStatus>ppublish</PublicationStatus>        <ArticleIdList>            <ArticleId IdType="pubmed">13048681</ArticleId>        </ArticleIdList>    </PubmedData></PubmedArticle><PubmedArticle>    <MedlineCitation Owner="NLM" Status="MEDLINE">        <PMID Version="1">13048664</PMID>        <DateCreated>            <Year>1953</Year>            <Month>12</Month>            <Day>01</Day>        </DateCreated>        <DateCompleted>            <Year>2003</Year>            <Month>05</Month>            <Day>01</Day>        </DateCompleted>        <DateRevised>            <Year>2014</Year>            <Month>08</Month>            <Day>12</Day>        </DateRevised>        <Article PubModel="Print">            <Journal>                <ISSN IssnType="Print">0036-8075</ISSN>                <JournalIssue CitedMedium="Print">                    <Volume>117</Volume>                    <Issue>3038</Issue>                    <PubDate>                        <Year>1953</Year>                        <Month>Mar</Month>                        <Day>20</Day>                    </PubDate>                </JournalIssue>                <Title>Science (New York, N.Y.)</Title>                <ISOAbbreviation>Science</ISOAbbreviation>            </Journal>            <ArticleTitle>The culture in the developing chicken embryo of a filtrable agent from Verruca vulgaris.</ArticleTitle>            <Pagination>                <MedlinePgn>300-1</MedlinePgn>            </Pagination>            <AuthorList CompleteYN="Y">                <Author ValidYN="Y">                    <LastName>BIVINS</LastName>                    <ForeName>J A</ForeName>                    <Initials>JA</Initials>                </Author>            </AuthorList>            <Language>eng</Language>            <PublicationTypeList>                <PublicationType UI="D016428">Journal Article</PublicationType>            </PublicationTypeList>        </Article>        <MedlineJournalInfo>            <Country>Not Available</Country>            <MedlineTA>Science</MedlineTA>            <NlmUniqueID>0404511</NlmUniqueID>            <ISSNLinking>0036-8075</ISSNLinking>        </MedlineJournalInfo>        <CitationSubset>OM</CitationSubset>        <MeshHeadingList>            <MeshHeading>                <DescriptorName MajorTopicYN="Y" UI="D014780">Viruses</DescriptorName>            </MeshHeading>            <MeshHeading>                <DescriptorName MajorTopicYN="Y" UI="D014860">Warts</DescriptorName>            </MeshHeading>        </MeshHeadingList>        <OtherID Source="CLML">5324:19079:696</OtherID>        <KeywordList Owner="NLM">            <Keyword MajorTopicYN="Y">VERRUCA/virus</Keyword>        </KeywordList>    </MedlineCitation>    <PubmedData>        <History>            <PubMedPubDate PubStatus="pubmed">                <Year>1953</Year>                <Month>3</Month>                <Day>20</Day>            </PubMedPubDate>            <PubMedPubDate PubStatus="medline">                <Year>1953</Year>                <Month>3</Month>                <Day>20</Day>                <Hour>0</Hour>                <Minute>1</Minute>            </PubMedPubDate>            <PubMedPubDate PubStatus="entrez">                <Year>1953</Year>                <Month>3</Month>                <Day>20</Day>                <Hour>0</Hour>                <Minute>0</Minute>            </PubMedPubDate>        </History>        <PublicationStatus>ppublish</PublicationStatus>        <ArticleIdList>            <ArticleId IdType="pubmed">13048664</ArticleId>        </ArticleIdList>    </PubmedData></PubmedArticle><PubmedArticle>    <MedlineCitation Owner="NLM" Status="MEDLINE">        <PMID Version="1">13048644</PMID>        <DateCreated>            <Year>1953</Year>            <Month>12</Month>            <Day>01</Day>        </DateCreated>        <DateCompleted>            <Year>2003</Year>            <Month>05</Month>            <Day>01</Day>        </DateCompleted>        <DateRevised>            <Year>2008</Year>            <Month>06</Month>            <Day>03</Day>        </DateRevised>        <Article PubModel="Print">            <Journal>                <ISSN IssnType="Print">0036-8075</ISSN>                <JournalIssue CitedMedium="Print">                    <Volume>117</Volume>                    <Issue>3036</Issue>                    <PubDate>                        <Year>1953</Year>                        <Month>Mar</Month>                        <Day>6</Day>                    </PubDate>                </JournalIssue>                <Title>Science (New York, N.Y.)</Title>                <ISOAbbreviation>Science</ISOAbbreviation>            </Journal>            <ArticleTitle>A computational procedure for the isotope method of brain tumor localization.</ArticleTitle>            <Pagination>                <MedlinePgn>247-8</MedlinePgn>            </Pagination>            <AuthorList CompleteYN="Y">                <Author ValidYN="Y">                    <LastName>LANGER</LastName>                    <ForeName>A</ForeName>                    <Initials>A</Initials>                </Author>                <Author ValidYN="Y">                    <LastName>LOEVINGER</LastName>                    <ForeName>R</ForeName>                    <Initials>R</Initials>                </Author>            </AuthorList>            <Language>eng</Language>            <PublicationTypeList>                <PublicationType UI="D016428">Journal Article</PublicationType>            </PublicationTypeList>        </Article>        <MedlineJournalInfo>            <Country>Not Available</Country>            <MedlineTA>Science</MedlineTA>            <NlmUniqueID>0404511</NlmUniqueID>            <ISSNLinking>0036-8075</ISSNLinking>        </MedlineJournalInfo>        <ChemicalList>            <Chemical>                <RegistryNumber>0</RegistryNumber>                <NameOfSubstance UI="D007554">Isotopes</NameOfSubstance>            </Chemical>        </ChemicalList>        <CitationSubset>OM</CitationSubset>        <MeshHeadingList>            <MeshHeading>                <DescriptorName MajorTopicYN="Y" UI="D001932">Brain Neoplasms</DescriptorName>            </MeshHeading>            <MeshHeading>                <DescriptorName MajorTopicYN="Y" UI="D007554">Isotopes</DescriptorName>            </MeshHeading>        </MeshHeadingList>        <OtherID Source="CLML">5324:19059:112:341</OtherID>        <KeywordList Owner="NLM">            <Keyword MajorTopicYN="Y">BRAIN/neoplasms</Keyword>            <Keyword MajorTopicYN="Y">ISOTOPES</Keyword>        </KeywordList>    </MedlineCitation>    <PubmedData>        <History>            <PubMedPubDate PubStatus="pubmed">                <Year>1953</Year>                <Month>3</Month>                <Day>6</Day>            </PubMedPubDate>            <PubMedPubDate PubStatus="medline">                <Year>1953</Year>                <Month>3</Month>                <Day>6</Day>                <Hour>0</Hour>                <Minute>1</Minute>            </PubMedPubDate>            <PubMedPubDate PubStatus="entrez">                <Year>1953</Year>                <Month>3</Month>                <Day>6</Day>                <Hour>0</Hour>                <Minute>0</Minute>            </PubMedPubDate>        </History>        <PublicationStatus>ppublish</PublicationStatus>        <ArticleIdList>            <ArticleId IdType="pubmed">13048644</ArticleId>        </ArticleIdList>    </PubmedData></PubmedArticle><PubmedArticle>    <MedlineCitation Owner="NLM" Status="MEDLINE">        <PMID Version="1">13028302</PMID>        <DateCreated>            <Year>1953</Year>            <Month>12</Month>            <Day>01</Day>        </DateCreated>        <DateCompleted>            <Year>2003</Year>            <Month>05</Month>            <Day>01</Day>        </DateCompleted>        <DateRevised>            <Year>2008</Year>            <Month>06</Month>            <Day>03</Day>        </DateRevised>        <Article PubModel="Print">            <Journal>                <ISSN IssnType="Print">0036-8075</ISSN>                <JournalIssue CitedMedium="Print">                    <Volume>117</Volume>                    <Issue>3031</Issue>                    <PubDate>                        <Year>1953</Year>                        <Month>Jan</Month>                        <Day>30</Day>                    </PubDate>                </JournalIssue>                <Title>Science (New York, N.Y.)</Title>                <ISOAbbreviation>Science</ISOAbbreviation>            </Journal>            <ArticleTitle>Analysis of dose-response in relation to mechanism of pulmonary tumor induction in mice.</ArticleTitle>            <Pagination>                <MedlinePgn>109-11</MedlinePgn>            </Pagination>            <AuthorList CompleteYN="Y">                <Author ValidYN="Y">                    <LastName>HESTON</LastName>                    <ForeName>W E</ForeName>                    <Initials>WE</Initials>                </Author>                <Author ValidYN="Y">                    <LastName>SCHNEIDERMAN</LastName>                    <ForeName>M A</ForeName>                    <Initials>MA</Initials>                </Author>            </AuthorList>            <Language>eng</Language>            <PublicationTypeList>                <PublicationType UI="D016428">Journal Article</PublicationType>            </PublicationTypeList>        </Article>        <MedlineJournalInfo>            <Country>Not Available</Country>            <MedlineTA>Science</MedlineTA>            <NlmUniqueID>0404511</NlmUniqueID>            <ISSNLinking>0036-8075</ISSNLinking>        </MedlineJournalInfo>        <CitationSubset>OM</CitationSubset>        <MeshHeadingList>            <MeshHeading>                <DescriptorName MajorTopicYN="Y" UI="D009374">Neoplasms, Experimental</DescriptorName>            </MeshHeading>        </MeshHeadingList>        <OtherID Source="CLML">5323:53280:362</OtherID>        <KeywordList Owner="NLM">            <Keyword MajorTopicYN="Y">NEOPLASMS/experimental</Keyword>        </KeywordList>    </MedlineCitation>    <PubmedData>        <History>            <PubMedPubDate PubStatus="pubmed">                <Year>1953</Year>                <Month>1</Month>                <Day>30</Day>            </PubMedPubDate>            <PubMedPubDate PubStatus="medline">                <Year>1953</Year>                <Month>1</Month>                <Day>30</Day>                <Hour>0</Hour>                <Minute>1</Minute>            </PubMedPubDate>            <PubMedPubDate PubStatus="entrez">                <Year>1953</Year>                <Month>1</Month>                <Day>30</Day>                <Hour>0</Hour>                <Minute>0</Minute>            </PubMedPubDate>        </History>        <PublicationStatus>ppublish</PublicationStatus>        <ArticleIdList>            <ArticleId IdType="pubmed">13028302</ArticleId>        </ArticleIdList>    </PubmedData></PubmedArticle><PubmedArticle>    <MedlineCitation Owner="NLM" Status="MEDLINE">        <PMID Version="1">13028263</PMID>        <DateCreated>            <Year>1953</Year>            <Month>12</Month>            <Day>01</Day>        </DateCreated>        <DateCompleted>            <Year>2003</Year>            <Month>05</Month>            <Day>01</Day>        </DateCompleted>        <DateRevised>            <Year>2008</Year>            <Month>06</Month>            <Day>03</Day>        </DateRevised>        <Article PubModel="Print">            <Journal>                <ISSN IssnType="Print">0036-8075</ISSN>                <JournalIssue CitedMedium="Print">                    <Volume>117</Volume>                    <Issue>3027</Issue>                    <PubDate>                        <Year>1953</Year>                        <Month>Jan</Month>                        <Day>2</Day>                    </PubDate>                </JournalIssue>                <Title>Science (New York, N.Y.)</Title>                <ISOAbbreviation>Science</ISOAbbreviation>            </Journal>            <ArticleTitle>Crown gall suppression by anti-auxin.</ArticleTitle>            <Pagination>                <MedlinePgn>13</MedlinePgn>            </Pagination>            <AuthorList CompleteYN="Y">                <Author ValidYN="Y">                    <LastName>WAGGONER</LastName>                    <ForeName>P E</ForeName>                    <Initials>PE</Initials>                </Author>                <Author ValidYN="Y">                    <LastName>DIMOND</LastName>                    <ForeName>A E</ForeName>                    <Initials>AE</Initials>                </Author>            </AuthorList>            <Language>eng</Language>            <PublicationTypeList>                <PublicationType UI="D016428">Journal Article</PublicationType>            </PublicationTypeList>        </Article>        <MedlineJournalInfo>            <Country>Not Available</Country>            <MedlineTA>Science</MedlineTA>            <NlmUniqueID>0404511</NlmUniqueID>            <ISSNLinking>0036-8075</ISSNLinking>        </MedlineJournalInfo>        <ChemicalList>            <Chemical>                <RegistryNumber>0</RegistryNumber>                <NameOfSubstance UI="D008298">Maleates</NameOfSubstance>            </Chemical>        </ChemicalList>        <CitationSubset>OM</CitationSubset>        <MeshHeadingList>            <MeshHeading>                <DescriptorName MajorTopicYN="Y" UI="D008298">Maleates</DescriptorName>            </MeshHeading>            <MeshHeading>                <DescriptorName MajorTopicYN="Y" UI="D009374">Neoplasms, Experimental</DescriptorName>            </MeshHeading>        </MeshHeadingList>        <OtherID Source="CLML">5323:53241:324:362</OtherID>        <KeywordList Owner="NLM">            <Keyword MajorTopicYN="Y">MALEATES</Keyword>            <Keyword MajorTopicYN="Y">NEOPLASMS/experimental</Keyword>        </KeywordList>    </MedlineCitation>    <PubmedData>        <History>            <PubMedPubDate PubStatus="pubmed">                <Year>1953</Year>                <Month>1</Month>                <Day>2</Day>            </PubMedPubDate>            <PubMedPubDate PubStatus="medline">                <Year>1953</Year>                <Month>1</Month>                <Day>2</Day>                <Hour>0</Hour>                <Minute>1</Minute>            </PubMedPubDate>            <PubMedPubDate PubStatus="entrez">                <Year>1953</Year>                <Month>1</Month>                <Day>2</Day>                <Hour>0</Hour>                <Minute>0</Minute>            </PubMedPubDate>        </History>        <PublicationStatus>ppublish</PublicationStatus>        <ArticleIdList>            <ArticleId IdType="pubmed">13028263</ArticleId>        </ArticleIdList>    </PubmedData></PubmedArticle></PubmedArticleSet>