<?xml version="1.0"?><!DOCTYPE PubmedArticleSet PUBLIC "-//NLM//DTD PubMedArticle, 1st January 2015//EN" "http://www.ncbi.nlm.nih.gov/corehtml/query/DTD/pubmed_150101.dtd"><PubmedArticleSet><PubmedArticle>    <MedlineCitation Owner="NLM" Status="MEDLINE">        <PMID Version="1">14013827</PMID>        <DateCreated>            <Year>1963</Year>            <Month>12</Month>            <Day>01</Day>        </DateCreated>        <DateCompleted>            <Year>1998</Year>            <Month>11</Month>            <Day>01</Day>        </DateCompleted>        <DateRevised>            <Year>2013</Year>            <Month>11</Month>            <Day>21</Day>        </DateRevised>        <Article PubModel="Print">            <Journal>                <ISSN IssnType="Print">0036-8075</ISSN>                <JournalIssue CitedMedium="Print">                    <Volume>138</Volume>                    <Issue>3539</Issue>                    <PubDate>                        <Year>1962</Year>                        <Month>Oct</Month>                        <Day>26</Day>                    </PubDate>                </JournalIssue>                <Title>Science (New York, N.Y.)</Title>                <ISOAbbreviation>Science</ISOAbbreviation>            </Journal>            <ArticleTitle>Sarcoma 180 inhibition by combinations of 6-thioguanine and uracil mustard.</ArticleTitle>            <Pagination>                <MedlinePgn>518-9</MedlinePgn>            </Pagination>            <Abstract>                <AbstractText>Combinations of 6-thioguanine and uracil mustard produced greater inhibition of the growth of sarcoma 180 than that equivalent to the sum of the inhibitory effects caused by the optimum levels of the individual drugs. This potentiation was accomplished without marked weight loss by the host. Some possible biochemical mechanisms responsible for the drug synergy are discussed.</AbstractText>            </Abstract>            <AuthorList CompleteYN="Y">                <Author ValidYN="Y">                    <LastName>BOOTH</LastName>                    <ForeName>B A</ForeName>                    <Initials>BA</Initials>                </Author>                <Author ValidYN="Y">                    <LastName>SARTORELLI</LastName>                    <ForeName>A C</ForeName>                    <Initials>AC</Initials>                </Author>            </AuthorList>            <Language>eng</Language>            <PublicationTypeList>                <PublicationType UI="D016428">Journal Article</PublicationType>            </PublicationTypeList>        </Article>        <MedlineJournalInfo>            <Country>Not Available</Country>            <MedlineTA>Science</MedlineTA>            <NlmUniqueID>0404511</NlmUniqueID>            <ISSNLinking>0036-8075</ISSNLinking>        </MedlineJournalInfo>        <ChemicalList>            <Chemical>                <RegistryNumber>0</RegistryNumber>                <NameOfSubstance UI="D000970">Antineoplastic Agents</NameOfSubstance>            </Chemical>            <Chemical>                <RegistryNumber>56HH86ZVCT</RegistryNumber>                <NameOfSubstance UI="D014498">Uracil</NameOfSubstance>            </Chemical>            <Chemical>                <RegistryNumber>E7WED276I5</RegistryNumber>                <NameOfSubstance UI="D015122">6-Mercaptopurine</NameOfSubstance>            </Chemical>        </ChemicalList>        <CitationSubset>OM</CitationSubset>        <MeshHeadingList>            <MeshHeading>                <DescriptorName MajorTopicYN="Y" UI="D015122">6-Mercaptopurine</DescriptorName>            </MeshHeading>            <MeshHeading>                <DescriptorName MajorTopicYN="Y" UI="D000970">Antineoplastic Agents</DescriptorName>            </MeshHeading>            <MeshHeading>                <DescriptorName MajorTopicYN="Y" UI="D012510">Sarcoma 180</DescriptorName>            </MeshHeading>            <MeshHeading>                <DescriptorName MajorTopicYN="Y" UI="D014498">Uracil</DescriptorName>            </MeshHeading>        </MeshHeadingList>        <KeywordList Owner="NLM">            <Keyword MajorTopicYN="Y">ANTINEOPLASTIC AGENTS</Keyword>            <Keyword MajorTopicYN="Y">MERCAPTOPURINE</Keyword>            <Keyword MajorTopicYN="Y">SARCOMA 180, CROCKER</Keyword>            <Keyword MajorTopicYN="Y">URACIL</Keyword>        </KeywordList>    </MedlineCitation>    <PubmedData>        <History>            <PubMedPubDate PubStatus="pubmed">                <Year>1962</Year>                <Month>10</Month>                <Day>26</Day>            </PubMedPubDate>            <PubMedPubDate PubStatus="medline">                <Year>1962</Year>                <Month>10</Month>                <Day>26</Day>                <Hour>0</Hour>                <Minute>1</Minute>            </PubMedPubDate>            <PubMedPubDate PubStatus="entrez">                <Year>1962</Year>                <Month>10</Month>                <Day>26</Day>                <Hour>0</Hour>                <Minute>0</Minute>            </PubMedPubDate>        </History>        <PublicationStatus>ppublish</PublicationStatus>        <ArticleIdList>            <ArticleId IdType="pubmed">14013827</ArticleId>        </ArticleIdList>    </PubmedData></PubmedArticle><PubmedArticle>    <MedlineCitation Owner="NLM" Status="PubMed-not-MEDLINE">        <PMID Version="1">17774414</PMID>        <DateCreated>            <Year>2010</Year>            <Month>06</Month>            <Day>07</Day>        </DateCreated>        <DateCompleted>            <Year>2010</Year>            <Month>07</Month>            <Day>02</Day>        </DateCompleted>        <Article PubModel="Print">            <Journal>                <ISSN IssnType="Print">0036-8075</ISSN>                <JournalIssue CitedMedium="Print">                    <Volume>137</Volume>                    <Issue>3535</Issue>                    <PubDate>                        <Year>1962</Year>                        <Month>Sep</Month>                        <Day>28</Day>                    </PubDate>                </JournalIssue>                <Title>Science (New York, N.Y.)</Title>                <ISOAbbreviation>Science</ISOAbbreviation>            </Journal>            <ArticleTitle>Sexual Sterilization of Insects by Chemicals: Eradication of harmful insects may be achieved with analogs of cancer chemotherapeutic agents.</ArticleTitle>            <Pagination>                <MedlinePgn>1034-7</MedlinePgn>            </Pagination>            <AuthorList CompleteYN="Y">                <Author ValidYN="Y">                    <LastName>Borcaronkovec</LastName>                    <ForeName>A B</ForeName>                    <Initials>AB</Initials>                </Author>            </AuthorList>            <Language>eng</Language>            <PublicationTypeList>                <PublicationType UI="D016428">Journal Article</PublicationType>            </PublicationTypeList>        </Article>        <MedlineJournalInfo>            <Country>United States</Country>            <MedlineTA>Science</MedlineTA>            <NlmUniqueID>0404511</NlmUniqueID>            <ISSNLinking>0036-8075</ISSNLinking>        </MedlineJournalInfo>    </MedlineCitation>    <PubmedData>        <History>            <PubMedPubDate PubStatus="pubmed">                <Year>1962</Year>                <Month>9</Month>                <Day>28</Day>                <Hour>0</Hour>                <Minute>0</Minute>            </PubMedPubDate>            <PubMedPubDate PubStatus="medline">                <Year>1962</Year>                <Month>9</Month>                <Day>28</Day>                <Hour>0</Hour>                <Minute>1</Minute>            </PubMedPubDate>            <PubMedPubDate PubStatus="entrez">                <Year>1962</Year>                <Month>9</Month>                <Day>28</Day>                <Hour>0</Hour>                <Minute>0</Minute>            </PubMedPubDate>        </History>        <PublicationStatus>ppublish</PublicationStatus>        <ArticleIdList>            <ArticleId IdType="pii">137/3535/1034</ArticleId>            <ArticleId IdType="doi">10.1126/science.137.3535.1034</ArticleId>            <ArticleId IdType="pubmed">17774414</ArticleId>        </ArticleIdList>    </PubmedData></PubmedArticle><PubmedArticle>    <MedlineCitation Owner="NLM" Status="MEDLINE">        <PMID Version="1">14475649</PMID>        <DateCreated>            <Year>1962</Year>            <Month>12</Month>            <Day>01</Day>        </DateCreated>        <DateCompleted>            <Year>1998</Year>            <Month>11</Month>            <Day>01</Day>        </DateCompleted>        <DateRevised>            <Year>2011</Year>            <Month>12</Month>            <Day>02</Day>        </DateRevised>        <Article PubModel="Print">            <Journal>                <ISSN IssnType="Print">0036-8075</ISSN>                <JournalIssue CitedMedium="Print">                    <Volume>137</Volume>                    <Issue>3534</Issue>                    <PubDate>                        <Year>1962</Year>                        <Month>Sep</Month>                        <Day>21</Day>                    </PubDate>                </JournalIssue>                <Title>Science (New York, N.Y.)</Title>                <ISOAbbreviation>Science</ISOAbbreviation>            </Journal>            <ArticleTitle>Continuous culture of a melanotic cell line from the golden hamster.</ArticleTitle>            <Pagination>                <MedlinePgn>986-7</MedlinePgn>            </Pagination>            <Abstract>                <AbstractText>A melanotic cell line derived from a malignant melanoma of the golden hamster has retained its ability to produce melanin in vitro. This cell line provides an opportunity for studying the synthesis of melanin under various controlled conditions. The modal chromosome number in this cell line is 68.</AbstractText>            </Abstract>            <AuthorList CompleteYN="Y">                <Author ValidYN="Y">                    <LastName>MOORE</LastName>                    <ForeName>G E</ForeName>                    <Initials>GE</Initials>                </Author>                <Author ValidYN="Y">                    <LastName>LEHNER</LastName>                    <ForeName>D F</ForeName>                    <Initials>DF</Initials>                </Author>                <Author ValidYN="Y">                    <LastName>KIKUCHI</LastName>                    <ForeName>Y</ForeName>                    <Initials>Y</Initials>                </Author>                <Author ValidYN="Y">                    <LastName>LESS</LastName>                    <ForeName>L A</ForeName>                    <Initials>LA</Initials>                </Author>            </AuthorList>            <Language>eng</Language>            <PublicationTypeList>                <PublicationType UI="D016428">Journal Article</PublicationType>            </PublicationTypeList>        </Article>        <MedlineJournalInfo>            <Country>Not Available</Country>            <MedlineTA>Science</MedlineTA>            <NlmUniqueID>0404511</NlmUniqueID>            <ISSNLinking>0036-8075</ISSNLinking>        </MedlineJournalInfo>        <CitationSubset>OM</CitationSubset>        <MeshHeadingList>            <MeshHeading>                <DescriptorName MajorTopicYN="Y" UI="D008546">Melanoma, Experimental</DescriptorName>            </MeshHeading>            <MeshHeading>                <DescriptorName MajorTopicYN="Y" UI="D046509">Tissue Culture Techniques</DescriptorName>            </MeshHeading>        </MeshHeadingList>        <KeywordList Owner="NLM">            <Keyword MajorTopicYN="Y">MELANOMA/experimental</Keyword>            <Keyword MajorTopicYN="Y">TISSUE CULTURE</Keyword>        </KeywordList>    </MedlineCitation>    <PubmedData>        <History>            <PubMedPubDate PubStatus="pubmed">                <Year>1962</Year>                <Month>9</Month>                <Day>21</Day>            </PubMedPubDate>            <PubMedPubDate PubStatus="medline">                <Year>1962</Year>                <Month>9</Month>                <Day>21</Day>                <Hour>0</Hour>                <Minute>1</Minute>            </PubMedPubDate>            <PubMedPubDate PubStatus="entrez">                <Year>1962</Year>                <Month>9</Month>                <Day>21</Day>                <Hour>0</Hour>                <Minute>0</Minute>            </PubMedPubDate>        </History>        <PublicationStatus>ppublish</PublicationStatus>        <ArticleIdList>            <ArticleId IdType="pubmed">14475649</ArticleId>        </ArticleIdList>    </PubmedData></PubmedArticle><PubmedArticle>    <MedlineCitation Owner="NLM" Status="MEDLINE">        <PMID Version="1">13922417</PMID>        <DateCreated>            <Year>1962</Year>            <Month>12</Month>            <Day>01</Day>        </DateCreated>        <DateCompleted>            <Year>1998</Year>            <Month>11</Month>            <Day>01</Day>        </DateCompleted>        <DateRevised>            <Year>2011</Year>            <Month>12</Month>            <Day>02</Day>        </DateRevised>        <Article PubModel="Print">            <Journal>                <ISSN IssnType="Print">0036-8075</ISSN>                <JournalIssue CitedMedium="Print">                    <Volume>137</Volume>                    <Issue>3533</Issue>                    <PubDate>                        <Year>1962</Year>                        <Month>Sep</Month>                        <Day>14</Day>                    </PubDate>                </JournalIssue>                <Title>Science (New York, N.Y.)</Title>                <ISOAbbreviation>Science</ISOAbbreviation>            </Journal>            <ArticleTitle>The quest for human cancer viruses.</ArticleTitle>            <Pagination>                <MedlinePgn>835-41</MedlinePgn>            </Pagination>            <Abstract>                <AbstractText>A new approach to the important but difficult task of revealing possible human tumor viruses has been presented in this article. By systematic testing of already known human viruses for oncogenic properties, it was found that in hamsters injected intrapulmonarily with tissue culture fluid of human type 12 adenovirus within 24 hours after birth there was a very high incidence of malignant tumors at the site of injection in from 1 to 3 months. The tumorinducing activity was not lost by filtration through Selas 02 filters or by tissue culture passages in HeLa cells. Tumors thus induced grew in, and killed, a high percentage of the unconditioned young adult hamsters into which they were transplanted. No such tumors occurred in hamsters injected with control tissue culture fluid or with culture fluids of the other viruses tested, or in control breeder hamsters. The possibility that contamination with polyoma virus and simian virus 40 might be responsible for the tumors induced was specifically excluded by a variety of tests. The possible involvement of still other, as yet unknown, contaminant viruses was excluded by a positive association of the tumor-inducing ability with the adenovirus content. Of eight human sera tested, only those four which neutralized the adenovirus-type cytopathic effect also neutralized the tumor-inducing effect. Of 700 human sera tested, 26 percent contained CPE-neutralizing antibodies for type 12 adenovirus at titers of 1:4 and higher (23).</AbstractText>            </Abstract>            <AuthorList CompleteYN="Y">                <Author ValidYN="Y">                    <LastName>TRENTIN</LastName>                    <ForeName>J J</ForeName>                    <Initials>JJ</Initials>                </Author>                <Author ValidYN="Y">                    <LastName>YABE</LastName>                    <ForeName>Y</ForeName>                    <Initials>Y</Initials>                </Author>                <Author ValidYN="Y">                    <LastName>TAYLOR</LastName>                    <ForeName>G</ForeName>                    <Initials>G</Initials>                </Author>            </AuthorList>            <Language>eng</Language>            <PublicationTypeList>                <PublicationType UI="D016428">Journal Article</PublicationType>            </PublicationTypeList>        </Article>        <MedlineJournalInfo>            <Country>Not Available</Country>            <MedlineTA>Science</MedlineTA>            <NlmUniqueID>0404511</NlmUniqueID>            <ISSNLinking>0036-8075</ISSNLinking>        </MedlineJournalInfo>        <CitationSubset>OM</CitationSubset>        <MeshHeadingList>            <MeshHeading>                <DescriptorName MajorTopicYN="Y" UI="D000256">Adenoviridae</DescriptorName>            </MeshHeading>            <MeshHeading>                <DescriptorName MajorTopicYN="N" UI="D009369">Neoplasms</DescriptorName>                <QualifierName MajorTopicYN="Y" UI="Q000821">virology</QualifierName>            </MeshHeading>        </MeshHeadingList>        <KeywordList Owner="NLM">            <Keyword MajorTopicYN="Y">ADENOVIRUS</Keyword>            <Keyword MajorTopicYN="Y">NEOPLASMS/virology</Keyword>        </KeywordList>    </MedlineCitation>    <PubmedData>        <History>            <PubMedPubDate PubStatus="pubmed">                <Year>1962</Year>                <Month>9</Month>                <Day>14</Day>            </PubMedPubDate>            <PubMedPubDate PubStatus="medline">                <Year>1962</Year>                <Month>9</Month>                <Day>14</Day>                <Hour>0</Hour>                <Minute>1</Minute>            </PubMedPubDate>            <PubMedPubDate PubStatus="entrez">                <Year>1962</Year>                <Month>9</Month>                <Day>14</Day>                <Hour>0</Hour>                <Minute>0</Minute>            </PubMedPubDate>        </History>        <PublicationStatus>ppublish</PublicationStatus>        <ArticleIdList>            <ArticleId IdType="pubmed">13922417</ArticleId>        </ArticleIdList>    </PubmedData></PubmedArticle><PubmedArticle>    <MedlineCitation Owner="NLM" Status="OLDMEDLINE">        <PMID Version="1">14462359</PMID>        <DateCreated>            <Year>1962</Year>            <Month>12</Month>            <Day>01</Day>        </DateCreated>        <DateCompleted>            <Year>1998</Year>            <Month>11</Month>            <Day>01</Day>        </DateCompleted>        <DateRevised>            <Year>2011</Year>            <Month>12</Month>            <Day>01</Day>        </DateRevised>        <Article PubModel="Print">            <Journal>                <ISSN IssnType="Print">0036-8075</ISSN>                <JournalIssue CitedMedium="Print">                    <Volume>137</Volume>                    <Issue>3532</Issue>                    <PubDate>                        <Year>1962</Year>                        <Month>Sep</Month>                        <Day>7</Day>                    </PubDate>                </JournalIssue>                <Title>Science (New York, N.Y.)</Title>                <ISOAbbreviation>Science</ISOAbbreviation>            </Journal>            <ArticleTitle>Nevada test fallout and radioiodine in milk.</ArticleTitle>            <Pagination>                <MedlinePgn>756-8</MedlinePgn>            </Pagination>            <Abstract>                <AbstractText>The iodine-131 dosage to infant thyroids as a result of Nevada testing is evaluated. The case of heavy fallout in the Troy, N.Y., area on 26 April 1953 is cited. The possibility is discussed that a thyroid cancer survey would provide a critical test of linear response versus threshold theory for radiation injury to tissue.</AbstractText>            </Abstract>            <AuthorList CompleteYN="Y">                <Author ValidYN="Y">                    <LastName>LAPP</LastName>                    <ForeName>R E</ForeName>                    <Initials>RE</Initials>                </Author>            </AuthorList>            <Language>eng</Language>            <PublicationTypeList>                <PublicationType UI="D016428">Journal Article</PublicationType>            </PublicationTypeList>        </Article>        <MedlineJournalInfo>            <Country>Not Available</Country>            <MedlineTA>Science</MedlineTA>            <NlmUniqueID>0404511</NlmUniqueID>            <ISSNLinking>0036-8075</ISSNLinking>        </MedlineJournalInfo>        <ChemicalList>            <Chemical>                <RegistryNumber>0</RegistryNumber>                <NameOfSubstance UI="D011847">Radioactive Fallout</NameOfSubstance>            </Chemical>        </ChemicalList>        <CitationSubset>OM</CitationSubset>        <MeshHeadingList>            <MeshHeading>                <DescriptorName MajorTopicYN="N" UI="D008892">Milk</DescriptorName>                <QualifierName MajorTopicYN="Y" UI="Q000737">chemistry</QualifierName>            </MeshHeading>            <MeshHeading>                <DescriptorName MajorTopicYN="Y" UI="D011847">Radioactive Fallout</DescriptorName>            </MeshHeading>        </MeshHeadingList>        <KeywordList Owner="NLM">            <Keyword MajorTopicYN="Y">IODINE/radioactive</Keyword>            <Keyword MajorTopicYN="Y">MILK/chemistry</Keyword>            <Keyword MajorTopicYN="Y">RADIOACTIVE FALLOUT</Keyword>        </KeywordList>    </MedlineCitation>    <PubmedData>        <History>            <PubMedPubDate PubStatus="pubmed">                <Year>1962</Year>                <Month>9</Month>                <Day>7</Day>            </PubMedPubDate>            <PubMedPubDate PubStatus="medline">                <Year>1962</Year>                <Month>9</Month>                <Day>7</Day>                <Hour>0</Hour>                <Minute>1</Minute>            </PubMedPubDate>            <PubMedPubDate PubStatus="entrez">                <Year>1962</Year>                <Month>9</Month>                <Day>7</Day>                <Hour>0</Hour>                <Minute>0</Minute>            </PubMedPubDate>        </History>        <PublicationStatus>ppublish</PublicationStatus>        <ArticleIdList>            <ArticleId IdType="pubmed">14462359</ArticleId>        </ArticleIdList>    </PubmedData></PubmedArticle><PubmedArticle>    <MedlineCitation Owner="NLM" Status="MEDLINE">        <PMID Version="1">14471379</PMID>        <DateCreated>            <Year>1962</Year>            <Month>12</Month>            <Day>01</Day>        </DateCreated>        <DateCompleted>            <Year>1998</Year>            <Month>11</Month>            <Day>01</Day>        </DateCompleted>        <DateRevised>            <Year>2011</Year>            <Month>12</Month>            <Day>02</Day>        </DateRevised>        <Article PubModel="Print">            <Journal>                <ISSN IssnType="Print">0036-8075</ISSN>                <JournalIssue CitedMedium="Print">                    <Volume>137</Volume>                    <Issue>3530</Issue>                    <PubDate>                        <Year>1962</Year>                        <Month>Aug</Month>                        <Day>24</Day>                    </PubDate>                </JournalIssue>                <Title>Science (New York, N.Y.)</Title>                <ISOAbbreviation>Science</ISOAbbreviation>            </Journal>            <ArticleTitle>Polyoma and papilloma viruses: do they have 42 or 92 subunits?</ArticleTitle>            <Pagination>                <MedlinePgn>612-3</MedlinePgn>            </Pagination>            <AuthorList CompleteYN="Y">                <Author ValidYN="Y">                    <LastName>MATTERN</LastName>                    <ForeName>C F</ForeName>                    <Initials>CF</Initials>                </Author>            </AuthorList>            <Language>eng</Language>            <PublicationTypeList>                <PublicationType UI="D016428">Journal Article</PublicationType>            </PublicationTypeList>        </Article>        <MedlineJournalInfo>            <Country>Not Available</Country>            <MedlineTA>Science</MedlineTA>            <NlmUniqueID>0404511</NlmUniqueID>            <ISSNLinking>0036-8075</ISSNLinking>        </MedlineJournalInfo>        <CitationSubset>OM</CitationSubset>        <MeshHeadingList>            <MeshHeading>                <DescriptorName MajorTopicYN="N" UI="D009369">Neoplasms</DescriptorName>                <QualifierName MajorTopicYN="Y" UI="Q000821">virology</QualifierName>            </MeshHeading>            <MeshHeading>                <DescriptorName MajorTopicYN="N" UI="D010212">Papilloma</DescriptorName>                <QualifierName MajorTopicYN="Y" UI="Q000821">virology</QualifierName>            </MeshHeading>            <MeshHeading>                <DescriptorName MajorTopicYN="Y" UI="D014780">Viruses</DescriptorName>            </MeshHeading>        </MeshHeadingList>        <KeywordList Owner="NLM">            <Keyword MajorTopicYN="Y">NEOPLASMS/virology</Keyword>            <Keyword MajorTopicYN="Y">PAPILLOMA/virology</Keyword>            <Keyword MajorTopicYN="Y">VIRUSES</Keyword>        </KeywordList>    </MedlineCitation>    <PubmedData>        <History>            <PubMedPubDate PubStatus="pubmed">                <Year>1962</Year>                <Month>8</Month>                <Day>24</Day>            </PubMedPubDate>            <PubMedPubDate PubStatus="medline">                <Year>1962</Year>                <Month>8</Month>                <Day>24</Day>                <Hour>0</Hour>                <Minute>1</Minute>            </PubMedPubDate>            <PubMedPubDate PubStatus="entrez">                <Year>1962</Year>                <Month>8</Month>                <Day>24</Day>                <Hour>0</Hour>                <Minute>0</Minute>            </PubMedPubDate>        </History>        <PublicationStatus>ppublish</PublicationStatus>        <ArticleIdList>            <ArticleId IdType="pubmed">14471379</ArticleId>        </ArticleIdList>    </PubmedData></PubmedArticle><PubmedArticle>    <MedlineCitation Owner="NLM" Status="PubMed-not-MEDLINE">        <PMID Version="1">17779260</PMID>        <DateCreated>            <Year>2010</Year>            <Month>06</Month>            <Day>07</Day>        </DateCreated>        <DateCompleted>            <Year>2010</Year>            <Month>07</Month>            <Day>02</Day>        </DateCompleted>        <Article PubModel="Print">            <Journal>                <ISSN IssnType="Print">0036-8075</ISSN>                <JournalIssue CitedMedium="Print">                    <Volume>137</Volume>                    <Issue>3528</Issue>                    <PubDate>                        <Year>1962</Year>                        <Month>Aug</Month>                        <Day>10</Day>                    </PubDate>                </JournalIssue>                <Title>Science (New York, N.Y.)</Title>                <ISOAbbreviation>Science</ISOAbbreviation>            </Journal>            <ArticleTitle>Genesis of Cancer.</ArticleTitle>            <Pagination>                <MedlinePgn>460-2</MedlinePgn>            </Pagination>            <AuthorList CompleteYN="Y">                <Author ValidYN="Y">                    <LastName>Simpson</LastName>                    <ForeName>G G</ForeName>                    <Initials>GG</Initials>                </Author>            </AuthorList>            <Language>eng</Language>            <PublicationTypeList>                <PublicationType UI="D016428">Journal Article</PublicationType>            </PublicationTypeList>        </Article>        <MedlineJournalInfo>            <Country>United States</Country>            <MedlineTA>Science</MedlineTA>            <NlmUniqueID>0404511</NlmUniqueID>            <ISSNLinking>0036-8075</ISSNLinking>        </MedlineJournalInfo>    </MedlineCitation>    <PubmedData>        <History>            <PubMedPubDate PubStatus="pubmed">                <Year>1962</Year>                <Month>8</Month>                <Day>10</Day>                <Hour>0</Hour>                <Minute>0</Minute>            </PubMedPubDate>            <PubMedPubDate PubStatus="medline">                <Year>1962</Year>                <Month>8</Month>                <Day>10</Day>                <Hour>0</Hour>                <Minute>1</Minute>            </PubMedPubDate>            <PubMedPubDate PubStatus="entrez">                <Year>1962</Year>                <Month>8</Month>                <Day>10</Day>                <Hour>0</Hour>                <Minute>0</Minute>            </PubMedPubDate>        </History>        <PublicationStatus>ppublish</PublicationStatus>        <ArticleIdList>            <ArticleId IdType="pii">137/3528/460</ArticleId>            <ArticleId IdType="doi">10.1126/science.137.3528.460</ArticleId>            <ArticleId IdType="pubmed">17779260</ArticleId>        </ArticleIdList>    </PubmedData></PubmedArticle><PubmedArticle>    <MedlineCitation Owner="NLM" Status="OLDMEDLINE">        <PMID Version="1">14449781</PMID>        <DateCreated>            <Year>1962</Year>            <Month>12</Month>            <Day>01</Day>        </DateCreated>        <DateCompleted>            <Year>1998</Year>            <Month>11</Month>            <Day>01</Day>        </DateCompleted>        <DateRevised>            <Year>2011</Year>            <Month>12</Month>            <Day>02</Day>        </DateRevised>        <Article PubModel="Print">            <Journal>                <ISSN IssnType="Print">0036-8075</ISSN>                <JournalIssue CitedMedium="Print">                    <Volume>137</Volume>                    <Issue>3526</Issue>                    <PubDate>                        <Year>1962</Year>                        <Month>Jul</Month>                        <Day>27</Day>                    </PubDate>                </JournalIssue>                <Title>Science (New York, N.Y.)</Title>                <ISOAbbreviation>Science</ISOAbbreviation>            </Journal>            <ArticleTitle>Induction and extinction of mammary cancer. A striking effect of hydrocarbons permits analysis of mechanisms of causes and cure of breast cancer.</ArticleTitle>            <Pagination>                <MedlinePgn>257-62</MedlinePgn>            </Pagination>            <AuthorList CompleteYN="Y">                <Author ValidYN="Y">                    <LastName>HUGGINS</LastName>                    <ForeName>C</ForeName>                    <Initials>C</Initials>                </Author>                <Author ValidYN="Y">                    <LastName>YANG</LastName>                    <ForeName>N C</ForeName>                    <Initials>NC</Initials>                </Author>            </AuthorList>            <Language>eng</Language>            <PublicationTypeList>                <PublicationType UI="D016428">Journal Article</PublicationType>            </PublicationTypeList>        </Article>        <MedlineJournalInfo>            <Country>Not Available</Country>            <MedlineTA>Science</MedlineTA>            <NlmUniqueID>0404511</NlmUniqueID>            <ISSNLinking>0036-8075</ISSNLinking>        </MedlineJournalInfo>        <CitationSubset>OM</CitationSubset>        <KeywordList Owner="NLM">            <Keyword MajorTopicYN="Y">BREAST NEOPLASMS/experimental</Keyword>        </KeywordList>    </MedlineCitation>    <PubmedData>        <History>            <PubMedPubDate PubStatus="pubmed">                <Year>1962</Year>                <Month>7</Month>                <Day>27</Day>            </PubMedPubDate>            <PubMedPubDate PubStatus="medline">                <Year>1962</Year>                <Month>7</Month>                <Day>27</Day>                <Hour>0</Hour>                <Minute>1</Minute>            </PubMedPubDate>            <PubMedPubDate PubStatus="entrez">                <Year>1962</Year>                <Month>7</Month>                <Day>27</Day>                <Hour>0</Hour>                <Minute>0</Minute>            </PubMedPubDate>        </History>        <PublicationStatus>ppublish</PublicationStatus>        <ArticleIdList>            <ArticleId IdType="pubmed">14449781</ArticleId>        </ArticleIdList>    </PubmedData></PubmedArticle><PubmedArticle>    <MedlineCitation Owner="NLM" Status="MEDLINE">        <PMID Version="1">13884355</PMID>        <DateCreated>            <Year>1962</Year>            <Month>12</Month>            <Day>01</Day>        </DateCreated>        <DateCompleted>            <Year>1998</Year>            <Month>11</Month>            <Day>01</Day>        </DateCompleted>        <DateRevised>            <Year>2012</Year>            <Month>04</Month>            <Day>16</Day>        </DateRevised>        <Article PubModel="Print">            <Journal>                <ISSN IssnType="Print">0036-8075</ISSN>                <JournalIssue CitedMedium="Print">                    <Volume>136</Volume>                    <Issue>3520</Issue>                    <PubDate>                        <Year>1962</Year>                        <Month>Jun</Month>                        <Day>15</Day>                    </PubDate>                </JournalIssue>                <Title>Science (New York, N.Y.)</Title>                <ISOAbbreviation>Science</ISOAbbreviation>            </Journal>            <ArticleTitle>Organ cultures of newborn rabbit skin affected by rabbit papilloma virus.</ArticleTitle>            <Pagination>                <MedlinePgn>985-6</MedlinePgn>            </Pagination>            <Abstract>                <AbstractText>Small fragments of newborn rabbit skin were exposed to papilloma virus and transferred to tissue culture. Control cultures were treated the same way, but without addition of the virus. These cultures were then followed for 4 weeks. During the first ten days, the number of epidermal elements declined gradually in both test and control cultures. From the 10th day on, however, a marked proliferation of the remaining epidermal cells was observed in cultures exposed to the virus, whereas no further changes were noticed in the control cultures.</AbstractText>            </Abstract>            <AuthorList CompleteYN="Y">                <Author ValidYN="Y">                    <LastName>DE MAEYER</LastName>                    <ForeName>E</ForeName>                    <Initials>E</Initials>                </Author>            </AuthorList>            <Language>eng</Language>            <PublicationTypeList>                <PublicationType UI="D016428">Journal Article</PublicationType>            </PublicationTypeList>        </Article>        <MedlineJournalInfo>            <Country>Not Available</Country>            <MedlineTA>Science</MedlineTA>            <NlmUniqueID>0404511</NlmUniqueID>            <ISSNLinking>0036-8075</ISSNLinking>        </MedlineJournalInfo>        <CitationSubset>OM</CitationSubset>        <MeshHeadingList>            <MeshHeading>                <DescriptorName MajorTopicYN="N" UI="D010212">Papilloma</DescriptorName>                <QualifierName MajorTopicYN="Y" UI="Q000821">virology</QualifierName>            </MeshHeading>            <MeshHeading>                <DescriptorName MajorTopicYN="N" UI="D012878">Skin Neoplasms</DescriptorName>                <QualifierName MajorTopicYN="Y" UI="Q000821">virology</QualifierName>            </MeshHeading>            <MeshHeading>                <DescriptorName MajorTopicYN="N" UI="D014780">Viruses</DescriptorName>                <QualifierName MajorTopicYN="Y" UI="Q000208">ethnology</QualifierName>            </MeshHeading>        </MeshHeadingList>        <KeywordList Owner="NLM">            <Keyword MajorTopicYN="Y">PAPILLOMA/virology</Keyword>            <Keyword MajorTopicYN="Y">SKIN NEOPLASMS/virology</Keyword>            <Keyword MajorTopicYN="Y">VIRUSES/culture</Keyword>        </KeywordList>    </MedlineCitation>    <PubmedData>        <History>            <PubMedPubDate PubStatus="pubmed">                <Year>1962</Year>                <Month>6</Month>                <Day>5</Day>            </PubMedPubDate>            <PubMedPubDate PubStatus="medline">                <Year>1962</Year>                <Month>6</Month>                <Day>5</Day>                <Hour>0</Hour>                <Minute>1</Minute>            </PubMedPubDate>            <PubMedPubDate PubStatus="entrez">                <Year>1962</Year>                <Month>6</Month>                <Day>5</Day>                <Hour>0</Hour>                <Minute>0</Minute>            </PubMedPubDate>        </History>        <PublicationStatus>ppublish</PublicationStatus>        <ArticleIdList>            <ArticleId IdType="pubmed">13884355</ArticleId>        </ArticleIdList>    </PubmedData></PubmedArticle><PubmedArticle>    <MedlineCitation Owner="NLM" Status="PubMed-not-MEDLINE">        <PMID Version="1">17814505</PMID>        <DateCreated>            <Year>2010</Year>            <Month>06</Month>            <Day>08</Day>        </DateCreated>        <DateCompleted>            <Year>2010</Year>            <Month>07</Month>            <Day>02</Day>        </DateCompleted>        <Article PubModel="Print">            <Journal>                <ISSN IssnType="Print">0036-8075</ISSN>                <JournalIssue CitedMedium="Print">                    <Volume>136</Volume>                    <Issue>3516</Issue>                    <PubDate>                        <Year>1962</Year>                        <Month>May</Month>                        <Day>18</Day>                    </PubDate>                </JournalIssue>                <Title>Science (New York, N.Y.)</Title>                <ISOAbbreviation>Science</ISOAbbreviation>            </Journal>            <ArticleTitle>Cigarettes and Cancer: Pressure Grows for the Government To Respond to Health Hazard.</ArticleTitle>            <Pagination>                <MedlinePgn>638-41</MedlinePgn>            </Pagination>            <AuthorList CompleteYN="Y">                <Author ValidYN="Y">                    <LastName>Greenberg</LastName>                    <ForeName>D S</ForeName>                    <Initials>DS</Initials>                </Author>            </AuthorList>            <Language>eng</Language>            <PublicationTypeList>                <PublicationType UI="D016428">Journal Article</PublicationType>            </PublicationTypeList>        </Article>        <MedlineJournalInfo>            <Country>United States</Country>            <MedlineTA>Science</MedlineTA>            <NlmUniqueID>0404511</NlmUniqueID>            <ISSNLinking>0036-8075</ISSNLinking>        </MedlineJournalInfo>    </MedlineCitation>    <PubmedData>        <History>            <PubMedPubDate PubStatus="pubmed">                <Year>1962</Year>                <Month>5</Month>                <Day>18</Day>                <Hour>0</Hour>                <Minute>0</Minute>            </PubMedPubDate>            <PubMedPubDate PubStatus="medline">                <Year>1962</Year>                <Month>5</Month>                <Day>18</Day>                <Hour>0</Hour>                <Minute>1</Minute>            </PubMedPubDate>            <PubMedPubDate PubStatus="entrez">                <Year>1962</Year>                <Month>5</Month>                <Day>18</Day>                <Hour>0</Hour>                <Minute>0</Minute>            </PubMedPubDate>        </History>        <PublicationStatus>ppublish</PublicationStatus>        <ArticleIdList>            <ArticleId IdType="pii">136/3516/638</ArticleId>            <ArticleId IdType="doi">10.1126/science.136.3516.638</ArticleId>            <ArticleId IdType="pubmed">17814505</ArticleId>        </ArticleIdList>    </PubmedData></PubmedArticle><PubmedArticle>    <MedlineCitation Owner="NLM" Status="MEDLINE">        <PMID Version="1">14036359</PMID>        <DateCreated>            <Year>1962</Year>            <Month>12</Month>            <Day>01</Day>        </DateCreated>        <DateCompleted>            <Year>1998</Year>            <Month>11</Month>            <Day>01</Day>        </DateCompleted>        <DateRevised>            <Year>2011</Year>            <Month>12</Month>            <Day>01</Day>        </DateRevised>        <Article PubModel="Print">            <Journal>                <ISSN IssnType="Print">0036-8075</ISSN>                <JournalIssue CitedMedium="Print">                    <Volume>136</Volume>                    <Issue>3515</Issue>                    <PubDate>                        <Year>1962</Year>                        <Month>May</Month>                        <Day>11</Day>                    </PubDate>                </JournalIssue>                <Title>Science (New York, N.Y.)</Title>                <ISOAbbreviation>Science</ISOAbbreviation>            </Journal>            <ArticleTitle>Heritance of acquired characters.</ArticleTitle>            <Pagination>                <MedlinePgn>472-6</MedlinePgn>            </Pagination>            <AuthorList CompleteYN="Y">                <Author ValidYN="Y">                    <LastName>HORSFALL</LastName>                    <ForeName>F L</ForeName>                    <Initials>FL</Initials>                    <Suffix>Jr</Suffix>                </Author>            </AuthorList>            <Language>eng</Language>            <PublicationTypeList>                <PublicationType UI="D016428">Journal Article</PublicationType>            </PublicationTypeList>        </Article>        <MedlineJournalInfo>            <Country>Not Available</Country>            <MedlineTA>Science</MedlineTA>            <NlmUniqueID>0404511</NlmUniqueID>            <ISSNLinking>0036-8075</ISSNLinking>        </MedlineJournalInfo>        <ChemicalList>            <Chemical>                <RegistryNumber>0</RegistryNumber>                <NameOfSubstance UI="D009696">Nucleic Acids</NameOfSubstance>            </Chemical>        </ChemicalList>        <CitationSubset>OM</CitationSubset>        <MeshHeadingList>            <MeshHeading>                <DescriptorName MajorTopicYN="Y" UI="D005823">Genetics</DescriptorName>            </MeshHeading>            <MeshHeading>                <DescriptorName MajorTopicYN="N" UI="D009369">Neoplasms</DescriptorName>                <QualifierName MajorTopicYN="Y" UI="Q000235">genetics</QualifierName>            </MeshHeading>            <MeshHeading>                <DescriptorName MajorTopicYN="N" UI="D009696">Nucleic Acids</DescriptorName>                <QualifierName MajorTopicYN="Y" UI="Q000235">genetics</QualifierName>            </MeshHeading>            <MeshHeading>                <DescriptorName MajorTopicYN="N" UI="D014780">Viruses</DescriptorName>                <QualifierName MajorTopicYN="Y" UI="Q000235">genetics</QualifierName>            </MeshHeading>        </MeshHeadingList>        <KeywordList Owner="NLM">            <Keyword MajorTopicYN="Y">GENETICS</Keyword>            <Keyword MajorTopicYN="Y">NEOPLASMS/genetics</Keyword>            <Keyword MajorTopicYN="Y">NUCLEIC ACIDS/genetics</Keyword>            <Keyword MajorTopicYN="Y">VIRUSES/genetics</Keyword>        </KeywordList>    </MedlineCitation>    <PubmedData>        <History>            <PubMedPubDate PubStatus="pubmed">                <Year>1962</Year>                <Month>5</Month>                <Day>11</Day>            </PubMedPubDate>            <PubMedPubDate PubStatus="medline">                <Year>1962</Year>                <Month>5</Month>                <Day>11</Day>                <Hour>0</Hour>                <Minute>1</Minute>            </PubMedPubDate>            <PubMedPubDate PubStatus="entrez">                <Year>1962</Year>                <Month>5</Month>                <Day>11</Day>                <Hour>0</Hour>                <Minute>0</Minute>            </PubMedPubDate>        </History>        <PublicationStatus>ppublish</PublicationStatus>        <ArticleIdList>            <ArticleId IdType="pubmed">14036359</ArticleId>        </ArticleIdList>    </PubmedData></PubmedArticle><PubmedArticle>    <MedlineCitation Owner="NLM" Status="PubMed-not-MEDLINE">        <PMID Version="1">17745927</PMID>        <DateCreated>            <Year>2010</Year>            <Month>06</Month>            <Day>07</Day>        </DateCreated>        <DateCompleted>            <Year>2010</Year>            <Month>07</Month>            <Day>02</Day>        </DateCompleted>        <Article PubModel="Print">            <Journal>                <ISSN IssnType="Print">0036-8075</ISSN>                <JournalIssue CitedMedium="Print">                    <Volume>136</Volume>                    <Issue>3513</Issue>                    <PubDate>                        <Year>1962</Year>                        <Month>Apr</Month>                        <Day>27</Day>                    </PubDate>                </JournalIssue>                <Title>Science (New York, N.Y.)</Title>                <ISOAbbreviation>Science</ISOAbbreviation>            </Journal>            <ArticleTitle>Electronic and Steric Factors in Induction of Cancer by Hydrocarbons.</ArticleTitle>            <Pagination>                <MedlinePgn>327</MedlinePgn>            </Pagination>            <AuthorList CompleteYN="Y">                <Author ValidYN="Y">                    <LastName>Huggins</LastName>                    <ForeName>C</ForeName>                    <Initials>C</Initials>                </Author>                <Author ValidYN="Y">                    <LastName>Yang</LastName>                    <ForeName>N C</ForeName>                    <Initials>NC</Initials>                </Author>            </AuthorList>            <Language>eng</Language>            <PublicationTypeList>                <PublicationType UI="D016428">Journal Article</PublicationType>            </PublicationTypeList>        </Article>        <MedlineJournalInfo>            <Country>United States</Country>            <MedlineTA>Science</MedlineTA>            <NlmUniqueID>0404511</NlmUniqueID>            <ISSNLinking>0036-8075</ISSNLinking>        </MedlineJournalInfo>    </MedlineCitation>    <PubmedData>        <History>            <PubMedPubDate PubStatus="pubmed">                <Year>1962</Year>                <Month>4</Month>                <Day>27</Day>                <Hour>0</Hour>                <Minute>0</Minute>            </PubMedPubDate>            <PubMedPubDate PubStatus="medline">                <Year>1962</Year>                <Month>4</Month>                <Day>27</Day>                <Hour>0</Hour>                <Minute>1</Minute>            </PubMedPubDate>            <PubMedPubDate PubStatus="entrez">                <Year>1962</Year>                <Month>4</Month>                <Day>27</Day>                <Hour>0</Hour>                <Minute>0</Minute>            </PubMedPubDate>        </History>        <PublicationStatus>ppublish</PublicationStatus>        <ArticleIdList>            <ArticleId IdType="pii">136/3513/327</ArticleId>            <ArticleId IdType="doi">10.1126/science.136.3513.327</ArticleId>            <ArticleId IdType="pubmed">17745927</ArticleId>        </ArticleIdList>    </PubmedData></PubmedArticle><PubmedArticle>    <MedlineCitation Owner="NLM" Status="MEDLINE">        <PMID Version="1">13909782</PMID>        <DateCreated>            <Year>1962</Year>            <Month>12</Month>            <Day>01</Day>        </DateCreated>        <DateCompleted>            <Year>1998</Year>            <Month>11</Month>            <Day>01</Day>        </DateCompleted>        <DateRevised>            <Year>2011</Year>            <Month>12</Month>            <Day>01</Day>        </DateRevised>        <Article PubModel="Print">            <Journal>                <ISSN IssnType="Print">0036-8075</ISSN>                <JournalIssue CitedMedium="Print">                    <Volume>136</Volume>                    <Issue>3511</Issue>                    <PubDate>                        <Year>1962</Year>                        <Month>Apr</Month>                        <Day>13</Day>                    </PubDate>                </JournalIssue>                <Title>Science (New York, N.Y.)</Title>                <ISOAbbreviation>Science</ISOAbbreviation>            </Journal>            <ArticleTitle>Appearance of radioactivity in mouse cells after administration of labeled macromolecular RNA.</ArticleTitle>            <Pagination>                <MedlinePgn>152-4</MedlinePgn>            </Pagination>            <Abstract>                <AbstractText>Although various induced effects have been reported to follow administration of ribonucleic acid, direct evidence of cellular uptake has been lacking. Radioautographic evidence is presented of incorporation of label from radioactive macromolecular RNA presented to normal and neoplastic mouse cells. Although most of the label appeared in cellular RNA, deoxyribonucleic acid also was occasionally labeled. This suggested that at least partial degradation of the RNA occurred prior to or after incorporation.</AbstractText>            </Abstract>            <AuthorList CompleteYN="Y">                <Author ValidYN="Y">                    <LastName>SCHWARZ</LastName>                    <ForeName>M R</ForeName>                    <Initials>MR</Initials>                </Author>                <Author ValidYN="Y">                    <LastName>RIEKE</LastName>                    <ForeName>W O</ForeName>                    <Initials>WO</Initials>                </Author>            </AuthorList>            <Language>eng</Language>            <PublicationTypeList>                <PublicationType UI="D016428">Journal Article</PublicationType>            </PublicationTypeList>        </Article>        <MedlineJournalInfo>            <Country>Not Available</Country>            <MedlineTA>Science</MedlineTA>            <NlmUniqueID>0404511</NlmUniqueID>            <ISSNLinking>0036-8075</ISSNLinking>        </MedlineJournalInfo>        <ChemicalList>            <Chemical>                <RegistryNumber>63231-63-0</RegistryNumber>                <NameOfSubstance UI="D012313">RNA</NameOfSubstance>            </Chemical>        </ChemicalList>        <CitationSubset>OM</CitationSubset>        <MeshHeadingList>            <MeshHeading>                <DescriptorName MajorTopicYN="N" UI="D009369">Neoplasms</DescriptorName>                <QualifierName MajorTopicYN="Y" UI="Q000378">metabolism</QualifierName>            </MeshHeading>            <MeshHeading>                <DescriptorName MajorTopicYN="N" UI="D012313">RNA</DescriptorName>                <QualifierName MajorTopicYN="Y" UI="Q000378">metabolism</QualifierName>            </MeshHeading>        </MeshHeadingList>        <KeywordList Owner="NLM">            <Keyword MajorTopicYN="Y">NEOPLASMS/metabolism</Keyword>            <Keyword MajorTopicYN="Y">RIBONUCLEIC ACID/metabolism</Keyword>        </KeywordList>    </MedlineCitation>    <PubmedData>        <History>            <PubMedPubDate PubStatus="pubmed">                <Year>1962</Year>                <Month>4</Month>                <Day>13</Day>            </PubMedPubDate>            <PubMedPubDate PubStatus="medline">                <Year>1962</Year>                <Month>4</Month>                <Day>13</Day>                <Hour>0</Hour>                <Minute>1</Minute>            </PubMedPubDate>            <PubMedPubDate PubStatus="entrez">                <Year>1962</Year>                <Month>4</Month>                <Day>13</Day>                <Hour>0</Hour>                <Minute>0</Minute>            </PubMedPubDate>        </History>        <PublicationStatus>ppublish</PublicationStatus>        <ArticleIdList>            <ArticleId IdType="pubmed">13909782</ArticleId>        </ArticleIdList>    </PubmedData></PubmedArticle><PubmedArticle>    <MedlineCitation Owner="NLM" Status="MEDLINE">        <PMID Version="1">14472429</PMID>        <DateCreated>            <Year>1962</Year>            <Month>12</Month>            <Day>01</Day>        </DateCreated>        <DateCompleted>            <Year>1998</Year>            <Month>11</Month>            <Day>01</Day>        </DateCompleted>        <DateRevised>            <Year>2011</Year>            <Month>12</Month>            <Day>02</Day>        </DateRevised>        <Article PubModel="Print">            <Journal>                <ISSN IssnType="Print">0036-8075</ISSN>                <JournalIssue CitedMedium="Print">                    <Volume>135</Volume>                    <Issue>3509</Issue>                    <PubDate>                        <Year>1962</Year>                        <Month>Mar</Month>                        <Day>30</Day>                    </PubDate>                </JournalIssue>                <Title>Science (New York, N.Y.)</Title>                <ISOAbbreviation>Science</ISOAbbreviation>            </Journal>            <ArticleTitle>Papova virus group.</ArticleTitle>            <Pagination>                <MedlinePgn>1128-30</MedlinePgn>            </Pagination>            <Abstract>                <AbstractText>The papilloma, polyoma, and vacuolating agents seem to form a natural group of tumor viruses, for which the name papova virus group is proposed. Members of the group have the following properties: 45 mmicro diameter, deoxyribonucleic acid core, 42 capsomeres, absence of essential lipids, thermal resistance, slow growth cycle with multiplication within the cell nucleus, and tumorigenicity.</AbstractText>            </Abstract>            <AuthorList CompleteYN="Y">                <Author ValidYN="Y">                    <LastName>MELNICK</LastName>                    <ForeName>J L</ForeName>                    <Initials>JL</Initials>                </Author>            </AuthorList>            <Language>eng</Language>            <PublicationTypeList>                <PublicationType UI="D016428">Journal Article</PublicationType>            </PublicationTypeList>        </Article>        <MedlineJournalInfo>            <Country>Not Available</Country>            <MedlineTA>Science</MedlineTA>            <NlmUniqueID>0404511</NlmUniqueID>            <ISSNLinking>0036-8075</ISSNLinking>        </MedlineJournalInfo>        <CitationSubset>OM</CitationSubset>        <MeshHeadingList>            <MeshHeading>                <DescriptorName MajorTopicYN="N" UI="D009369">Neoplasms</DescriptorName>                <QualifierName MajorTopicYN="Y" UI="Q000821">virology</QualifierName>            </MeshHeading>            <MeshHeading>                <DescriptorName MajorTopicYN="Y" UI="D014780">Viruses</DescriptorName>            </MeshHeading>        </MeshHeadingList>        <KeywordList Owner="NLM">            <Keyword MajorTopicYN="Y">NEOPLASMS/virology</Keyword>            <Keyword MajorTopicYN="Y">VIRUSES</Keyword>        </KeywordList>    </MedlineCitation>    <PubmedData>        <History>            <PubMedPubDate PubStatus="pubmed">                <Year>1962</Year>                <Month>3</Month>                <Day>30</Day>            </PubMedPubDate>            <PubMedPubDate PubStatus="medline">                <Year>1962</Year>                <Month>3</Month>                <Day>30</Day>                <Hour>0</Hour>                <Minute>1</Minute>            </PubMedPubDate>            <PubMedPubDate PubStatus="entrez">                <Year>1962</Year>                <Month>3</Month>                <Day>30</Day>                <Hour>0</Hour>                <Minute>0</Minute>            </PubMedPubDate>        </History>        <PublicationStatus>ppublish</PublicationStatus>        <ArticleIdList>            <ArticleId IdType="pubmed">14472429</ArticleId>        </ArticleIdList>    </PubmedData></PubmedArticle><PubmedArticle>    <MedlineCitation Owner="NLM" Status="OLDMEDLINE">        <PMID Version="1">14005062</PMID>        <DateCreated>            <Year>1962</Year>            <Month>12</Month>            <Day>01</Day>        </DateCreated>        <DateCompleted>            <Year>1998</Year>            <Month>11</Month>            <Day>01</Day>        </DateCompleted>        <DateRevised>            <Year>2014</Year>            <Month>08</Month>            <Day>12</Day>        </DateRevised>        <Article PubModel="Print">            <Journal>                <ISSN IssnType="Print">0036-8075</ISSN>                <JournalIssue CitedMedium="Print">                    <Volume>135</Volume>                    <Issue>3507</Issue>                    <PubDate>                        <Year>1962</Year>                        <Month>Mar</Month>                        <Day>16</Day>                    </PubDate>                </JournalIssue>                <Title>Science (New York, N.Y.)</Title>                <ISOAbbreviation>Science</ISOAbbreviation>            </Journal>            <ArticleTitle>Parathyroid carcinoma in parabiont rats.</ArticleTitle>            <Pagination>                <MedlinePgn>927-8</MedlinePgn>            </Pagination>            <Abstract>                <AbstractText>A nonfunctioning parathyroid carcinoma with metastases developed in an irradiated rat of a parabiont pair. The differentiation of this tumor from one of thyroid origin is discussed.</AbstractText>            </Abstract>            <AuthorList CompleteYN="Y">                <Author ValidYN="Y">                    <LastName>WARREN</LastName>                    <ForeName>S</ForeName>                    <Initials>S</Initials>                </Author>                <Author ValidYN="Y">                    <LastName>CHUTE</LastName>                    <ForeName>R</ForeName>                    <Initials>R</Initials>                </Author>            </AuthorList>            <Language>eng</Language>            <PublicationTypeList>                <PublicationType UI="D016428">Journal Article</PublicationType>            </PublicationTypeList>        </Article>        <MedlineJournalInfo>            <Country>Not Available</Country>            <MedlineTA>Science</MedlineTA>            <NlmUniqueID>0404511</NlmUniqueID>            <ISSNLinking>0036-8075</ISSNLinking>        </MedlineJournalInfo>        <CitationSubset>OM</CitationSubset>        <MeshHeadingList>            <MeshHeading>                <DescriptorName MajorTopicYN="Y" UI="D009369">Neoplasms</DescriptorName>            </MeshHeading>            <MeshHeading>                <DescriptorName MajorTopicYN="Y" UI="D010227">Parabiosis</DescriptorName>            </MeshHeading>            <MeshHeading>                <DescriptorName MajorTopicYN="Y" UI="D010280">Parathyroid Glands</DescriptorName>            </MeshHeading>        </MeshHeadingList>        <KeywordList Owner="NLM">            <Keyword MajorTopicYN="Y">PARABIOSIS</Keyword>            <Keyword MajorTopicYN="Y">PERETHYROID GLANDS/neoplasms</Keyword>            <Keyword MajorTopicYN="Y">RADIATION EFFECTS/experimental</Keyword>        </KeywordList>    </MedlineCitation>    <PubmedData>        <History>            <PubMedPubDate PubStatus="pubmed">                <Year>1962</Year>                <Month>3</Month>                <Day>16</Day>            </PubMedPubDate>            <PubMedPubDate PubStatus="medline">                <Year>1962</Year>                <Month>3</Month>                <Day>16</Day>                <Hour>0</Hour>                <Minute>1</Minute>            </PubMedPubDate>            <PubMedPubDate PubStatus="entrez">                <Year>1962</Year>                <Month>3</Month>                <Day>16</Day>                <Hour>0</Hour>                <Minute>0</Minute>            </PubMedPubDate>        </History>        <PublicationStatus>ppublish</PublicationStatus>        <ArticleIdList>            <ArticleId IdType="pubmed">14005062</ArticleId>        </ArticleIdList>    </PubmedData></PubmedArticle><PubmedArticle>    <MedlineCitation Owner="NLM" Status="MEDLINE">        <PMID Version="1">14472535</PMID>        <DateCreated>            <Year>1962</Year>            <Month>12</Month>            <Day>01</Day>        </DateCreated>        <DateCompleted>            <Year>1998</Year>            <Month>11</Month>            <Day>01</Day>        </DateCompleted>        <DateRevised>            <Year>2011</Year>            <Month>12</Month>            <Day>02</Day>        </DateRevised>        <Article PubModel="Print">            <Journal>                <ISSN IssnType="Print">0036-8075</ISSN>                <JournalIssue CitedMedium="Print">                    <Volume>135</Volume>                    <Issue>3499</Issue>                    <PubDate>                        <Year>1962</Year>                        <Month>Jan</Month>                        <Day>19</Day>                    </PubDate>                </JournalIssue>                <Title>Science (New York, N.Y.)</Title>                <ISOAbbreviation>Science</ISOAbbreviation>            </Journal>            <ArticleTitle>Chronic infusion of tritiated thymidine into mice with tumors.</ArticleTitle>            <Pagination>                <MedlinePgn>213-5</MedlinePgn>            </Pagination>            <Abstract>                <AbstractText>A technique for the chronic infusion of mice is presented. Infusion of tritiated thymidine for 3 to 7 days labels most, but not all, of the cells of autochthonous breast tumors. Many of the unlabeled tumor cells are probably nonproliferating, but some may represent cells with exceptionally long intermitotic times.</AbstractText>            </Abstract>            <AuthorList CompleteYN="Y">                <Author ValidYN="Y">                    <LastName>MENDELSOHN</LastName>                    <ForeName>M L</ForeName>                    <Initials>ML</Initials>                </Author>            </AuthorList>            <Language>eng</Language>            <PublicationTypeList>                <PublicationType UI="D016428">Journal Article</PublicationType>            </PublicationTypeList>        </Article>        <MedlineJournalInfo>            <Country>Not Available</Country>            <MedlineTA>Science</MedlineTA>            <NlmUniqueID>0404511</NlmUniqueID>            <ISSNLinking>0036-8075</ISSNLinking>        </MedlineJournalInfo>        <ChemicalList>            <Chemical>                <RegistryNumber>0</RegistryNumber>                <NameOfSubstance UI="D009705">Nucleosides</NameOfSubstance>            </Chemical>            <Chemical>                <RegistryNumber>0</RegistryNumber>                <NameOfSubstance UI="D009711">Nucleotides</NameOfSubstance>            </Chemical>            <Chemical>                <RegistryNumber>10028-17-8</RegistryNumber>                <NameOfSubstance UI="D014316">Tritium</NameOfSubstance>            </Chemical>        </ChemicalList>        <CitationSubset>OM</CitationSubset>        <MeshHeadingList>            <MeshHeading>                <DescriptorName MajorTopicYN="Y" UI="D009374">Neoplasms, Experimental</DescriptorName>            </MeshHeading>            <MeshHeading>                <DescriptorName MajorTopicYN="N" UI="D009705">Nucleosides</DescriptorName>                <QualifierName MajorTopicYN="Y" UI="Q000378">metabolism</QualifierName>            </MeshHeading>            <MeshHeading>                <DescriptorName MajorTopicYN="N" UI="D009711">Nucleotides</DescriptorName>                <QualifierName MajorTopicYN="Y" UI="Q000378">metabolism</QualifierName>            </MeshHeading>            <MeshHeading>                <DescriptorName MajorTopicYN="N" UI="D014316">Tritium</DescriptorName>                <QualifierName MajorTopicYN="Y" UI="Q000378">metabolism</QualifierName>            </MeshHeading>        </MeshHeadingList>        <KeywordList Owner="NLM">            <Keyword MajorTopicYN="Y">NEOPLASMS/experimental</Keyword>            <Keyword MajorTopicYN="Y">NUCLEOSIDES AND NUCLEOTIDES/metabolism</Keyword>            <Keyword MajorTopicYN="Y">TRITIUM/metabolism</Keyword>        </KeywordList>    </MedlineCitation>    <PubmedData>        <History>            <PubMedPubDate PubStatus="pubmed">                <Year>1962</Year>                <Month>1</Month>                <Day>19</Day>            </PubMedPubDate>            <PubMedPubDate PubStatus="medline">                <Year>1962</Year>                <Month>1</Month>                <Day>19</Day>                <Hour>0</Hour>                <Minute>1</Minute>            </PubMedPubDate>            <PubMedPubDate PubStatus="entrez">                <Year>1962</Year>                <Month>1</Month>                <Day>19</Day>                <Hour>0</Hour>                <Minute>0</Minute>            </PubMedPubDate>        </History>        <PublicationStatus>ppublish</PublicationStatus>        <ArticleIdList>            <ArticleId IdType="pubmed">14472535</ArticleId>        </ArticleIdList>    </PubmedData></PubmedArticle></PubmedArticleSet>