<?xml version="1.0"?><!DOCTYPE PubmedArticleSet PUBLIC "-//NLM//DTD PubMedArticle, 1st January 2015//EN" "http://www.ncbi.nlm.nih.gov/corehtml/query/DTD/pubmed_150101.dtd"><PubmedArticleSet><PubmedArticle>    <MedlineCitation Owner="NLM" Status="PubMed-not-MEDLINE">        <PMID Version="1">17729763</PMID>        <DateCreated>            <Year>2010</Year>            <Month>06</Month>            <Day>03</Day>        </DateCreated>        <DateCompleted>            <Year>2010</Year>            <Month>07</Month>            <Day>02</Day>        </DateCompleted>        <Article PubModel="Print">            <Journal>                <ISSN IssnType="Print">0036-8075</ISSN>                <JournalIssue CitedMedium="Print">                    <Volume>100</Volume>                    <Issue>2608</Issue>                    <PubDate>                        <Year>1944</Year>                        <Month>Dec</Month>                        <Day>22</Day>                    </PubDate>                </JournalIssue>                <Title>Science (New York, N.Y.)</Title>                <ISOAbbreviation>Science</ISOAbbreviation>            </Journal>            <ArticleTitle>DATA ON CANCER THERAPY.</ArticleTitle>            <Pagination>                <MedlinePgn>571-2</MedlinePgn>            </Pagination>            <AuthorList CompleteYN="Y">                <Author ValidYN="Y">                    <LastName>Dyer</LastName>                    <ForeName>H M</ForeName>                    <Initials>HM</Initials>                </Author>            </AuthorList>            <Language>eng</Language>            <PublicationTypeList>                <PublicationType UI="D016428">Journal Article</PublicationType>            </PublicationTypeList>        </Article>        <MedlineJournalInfo>            <Country>United States</Country>            <MedlineTA>Science</MedlineTA>            <NlmUniqueID>0404511</NlmUniqueID>            <ISSNLinking>0036-8075</ISSNLinking>        </MedlineJournalInfo>    </MedlineCitation>    <PubmedData>        <History>            <PubMedPubDate PubStatus="pubmed">                <Year>1944</Year>                <Month>12</Month>                <Day>22</Day>                <Hour>0</Hour>                <Minute>0</Minute>            </PubMedPubDate>            <PubMedPubDate PubStatus="medline">                <Year>1944</Year>                <Month>12</Month>                <Day>22</Day>                <Hour>0</Hour>                <Minute>1</Minute>            </PubMedPubDate>            <PubMedPubDate PubStatus="entrez">                <Year>1944</Year>                <Month>12</Month>                <Day>22</Day>                <Hour>0</Hour>                <Minute>0</Minute>            </PubMedPubDate>        </History>        <PublicationStatus>ppublish</PublicationStatus>        <ArticleIdList>            <ArticleId IdType="pii">100/2608/571</ArticleId>            <ArticleId IdType="doi">10.1126/science.100.2608.571</ArticleId>            <ArticleId IdType="pubmed">17729763</ArticleId>        </ArticleIdList>    </PubmedData></PubmedArticle><PubmedArticle>    <MedlineCitation Owner="NLM" Status="PubMed-not-MEDLINE">        <PMID Version="1">17755444</PMID>        <DateCreated>            <Year>2010</Year>            <Month>06</Month>            <Day>11</Day>        </DateCreated>        <DateCompleted>            <Year>2010</Year>            <Month>07</Month>            <Day>02</Day>        </DateCompleted>        <Article PubModel="Print">            <Journal>                <ISSN IssnType="Print">0036-8075</ISSN>                <JournalIssue CitedMedium="Print">                    <Volume>99</Volume>                    <Issue>2583</Issue>                    <PubDate>                        <Year>1944</Year>                        <Month>Jun</Month>                        <Day>30</Day>                    </PubDate>                </JournalIssue>                <Title>Science (New York, N.Y.)</Title>                <ISOAbbreviation>Science</ISOAbbreviation>            </Journal>            <ArticleTitle>THE GIBSON ISLAND CONFERENCE ON CANCER.</ArticleTitle>            <Pagination>                <MedlinePgn>528-9</MedlinePgn>            </Pagination>            <AuthorList CompleteYN="Y">                <Author ValidYN="Y">                    <LastName>Burk</LastName>                    <ForeName>D</ForeName>                    <Initials>D</Initials>                </Author>                <Author ValidYN="Y">                    <LastName>Meader</LastName>                    <ForeName>R G</ForeName>                    <Initials>RG</Initials>                </Author>            </AuthorList>            <Language>eng</Language>            <PublicationTypeList>                <PublicationType UI="D016428">Journal Article</PublicationType>            </PublicationTypeList>        </Article>        <MedlineJournalInfo>            <Country>United States</Country>            <MedlineTA>Science</MedlineTA>            <NlmUniqueID>0404511</NlmUniqueID>            <ISSNLinking>0036-8075</ISSNLinking>        </MedlineJournalInfo>    </MedlineCitation>    <PubmedData>        <History>            <PubMedPubDate PubStatus="pubmed">                <Year>1944</Year>                <Month>6</Month>                <Day>30</Day>                <Hour>0</Hour>                <Minute>0</Minute>            </PubMedPubDate>            <PubMedPubDate PubStatus="medline">                <Year>1944</Year>                <Month>6</Month>                <Day>30</Day>                <Hour>0</Hour>                <Minute>1</Minute>            </PubMedPubDate>            <PubMedPubDate PubStatus="entrez">                <Year>1944</Year>                <Month>6</Month>                <Day>30</Day>                <Hour>0</Hour>                <Minute>0</Minute>            </PubMedPubDate>        </History>        <PublicationStatus>ppublish</PublicationStatus>        <ArticleIdList>            <ArticleId IdType="pii">99/2583/528-b</ArticleId>            <ArticleId IdType="doi">10.1126/science.99.2583.528-b</ArticleId>            <ArticleId IdType="pubmed">17755444</ArticleId>        </ArticleIdList>    </PubmedData></PubmedArticle><PubmedArticle>    <MedlineCitation Owner="NLM" Status="PubMed-not-MEDLINE">        <PMID Version="1">17753054</PMID>        <DateCreated>            <Year>2010</Year>            <Month>06</Month>            <Day>11</Day>        </DateCreated>        <DateCompleted>            <Year>2010</Year>            <Month>07</Month>            <Day>02</Day>        </DateCompleted>        <Article PubModel="Print">            <Journal>                <ISSN IssnType="Print">0036-8075</ISSN>                <JournalIssue CitedMedium="Print">                    <Volume>99</Volume>                    <Issue>2569</Issue>                    <PubDate>                        <Year>1944</Year>                        <Month>Mar</Month>                        <Day>24</Day>                    </PubDate>                </JournalIssue>                <Title>Science (New York, N.Y.)</Title>                <ISOAbbreviation>Science</ISOAbbreviation>            </Journal>            <ArticleTitle>THE ROLE OF CALCIUM IN CARCINOGENESIS SUMMARY.</ArticleTitle>            <Pagination>                <MedlinePgn>245-7</MedlinePgn>            </Pagination>            <Abstract>                <AbstractText>Estimations of the calcium content of the mouse epidermis during the process of experimental carcinogenesis reveal two distinct phases: an immediate reduction in the calcium content which persists at a fairly constant level for many weeks and a further reduction when the epithelial cells have been transformed into cancer cells. Reduction of calcium in the hyperplastic epidermis is an important feature in this experimentally induced precancerous condition. This investigation was aided by grants from the International Cancer Research Foundation and the National Cancer Institute.</AbstractText>            </Abstract>            <AuthorList CompleteYN="Y">                <Author ValidYN="Y">                    <LastName>Carruthers</LastName>                    <ForeName>C</ForeName>                    <Initials>C</Initials>                </Author>                <Author ValidYN="Y">                    <LastName>Suntzeff</LastName>                    <ForeName>V</ForeName>                    <Initials>V</Initials>                </Author>            </AuthorList>            <Language>eng</Language>            <PublicationTypeList>                <PublicationType UI="D016428">Journal Article</PublicationType>            </PublicationTypeList>        </Article>        <MedlineJournalInfo>            <Country>United States</Country>            <MedlineTA>Science</MedlineTA>            <NlmUniqueID>0404511</NlmUniqueID>            <ISSNLinking>0036-8075</ISSNLinking>        </MedlineJournalInfo>    </MedlineCitation>    <PubmedData>        <History>            <PubMedPubDate PubStatus="pubmed">                <Year>1944</Year>                <Month>3</Month>                <Day>24</Day>                <Hour>0</Hour>                <Minute>0</Minute>            </PubMedPubDate>            <PubMedPubDate PubStatus="medline">                <Year>1944</Year>                <Month>3</Month>                <Day>24</Day>                <Hour>0</Hour>                <Minute>1</Minute>            </PubMedPubDate>            <PubMedPubDate PubStatus="entrez">                <Year>1944</Year>                <Month>3</Month>                <Day>24</Day>                <Hour>0</Hour>                <Minute>0</Minute>            </PubMedPubDate>        </History>        <PublicationStatus>ppublish</PublicationStatus>        <ArticleIdList>            <ArticleId IdType="pii">99/2569/245-a</ArticleId>            <ArticleId IdType="doi">10.1126/science.99.2569.245-a</ArticleId>            <ArticleId IdType="pubmed">17753054</ArticleId>        </ArticleIdList>    </PubmedData></PubmedArticle><PubmedArticle>    <MedlineCitation Owner="NLM" Status="PubMed-not-MEDLINE">        <PMID Version="1">17789694</PMID>        <DateCreated>            <Year>2010</Year>            <Month>06</Month>            <Day>11</Day>        </DateCreated>        <DateCompleted>            <Year>2010</Year>            <Month>07</Month>            <Day>02</Day>        </DateCompleted>        <Article PubModel="Print">            <Journal>                <ISSN IssnType="Print">0036-8075</ISSN>                <JournalIssue CitedMedium="Print">                    <Volume>99</Volume>                    <Issue>2561</Issue>                    <PubDate>                        <Year>1944</Year>                        <Month>Jan</Month>                        <Day>28</Day>                    </PubDate>                </JournalIssue>                <Title>Science (New York, N.Y.)</Title>                <ISOAbbreviation>Science</ISOAbbreviation>            </Journal>            <ArticleTitle>MAMMARY CANCER AND MAMMARY STRUCTURE IN INBRED STOCKS OF MICE AND THEIR HYBRIDS.</ArticleTitle>            <Pagination>                <MedlinePgn>83-5</MedlinePgn>            </Pagination>            <AuthorList CompleteYN="Y">                <Author ValidYN="Y">                    <LastName>Bittner</LastName>                    <ForeName>J J</ForeName>                    <Initials>JJ</Initials>                </Author>                <Author ValidYN="Y">                    <LastName>Huesby</LastName>                    <ForeName>R A</ForeName>                    <Initials>RA</Initials>                </Author>                <Author ValidYN="Y">                    <LastName>Visscher</LastName>                    <ForeName>M B</ForeName>                    <Initials>MB</Initials>                </Author>                <Author ValidYN="Y">                    <LastName>Ball</LastName>                    <ForeName>Z B</ForeName>                    <Initials>ZB</Initials>                </Author>                <Author ValidYN="Y">                    <LastName>Smith</LastName>                    <ForeName>F</ForeName>                    <Initials>F</Initials>                </Author>            </AuthorList>            <Language>eng</Language>            <PublicationTypeList>                <PublicationType UI="D016428">Journal Article</PublicationType>            </PublicationTypeList>        </Article>        <MedlineJournalInfo>            <Country>United States</Country>            <MedlineTA>Science</MedlineTA>            <NlmUniqueID>0404511</NlmUniqueID>            <ISSNLinking>0036-8075</ISSNLinking>        </MedlineJournalInfo>    </MedlineCitation>    <PubmedData>        <History>            <PubMedPubDate PubStatus="pubmed">                <Year>1944</Year>                <Month>1</Month>                <Day>28</Day>                <Hour>0</Hour>                <Minute>0</Minute>            </PubMedPubDate>            <PubMedPubDate PubStatus="medline">                <Year>1944</Year>                <Month>1</Month>                <Day>28</Day>                <Hour>0</Hour>                <Minute>1</Minute>            </PubMedPubDate>            <PubMedPubDate PubStatus="entrez">                <Year>1944</Year>                <Month>1</Month>                <Day>28</Day>                <Hour>0</Hour>                <Minute>0</Minute>            </PubMedPubDate>        </History>        <PublicationStatus>ppublish</PublicationStatus>        <ArticleIdList>            <ArticleId IdType="pii">99/2561/83</ArticleId>            <ArticleId IdType="doi">10.1126/science.99.2561.83</ArticleId>            <ArticleId IdType="pubmed">17789694</ArticleId>        </ArticleIdList>    </PubmedData></PubmedArticle></PubmedArticleSet>