<?xml version="1.0"?><!DOCTYPE PubmedArticleSet PUBLIC "-//NLM//DTD PubMedArticle, 1st January 2015//EN" "http://www.ncbi.nlm.nih.gov/corehtml/query/DTD/pubmed_150101.dtd"><PubmedArticleSet><PubmedArticle>    <MedlineCitation Owner="NLM" Status="MEDLINE">        <PMID Version="1">13216226</PMID>        <DateCreated>            <Year>1955</Year>            <Month>12</Month>            <Day>01</Day>        </DateCreated>        <DateCompleted>            <Year>2003</Year>            <Month>05</Month>            <Day>01</Day>        </DateCompleted>        <DateRevised>            <Year>2009</Year>            <Month>11</Month>            <Day>19</Day>        </DateRevised>        <Article PubModel="Print">            <Journal>                <ISSN IssnType="Print">0036-8075</ISSN>                <JournalIssue CitedMedium="Print">                    <Volume>120</Volume>                    <Issue>3131</Issue>                    <PubDate>                        <Year>1954</Year>                        <Month>Dec</Month>                        <Day>31</Day>                    </PubDate>                </JournalIssue>                <Title>Science (New York, N.Y.)</Title>                <ISOAbbreviation>Science</ISOAbbreviation>            </Journal>            <ArticleTitle>New horizons in cancer: cytology in research and practice.</ArticleTitle>            <Pagination>                <MedlinePgn>1085-6</MedlinePgn>            </Pagination>            <AuthorList CompleteYN="Y">                <Author ValidYN="Y">                    <LastName>HELLER</LastName>                    <ForeName>J R</ForeName>                    <Initials>JR</Initials>                    <Suffix>Jr</Suffix>                </Author>            </AuthorList>            <Language>eng</Language>            <PublicationTypeList>                <PublicationType UI="D016428">Journal Article</PublicationType>            </PublicationTypeList>        </Article>        <MedlineJournalInfo>            <Country>Not Available</Country>            <MedlineTA>Science</MedlineTA>            <NlmUniqueID>0404511</NlmUniqueID>            <ISSNLinking>0036-8075</ISSNLinking>        </MedlineJournalInfo>        <CitationSubset>OM</CitationSubset>        <MeshHeadingList>            <MeshHeading>                <DescriptorName MajorTopicYN="Y" UI="D003585">Cell Biology</DescriptorName>            </MeshHeading>            <MeshHeading>                <DescriptorName MajorTopicYN="N" UI="D009369">Neoplasms</DescriptorName>                <QualifierName MajorTopicYN="Y" UI="Q000175">diagnosis</QualifierName>            </MeshHeading>        </MeshHeadingList>        <OtherID Source="CLML">5527:28018:131:308</OtherID>        <KeywordList Owner="NLM">            <Keyword MajorTopicYN="Y">CYTOLOGY</Keyword>            <Keyword MajorTopicYN="Y">NEOPLASMS/diagnosis</Keyword>        </KeywordList>    </MedlineCitation>    <PubmedData>        <History>            <PubMedPubDate PubStatus="pubmed">                <Year>1954</Year>                <Month>12</Month>                <Day>31</Day>            </PubMedPubDate>            <PubMedPubDate PubStatus="medline">                <Year>1954</Year>                <Month>12</Month>                <Day>31</Day>                <Hour>0</Hour>                <Minute>1</Minute>            </PubMedPubDate>            <PubMedPubDate PubStatus="entrez">                <Year>1954</Year>                <Month>12</Month>                <Day>31</Day>                <Hour>0</Hour>                <Minute>0</Minute>            </PubMedPubDate>        </History>        <PublicationStatus>ppublish</PublicationStatus>        <ArticleIdList>            <ArticleId IdType="pubmed">13216226</ArticleId>        </ArticleIdList>    </PubmedData></PubmedArticle><PubmedArticle>    <MedlineCitation Owner="NLM" Status="MEDLINE">        <PMID Version="1">13205216</PMID>        <DateCreated>            <Year>1955</Year>            <Month>12</Month>            <Day>01</Day>        </DateCreated>        <DateCompleted>            <Year>2003</Year>            <Month>05</Month>            <Day>01</Day>        </DateCompleted>        <DateRevised>            <Year>2007</Year>            <Month>03</Month>            <Day>19</Day>        </DateRevised>        <Article PubModel="Print">            <Journal>                <ISSN IssnType="Print">0036-8075</ISSN>                <JournalIssue CitedMedium="Print">                    <Volume>120</Volume>                    <Issue>3122</Issue>                    <PubDate>                        <Year>1954</Year>                        <Month>Oct</Month>                        <Day>29</Day>                    </PubDate>                </JournalIssue>                <Title>Science (New York, N.Y.)</Title>                <ISOAbbreviation>Science</ISOAbbreviation>            </Journal>            <ArticleTitle>Preliminary observations on difference in carbohydrate binding between abnormal serum and urine proteins of multiple myeloma.</ArticleTitle>            <Pagination>                <MedlinePgn>715-6</MedlinePgn>            </Pagination>            <AuthorList CompleteYN="Y">                <Author ValidYN="Y">                    <LastName>OSSERMAN</LastName>                    <ForeName>E F</ForeName>                    <Initials>EF</Initials>                </Author>                <Author ValidYN="Y">                    <LastName>LAWLOR</LastName>                    <ForeName>D P</ForeName>                    <Initials>DP</Initials>                </Author>            </AuthorList>            <Language>eng</Language>            <PublicationTypeList>                <PublicationType UI="D016428">Journal Article</PublicationType>            </PublicationTypeList>        </Article>        <MedlineJournalInfo>            <Country>Not Available</Country>            <MedlineTA>Science</MedlineTA>            <NlmUniqueID>0404511</NlmUniqueID>            <ISSNLinking>0036-8075</ISSNLinking>        </MedlineJournalInfo>        <ChemicalList>            <Chemical>                <RegistryNumber>0</RegistryNumber>                <NameOfSubstance UI="D001798">Blood Proteins</NameOfSubstance>            </Chemical>        </ChemicalList>        <CitationSubset>OM</CitationSubset>        <MeshHeadingList>            <MeshHeading>                <DescriptorName MajorTopicYN="Y" UI="D001798">Blood Proteins</DescriptorName>            </MeshHeading>            <MeshHeading>                <DescriptorName MajorTopicYN="Y" UI="D050260">Carbohydrate Metabolism</DescriptorName>            </MeshHeading>            <MeshHeading>                <DescriptorName MajorTopicYN="N" UI="D009101">Multiple Myeloma</DescriptorName>                <QualifierName MajorTopicYN="Y" UI="Q000652">urine</QualifierName>            </MeshHeading>            <MeshHeading>                <DescriptorName MajorTopicYN="Y" UI="D014556">Urine</DescriptorName>            </MeshHeading>        </MeshHeadingList>        <OtherID Source="CLML">5527:16905:75:92:304:483</OtherID>        <KeywordList Owner="NLM">            <Keyword MajorTopicYN="Y">BLOOD PROTEINS</Keyword>            <Keyword MajorTopicYN="Y">CARBOHYDRATES/metabolism</Keyword>            <Keyword MajorTopicYN="Y">MYELOMA, PLASMA CELL/urine in</Keyword>            <Keyword MajorTopicYN="Y">URINE</Keyword>        </KeywordList>    </MedlineCitation>    <PubmedData>        <History>            <PubMedPubDate PubStatus="pubmed">                <Year>1954</Year>                <Month>10</Month>                <Day>29</Day>            </PubMedPubDate>            <PubMedPubDate PubStatus="medline">                <Year>1954</Year>                <Month>10</Month>                <Day>29</Day>                <Hour>0</Hour>                <Minute>1</Minute>            </PubMedPubDate>            <PubMedPubDate PubStatus="entrez">                <Year>1954</Year>                <Month>10</Month>                <Day>29</Day>                <Hour>0</Hour>                <Minute>0</Minute>            </PubMedPubDate>        </History>        <PublicationStatus>ppublish</PublicationStatus>        <ArticleIdList>            <ArticleId IdType="pubmed">13205216</ArticleId>        </ArticleIdList>    </PubmedData></PubmedArticle><PubmedArticle>    <MedlineCitation Owner="NLM" Status="OLDMEDLINE">        <PMID Version="1">13186843</PMID>        <DateCreated>            <Year>1954</Year>            <Month>12</Month>            <Day>01</Day>        </DateCreated>        <DateCompleted>            <Year>2003</Year>            <Month>05</Month>            <Day>01</Day>        </DateCompleted>        <DateRevised>            <Year>2008</Year>            <Month>06</Month>            <Day>03</Day>        </DateRevised>        <Article PubModel="Print">            <Journal>                <ISSN IssnType="Print">0036-8075</ISSN>                <JournalIssue CitedMedium="Print">                    <Volume>120</Volume>                    <Issue>3112</Issue>                    <PubDate>                        <Year>1954</Year>                        <Month>Aug</Month>                        <Day>20</Day>                    </PubDate>                </JournalIssue>                <Title>Science (New York, N.Y.)</Title>                <ISOAbbreviation>Science</ISOAbbreviation>            </Journal>            <ArticleTitle>Influence of vitamins upon incidence of tumors in tu50j stock of D. melanogaster.</ArticleTitle>            <Pagination>                <MedlinePgn>314</MedlinePgn>            </Pagination>            <AuthorList CompleteYN="Y">                <Author ValidYN="Y">                    <LastName>MITTLER</LastName>                    <ForeName>S</ForeName>                    <Initials>S</Initials>                </Author>            </AuthorList>            <Language>eng</Language>            <PublicationTypeList>                <PublicationType UI="D016428">Journal Article</PublicationType>            </PublicationTypeList>        </Article>        <MedlineJournalInfo>            <Country>Not Available</Country>            <MedlineTA>Science</MedlineTA>            <NlmUniqueID>0404511</NlmUniqueID>            <ISSNLinking>0036-8075</ISSNLinking>        </MedlineJournalInfo>        <CitationSubset>OM</CitationSubset>        <MeshHeadingList>            <MeshHeading>                <DescriptorName MajorTopicYN="Y" UI="D004175">Diptera</DescriptorName>            </MeshHeading>            <MeshHeading>                <DescriptorName MajorTopicYN="Y" UI="D009374">Neoplasms, Experimental</DescriptorName>            </MeshHeading>        </MeshHeadingList>        <OtherID Source="CLML">5426:49809:177:299:479</OtherID>        <KeywordList Owner="NLM">            <Keyword MajorTopicYN="Y">FLIES</Keyword>            <Keyword MajorTopicYN="Y">NEOPLASMS/experimental</Keyword>            <Keyword MajorTopicYN="Y">VITAMINS/effects</Keyword>        </KeywordList>    </MedlineCitation>    <PubmedData>        <History>            <PubMedPubDate PubStatus="pubmed">                <Year>1954</Year>                <Month>8</Month>                <Day>20</Day>            </PubMedPubDate>            <PubMedPubDate PubStatus="medline">                <Year>1954</Year>                <Month>8</Month>                <Day>20</Day>                <Hour>0</Hour>                <Minute>1</Minute>            </PubMedPubDate>            <PubMedPubDate PubStatus="entrez">                <Year>1954</Year>                <Month>8</Month>                <Day>20</Day>                <Hour>0</Hour>                <Minute>0</Minute>            </PubMedPubDate>        </History>        <PublicationStatus>ppublish</PublicationStatus>        <ArticleIdList>            <ArticleId IdType="pubmed">13186843</ArticleId>        </ArticleIdList>    </PubmedData></PubmedArticle><PubmedArticle>    <MedlineCitation Owner="NLM" Status="MEDLINE">        <PMID Version="1">13186819</PMID>        <DateCreated>            <Year>1954</Year>            <Month>12</Month>            <Day>01</Day>        </DateCreated>        <DateCompleted>            <Year>2003</Year>            <Month>05</Month>            <Day>01</Day>        </DateCompleted>        <DateRevised>            <Year>2008</Year>            <Month>06</Month>            <Day>03</Day>        </DateRevised>        <Article PubModel="Print">            <Journal>                <ISSN IssnType="Print">0036-8075</ISSN>                <JournalIssue CitedMedium="Print">                    <Volume>120</Volume>                    <Issue>3110</Issue>                    <PubDate>                        <Year>1954</Year>                        <Month>Aug</Month>                        <Day>6</Day>                    </PubDate>                </JournalIssue>                <Title>Science (New York, N.Y.)</Title>                <ISOAbbreviation>Science</ISOAbbreviation>            </Journal>            <ArticleTitle>Tumor induction in Drosophila melanogaster by injection of e11tu larval fluid.</ArticleTitle>            <Pagination>                <MedlinePgn>225-7</MedlinePgn>            </Pagination>            <AuthorList CompleteYN="Y">                <Author ValidYN="Y">                    <LastName>HARNLY</LastName>                    <ForeName>M H</ForeName>                    <Initials>MH</Initials>                </Author>                <Author ValidYN="Y">                    <LastName>BURTON</LastName>                    <ForeName>L</ForeName>                    <Initials>L</Initials>                </Author>                <Author ValidYN="Y">                    <LastName>FRIEDMAN</LastName>                    <ForeName>F</ForeName>                    <Initials>F</Initials>                </Author>                <Author ValidYN="Y">                    <LastName>KOPAC</LastName>                    <ForeName>M J</ForeName>                    <Initials>MJ</Initials>                </Author>            </AuthorList>            <Language>eng</Language>            <PublicationTypeList>                <PublicationType UI="D016428">Journal Article</PublicationType>            </PublicationTypeList>        </Article>        <MedlineJournalInfo>            <Country>Not Available</Country>            <MedlineTA>Science</MedlineTA>            <NlmUniqueID>0404511</NlmUniqueID>            <ISSNLinking>0036-8075</ISSNLinking>        </MedlineJournalInfo>        <CitationSubset>OM</CitationSubset>        <MeshHeadingList>            <MeshHeading>                <DescriptorName MajorTopicYN="Y" UI="D004175">Diptera</DescriptorName>            </MeshHeading>            <MeshHeading>                <DescriptorName MajorTopicYN="Y" UI="D009374">Neoplasms, Experimental</DescriptorName>            </MeshHeading>        </MeshHeadingList>        <OtherID Source="CLML">5426:49785:177:299</OtherID>        <KeywordList Owner="NLM">            <Keyword MajorTopicYN="Y">FLIES</Keyword>            <Keyword MajorTopicYN="Y">NEOPLASMS/experimental</Keyword>        </KeywordList>    </MedlineCitation>    <PubmedData>        <History>            <PubMedPubDate PubStatus="pubmed">                <Year>1954</Year>                <Month>8</Month>                <Day>6</Day>            </PubMedPubDate>            <PubMedPubDate PubStatus="medline">                <Year>1954</Year>                <Month>8</Month>                <Day>6</Day>                <Hour>0</Hour>                <Minute>1</Minute>            </PubMedPubDate>            <PubMedPubDate PubStatus="entrez">                <Year>1954</Year>                <Month>8</Month>                <Day>6</Day>                <Hour>0</Hour>                <Minute>0</Minute>            </PubMedPubDate>        </History>        <PublicationStatus>ppublish</PublicationStatus>        <ArticleIdList>            <ArticleId IdType="pubmed">13186819</ArticleId>        </ArticleIdList>    </PubmedData></PubmedArticle><PubmedArticle>    <MedlineCitation Owner="NLM" Status="MEDLINE">        <PMID Version="1">13168384</PMID>        <DateCreated>            <Year>1954</Year>            <Month>12</Month>            <Day>01</Day>        </DateCreated>        <DateCompleted>            <Year>2003</Year>            <Month>05</Month>            <Day>01</Day>        </DateCompleted>        <DateRevised>            <Year>2013</Year>            <Month>11</Month>            <Day>21</Day>        </DateRevised>        <Article PubModel="Print">            <Journal>                <ISSN IssnType="Print">0036-8075</ISSN>                <JournalIssue CitedMedium="Print">                    <Volume>119</Volume>                    <Issue>3103</Issue>                    <PubDate>                        <Year>1954</Year>                        <Month>Jun</Month>                        <Day>18</Day>                    </PubDate>                </JournalIssue>                <Title>Science (New York, N.Y.)</Title>                <ISOAbbreviation>Science</ISOAbbreviation>            </Journal>            <ArticleTitle>Distribution of Y90 in ascites tumor mice following intraperitoneal administration of yttrium chloride.</ArticleTitle>            <Pagination>                <MedlinePgn>880-1</MedlinePgn>            </Pagination>            <AuthorList CompleteYN="Y">                <Author ValidYN="Y">                    <LastName>LEWIN</LastName>                    <ForeName>R</ForeName>                    <Initials>R</Initials>                </Author>                <Author ValidYN="Y">                    <LastName>HART</LastName>                    <ForeName>H E</ForeName>                    <Initials>HE</Initials>                </Author>                <Author ValidYN="Y">                    <LastName>GREENBERG</LastName>                    <ForeName>J</ForeName>                    <Initials>J</Initials>                </Author>                <Author ValidYN="Y">                    <LastName>SPENCER</LastName>                    <ForeName>H</ForeName>                    <Initials>H</Initials>                </Author>                <Author ValidYN="Y">                    <LastName>STERN</LastName>                    <ForeName>K G</ForeName>                    <Initials>KG</Initials>                </Author>                <Author ValidYN="Y">                    <LastName>LASZLO</LastName>                    <ForeName>D</ForeName>                    <Initials>D</Initials>                </Author>            </AuthorList>            <Language>eng</Language>            <PublicationTypeList>                <PublicationType UI="D016428">Journal Article</PublicationType>            </PublicationTypeList>        </Article>        <MedlineJournalInfo>            <Country>Not Available</Country>            <MedlineTA>Science</MedlineTA>            <NlmUniqueID>0404511</NlmUniqueID>            <ISSNLinking>0036-8075</ISSNLinking>        </MedlineJournalInfo>        <ChemicalList>            <Chemical>                <RegistryNumber>58784XQC3Y</RegistryNumber>                <NameOfSubstance UI="D015019">Yttrium</NameOfSubstance>            </Chemical>        </ChemicalList>        <CitationSubset>OM</CitationSubset>        <MeshHeadingList>            <MeshHeading>                <DescriptorName MajorTopicYN="Y" UI="D009374">Neoplasms, Experimental</DescriptorName>            </MeshHeading>            <MeshHeading>                <DescriptorName MajorTopicYN="N" UI="D015019">Yttrium</DescriptorName>                <QualifierName MajorTopicYN="Y" UI="Q000378">metabolism</QualifierName>            </MeshHeading>        </MeshHeadingList>        <OtherID Source="CLML">5426:31124:299:485</OtherID>        <KeywordList Owner="NLM">            <Keyword MajorTopicYN="Y">NEOPLASMS/experimental</Keyword>            <Keyword MajorTopicYN="Y">YTTRIUM/metabolism</Keyword>        </KeywordList>    </MedlineCitation>    <PubmedData>        <History>            <PubMedPubDate PubStatus="pubmed">                <Year>1954</Year>                <Month>6</Month>                <Day>18</Day>            </PubMedPubDate>            <PubMedPubDate PubStatus="medline">                <Year>1954</Year>                <Month>6</Month>                <Day>18</Day>                <Hour>0</Hour>                <Minute>1</Minute>            </PubMedPubDate>            <PubMedPubDate PubStatus="entrez">                <Year>1954</Year>                <Month>6</Month>                <Day>18</Day>                <Hour>0</Hour>                <Minute>0</Minute>            </PubMedPubDate>        </History>        <PublicationStatus>ppublish</PublicationStatus>        <ArticleIdList>            <ArticleId IdType="pubmed">13168384</ArticleId>        </ArticleIdList>    </PubmedData></PubmedArticle><PubmedArticle>    <MedlineCitation Owner="NLM" Status="MEDLINE">        <PMID Version="1">13168365</PMID>        <DateCreated>            <Year>1954</Year>            <Month>12</Month>            <Day>01</Day>        </DateCreated>        <DateCompleted>            <Year>2003</Year>            <Month>05</Month>            <Day>01</Day>        </DateCompleted>        <DateRevised>            <Year>2008</Year>            <Month>06</Month>            <Day>03</Day>        </DateRevised>        <Article PubModel="Print">            <Journal>                <ISSN IssnType="Print">0036-8075</ISSN>                <JournalIssue CitedMedium="Print">                    <Volume>119</Volume>                    <Issue>3100</Issue>                    <PubDate>                        <Year>1954</Year>                        <Month>May</Month>                        <Day>28</Day>                    </PubDate>                </JournalIssue>                <Title>Science (New York, N.Y.)</Title>                <ISOAbbreviation>Science</ISOAbbreviation>            </Journal>            <ArticleTitle>Trace element content of cancerous and noncancerous human liver tissue.</ArticleTitle>            <Pagination>                <MedlinePgn>772-3</MedlinePgn>            </Pagination>            <AuthorList CompleteYN="Y">                <Author ValidYN="Y">                    <LastName>OLSON</LastName>                    <ForeName>K B</ForeName>                    <Initials>KB</Initials>                </Author>                <Author ValidYN="Y">                    <LastName>HEGGEN</LastName>                    <ForeName>G</ForeName>                    <Initials>G</Initials>                </Author>                <Author ValidYN="Y">                    <LastName>EDWARDS</LastName>                    <ForeName>C F</ForeName>                    <Initials>CF</Initials>                </Author>                <Author ValidYN="Y">                    <LastName>GORHAM</LastName>                    <ForeName>L W</ForeName>                    <Initials>LW</Initials>                </Author>            </AuthorList>            <Language>eng</Language>            <PublicationTypeList>                <PublicationType UI="D016428">Journal Article</PublicationType>            </PublicationTypeList>        </Article>        <MedlineJournalInfo>            <Country>Not Available</Country>            <MedlineTA>Science</MedlineTA>            <NlmUniqueID>0404511</NlmUniqueID>            <ISSNLinking>0036-8075</ISSNLinking>        </MedlineJournalInfo>        <ChemicalList>            <Chemical>                <RegistryNumber>0</RegistryNumber>                <NameOfSubstance UI="D014131">Trace Elements</NameOfSubstance>            </Chemical>        </ChemicalList>        <CitationSubset>OM</CitationSubset>        <MeshHeadingList>            <MeshHeading>                <DescriptorName MajorTopicYN="Y" UI="D008113">Liver Neoplasms</DescriptorName>            </MeshHeading>            <MeshHeading>                <DescriptorName MajorTopicYN="N" UI="D014131">Trace Elements</DescriptorName>                <QualifierName MajorTopicYN="Y" UI="Q000032">analysis</QualifierName>            </MeshHeading>        </MeshHeadingList>        <OtherID Source="CLML">5426:31105:262:447</OtherID>        <KeywordList Owner="NLM">            <Keyword MajorTopicYN="Y">LIVER/neoplasms</Keyword>            <Keyword MajorTopicYN="Y">TRACE ELEMENTS/determination</Keyword>        </KeywordList>    </MedlineCitation>    <PubmedData>        <History>            <PubMedPubDate PubStatus="pubmed">                <Year>1954</Year>                <Month>5</Month>                <Day>28</Day>            </PubMedPubDate>            <PubMedPubDate PubStatus="medline">                <Year>1954</Year>                <Month>5</Month>                <Day>28</Day>                <Hour>0</Hour>                <Minute>1</Minute>            </PubMedPubDate>            <PubMedPubDate PubStatus="entrez">                <Year>1954</Year>                <Month>5</Month>                <Day>28</Day>                <Hour>0</Hour>                <Minute>0</Minute>            </PubMedPubDate>        </History>        <PublicationStatus>ppublish</PublicationStatus>        <ArticleIdList>            <ArticleId IdType="pubmed">13168365</ArticleId>        </ArticleIdList>    </PubmedData></PubmedArticle><PubmedArticle>    <MedlineCitation Owner="NLM" Status="MEDLINE">        <PMID Version="1">13156618</PMID>        <DateCreated>            <Year>1954</Year>            <Month>12</Month>            <Day>01</Day>        </DateCreated>        <DateCompleted>            <Year>2003</Year>            <Month>05</Month>            <Day>01</Day>        </DateCompleted>        <DateRevised>            <Year>2008</Year>            <Month>06</Month>            <Day>03</Day>        </DateRevised>        <Article PubModel="Print">            <Journal>                <ISSN IssnType="Print">0036-8075</ISSN>                <JournalIssue CitedMedium="Print">                    <Volume>119</Volume>                    <Issue>3092</Issue>                    <PubDate>                        <Year>1954</Year>                        <Month>Apr</Month>                        <Day>2</Day>                    </PubDate>                </JournalIssue>                <Title>Science (New York, N.Y.)</Title>                <ISOAbbreviation>Science</ISOAbbreviation>            </Journal>            <ArticleTitle>Development of lymphoid tumors in nonirradiated thymic grafts in thymectomized irradiated mice.</ArticleTitle>            <Pagination>                <MedlinePgn>439-40</MedlinePgn>            </Pagination>            <AuthorList CompleteYN="Y">                <Author ValidYN="Y">                    <LastName>KAPLAN</LastName>                    <ForeName>H S</ForeName>                    <Initials>HS</Initials>                </Author>                <Author ValidYN="Y">                    <LastName>BROWN</LastName>                    <ForeName>M B</ForeName>                    <Initials>MB</Initials>                </Author>            </AuthorList>            <Language>eng</Language>            <PublicationTypeList>                <PublicationType UI="D016428">Journal Article</PublicationType>            </PublicationTypeList>        </Article>        <MedlineJournalInfo>            <Country>Not Available</Country>            <MedlineTA>Science</MedlineTA>            <NlmUniqueID>0404511</NlmUniqueID>            <ISSNLinking>0036-8075</ISSNLinking>        </MedlineJournalInfo>        <CitationSubset>OM</CitationSubset>        <MeshHeadingList>            <MeshHeading>                <DescriptorName MajorTopicYN="Y" UI="D009374">Neoplasms, Experimental</DescriptorName>            </MeshHeading>            <MeshHeading>                <DescriptorName MajorTopicYN="N" UI="D013950">Thymus Gland</DescriptorName>                <QualifierName MajorTopicYN="Y" UI="Q000637">transplantation</QualifierName>            </MeshHeading>        </MeshHeadingList>        <OtherID Source="CLML">5426:19195:299:442</OtherID>        <KeywordList Owner="NLM">            <Keyword MajorTopicYN="Y">NEOPLASMS/experimental</Keyword>            <Keyword MajorTopicYN="Y">THYMUS/transplantation</Keyword>        </KeywordList>    </MedlineCitation>    <PubmedData>        <History>            <PubMedPubDate PubStatus="pubmed">                <Year>1954</Year>                <Month>4</Month>                <Day>2</Day>            </PubMedPubDate>            <PubMedPubDate PubStatus="medline">                <Year>1954</Year>                <Month>4</Month>                <Day>2</Day>                <Hour>0</Hour>                <Minute>1</Minute>            </PubMedPubDate>            <PubMedPubDate PubStatus="entrez">                <Year>1954</Year>                <Month>4</Month>                <Day>2</Day>                <Hour>0</Hour>                <Minute>0</Minute>            </PubMedPubDate>        </History>        <PublicationStatus>ppublish</PublicationStatus>        <ArticleIdList>            <ArticleId IdType="pubmed">13156618</ArticleId>        </ArticleIdList>    </PubmedData></PubmedArticle><PubmedArticle>    <MedlineCitation Owner="NLM" Status="PubMed-not-MEDLINE">        <PMID Version="1">17732375</PMID>        <DateCreated>            <Year>2010</Year>            <Month>06</Month>            <Day>04</Day>        </DateCreated>        <DateCompleted>            <Year>2010</Year>            <Month>07</Month>            <Day>02</Day>        </DateCompleted>        <Article PubModel="Print">            <Journal>                <ISSN IssnType="Print">0036-8075</ISSN>                <JournalIssue CitedMedium="Print">                    <Volume>119</Volume>                    <Issue>3090</Issue>                    <PubDate>                        <Year>1954</Year>                        <Month>Mar</Month>                        <Day>19</Day>                    </PubDate>                </JournalIssue>                <Title>Science (New York, N.Y.)</Title>                <ISOAbbreviation>Science</ISOAbbreviation>            </Journal>            <ArticleTitle>Cancer Research at a Marine Laboratory.</ArticleTitle>            <Pagination>                <MedlinePgn>386</MedlinePgn>            </Pagination>            <AuthorList CompleteYN="Y">                <Author ValidYN="Y">                    <LastName>Breder</LastName>                    <ForeName>C M</ForeName>                    <Initials>CM</Initials>                    <Suffix>Jr</Suffix>                </Author>            </AuthorList>            <Language>eng</Language>            <PublicationTypeList>                <PublicationType UI="D016428">Journal Article</PublicationType>            </PublicationTypeList>        </Article>        <MedlineJournalInfo>            <Country>United States</Country>            <MedlineTA>Science</MedlineTA>            <NlmUniqueID>0404511</NlmUniqueID>            <ISSNLinking>0036-8075</ISSNLinking>        </MedlineJournalInfo>    </MedlineCitation>    <PubmedData>        <History>            <PubMedPubDate PubStatus="pubmed">                <Year>1954</Year>                <Month>3</Month>                <Day>19</Day>                <Hour>0</Hour>                <Minute>0</Minute>            </PubMedPubDate>            <PubMedPubDate PubStatus="medline">                <Year>1954</Year>                <Month>3</Month>                <Day>19</Day>                <Hour>0</Hour>                <Minute>1</Minute>            </PubMedPubDate>            <PubMedPubDate PubStatus="entrez">                <Year>1954</Year>                <Month>3</Month>                <Day>19</Day>                <Hour>0</Hour>                <Minute>0</Minute>            </PubMedPubDate>        </History>        <PublicationStatus>ppublish</PublicationStatus>        <ArticleIdList>            <ArticleId IdType="pii">119/3090/386</ArticleId>            <ArticleId IdType="doi">10.1126/science.119.3090.386</ArticleId>            <ArticleId IdType="pubmed">17732375</ArticleId>        </ArticleIdList>    </PubmedData></PubmedArticle><PubmedArticle>    <MedlineCitation Owner="NLM" Status="MEDLINE">        <PMID Version="1">13122032</PMID>        <DateCreated>            <Year>1954</Year>            <Month>12</Month>            <Day>01</Day>        </DateCreated>        <DateCompleted>            <Year>2003</Year>            <Month>05</Month>            <Day>01</Day>        </DateCompleted>        <DateRevised>            <Year>2007</Year>            <Month>03</Month>            <Day>19</Day>        </DateRevised>        <Article PubModel="Print">            <Journal>                <ISSN IssnType="Print">0036-8075</ISSN>                <JournalIssue CitedMedium="Print">                    <Volume>119</Volume>                    <Issue>3081</Issue>                    <PubDate>                        <Year>1954</Year>                        <Month>Jan</Month>                        <Day>15</Day>                    </PubDate>                </JournalIssue>                <Title>Science (New York, N.Y.)</Title>                <ISOAbbreviation>Science</ISOAbbreviation>            </Journal>            <ArticleTitle>Rational cancer chemotherapy.</ArticleTitle>            <Pagination>                <MedlinePgn>77-80</MedlinePgn>            </Pagination>            <AuthorList CompleteYN="Y">                <Author ValidYN="Y">                    <LastName>RHOADS</LastName>                    <ForeName>C P</ForeName>                    <Initials>CP</Initials>                </Author>            </AuthorList>            <Language>eng</Language>            <PublicationTypeList>                <PublicationType UI="D016428">Journal Article</PublicationType>            </PublicationTypeList>        </Article>        <MedlineJournalInfo>            <Country>Not Available</Country>            <MedlineTA>Science</MedlineTA>            <NlmUniqueID>0404511</NlmUniqueID>            <ISSNLinking>0036-8075</ISSNLinking>        </MedlineJournalInfo>        <ChemicalList>            <Chemical>                <RegistryNumber>0</RegistryNumber>                <NameOfSubstance UI="D011687">Purines</NameOfSubstance>            </Chemical>        </ChemicalList>        <CitationSubset>OM</CitationSubset>        <MeshHeadingList>            <MeshHeading>                <DescriptorName MajorTopicYN="N" UI="D009369">Neoplasms</DescriptorName>                <QualifierName MajorTopicYN="Y" UI="Q000628">therapy</QualifierName>            </MeshHeading>            <MeshHeading>                <DescriptorName MajorTopicYN="N" UI="D011687">Purines</DescriptorName>                <QualifierName MajorTopicYN="Y" UI="Q000627">therapeutic use</QualifierName>            </MeshHeading>        </MeshHeadingList>        <OtherID Source="CLML">5425:43288:313:393</OtherID>        <KeywordList Owner="NLM">            <Keyword MajorTopicYN="Y">NEOPLASMS/therapy</Keyword>            <Keyword MajorTopicYN="Y">PURINES/therapeutic use</Keyword>        </KeywordList>    </MedlineCitation>    <PubmedData>        <History>            <PubMedPubDate PubStatus="pubmed">                <Year>1954</Year>                <Month>1</Month>                <Day>15</Day>            </PubMedPubDate>            <PubMedPubDate PubStatus="medline">                <Year>1954</Year>                <Month>1</Month>                <Day>15</Day>                <Hour>0</Hour>                <Minute>1</Minute>            </PubMedPubDate>            <PubMedPubDate PubStatus="entrez">                <Year>1954</Year>                <Month>1</Month>                <Day>15</Day>                <Hour>0</Hour>                <Minute>0</Minute>            </PubMedPubDate>        </History>        <PublicationStatus>ppublish</PublicationStatus>        <ArticleIdList>            <ArticleId IdType="pubmed">13122032</ArticleId>        </ArticleIdList>    </PubmedData></PubmedArticle></PubmedArticleSet>