<?xml version="1.0"?><!DOCTYPE PubmedArticleSet PUBLIC "-//NLM//DTD PubMedArticle, 1st January 2015//EN" "http://www.ncbi.nlm.nih.gov/corehtml/query/DTD/pubmed_150101.dtd"><PubmedArticleSet><PubmedArticle>    <MedlineCitation Owner="NLM" Status="MEDLINE">        <PMID Version="1">13875778</PMID>        <DateCreated>            <Year>1962</Year>            <Month>12</Month>            <Day>01</Day>        </DateCreated>        <DateCompleted>            <Year>1998</Year>            <Month>11</Month>            <Day>01</Day>        </DateCompleted>        <DateRevised>            <Year>2011</Year>            <Month>12</Month>            <Day>02</Day>        </DateRevised>        <Article PubModel="Print">            <Journal>                <ISSN IssnType="Print">0036-8075</ISSN>                <JournalIssue CitedMedium="Print">                    <Volume>134</Volume>                    <Issue>3495</Issue>                    <PubDate>                        <Year>1961</Year>                        <Month>Dec</Month>                        <Day>22</Day>                    </PubDate>                </JournalIssue>                <Title>Science (New York, N.Y.)</Title>                <ISOAbbreviation>Science</ISOAbbreviation>            </Journal>            <ArticleTitle>Toxohormone-like factor from microorganisms with impaired respiration.</ArticleTitle>            <Pagination>                <MedlinePgn>2041-2</MedlinePgn>            </Pagination>            <Abstract>                <AbstractText>A substance that significantly depresses liver catalase values when injected into mice has been isolated from biochemical mutants of yeasts and staphylococci with impaired respiration. This is considered as an important argument in support of the Warburg hypothesis on the origin of cancer cells.</AbstractText>            </Abstract>            <AuthorList CompleteYN="Y">                <Author ValidYN="Y">                    <LastName>CALLAO</LastName>                    <ForeName>V</ForeName>                    <Initials>V</Initials>                </Author>                <Author ValidYN="Y">                    <LastName>MONTOYA</LastName>                    <ForeName>E</ForeName>                    <Initials>E</Initials>                </Author>            </AuthorList>            <Language>eng</Language>            <PublicationTypeList>                <PublicationType UI="D016428">Journal Article</PublicationType>            </PublicationTypeList>        </Article>        <MedlineJournalInfo>            <Country>Not Available</Country>            <MedlineTA>Science</MedlineTA>            <NlmUniqueID>0404511</NlmUniqueID>            <ISSNLinking>0036-8075</ISSNLinking>        </MedlineJournalInfo>        <ChemicalList>            <Chemical>                <RegistryNumber>EC 1.11.1.6</RegistryNumber>                <NameOfSubstance UI="D002374">Catalase</NameOfSubstance>            </Chemical>        </ChemicalList>        <CitationSubset>OM</CitationSubset>        <MeshHeadingList>            <MeshHeading>                <DescriptorName MajorTopicYN="N" UI="D002374">Catalase</DescriptorName>                <QualifierName MajorTopicYN="Y" UI="Q000378">metabolism</QualifierName>            </MeshHeading>            <MeshHeading>                <DescriptorName MajorTopicYN="N" UI="D008099">Liver</DescriptorName>                <QualifierName MajorTopicYN="Y" UI="Q000378">metabolism</QualifierName>            </MeshHeading>            <MeshHeading>                <DescriptorName MajorTopicYN="N" UI="D013210">Staphylococcus</DescriptorName>                <QualifierName MajorTopicYN="Y" UI="Q000737">chemistry</QualifierName>            </MeshHeading>            <MeshHeading>                <DescriptorName MajorTopicYN="N" UI="D015003">Yeasts</DescriptorName>                <QualifierName MajorTopicYN="Y" UI="Q000737">chemistry</QualifierName>            </MeshHeading>        </MeshHeadingList>        <KeywordList Owner="NLM">            <Keyword MajorTopicYN="Y">CATALASE/metabolism</Keyword>            <Keyword MajorTopicYN="Y">LIVER/metabolism</Keyword>            <Keyword MajorTopicYN="Y">STAPHYLOCOCCUS/chemistry</Keyword>            <Keyword MajorTopicYN="Y">YEASTS/chemistry</Keyword>        </KeywordList>    </MedlineCitation>    <PubmedData>        <History>            <PubMedPubDate PubStatus="pubmed">                <Year>1961</Year>                <Month>12</Month>                <Day>22</Day>            </PubMedPubDate>            <PubMedPubDate PubStatus="medline">                <Year>1961</Year>                <Month>12</Month>                <Day>22</Day>                <Hour>0</Hour>                <Minute>1</Minute>            </PubMedPubDate>            <PubMedPubDate PubStatus="entrez">                <Year>1961</Year>                <Month>12</Month>                <Day>22</Day>                <Hour>0</Hour>                <Minute>0</Minute>            </PubMedPubDate>        </History>        <PublicationStatus>ppublish</PublicationStatus>        <ArticleIdList>            <ArticleId IdType="pubmed">13875778</ArticleId>        </ArticleIdList>    </PubmedData></PubmedArticle><PubmedArticle>    <MedlineCitation Owner="NLM" Status="OLDMEDLINE">        <PMID Version="1">13867499</PMID>        <DateCreated>            <Year>1962</Year>            <Month>12</Month>            <Day>01</Day>        </DateCreated>        <DateCompleted>            <Year>1998</Year>            <Month>11</Month>            <Day>01</Day>        </DateCompleted>        <DateRevised>            <Year>2013</Year>            <Month>11</Month>            <Day>21</Day>        </DateRevised>        <Article PubModel="Print">            <Journal>                <ISSN IssnType="Print">0036-8075</ISSN>                <JournalIssue CitedMedium="Print">                    <Volume>134</Volume>                    <Issue>3495</Issue>                    <PubDate>                        <Year>1961</Year>                        <Month>Dec</Month>                        <Day>22</Day>                    </PubDate>                </JournalIssue>                <Title>Science (New York, N.Y.)</Title>                <ISOAbbreviation>Science</ISOAbbreviation>            </Journal>            <ArticleTitle>Leukemogenesis by urethan in C57B1 mice bearing isologous tissues from x-irradiated mice.</ArticleTitle>            <Pagination>                <MedlinePgn>2045-7</MedlinePgn>            </Pagination>            <Abstract>                <AbstractText>A single exposure of mice of a low-leukemic strain (C57B1/6) to 400 r of total-body x-irradiation caused the early appearance of a factor which, though not itself capable of inducing leukemia in adult C57B1 recipients, did cause its appearance when the recipients also received urethan by injection. Positive results were obtained with seven different tissues from irradiated animals, whether urethan was injected 1 day or 30 days after the irradiation. No such effect was obtained in either series in the absence of urethan treatment. When urethan was injected into normal C57B1 mice, or into mice previously implanted with tissues from nonirradiated mice, only marginal leukemogenic activity was evinced. The possible involvement of a precursor virus is discussed.</AbstractText>            </Abstract>            <AuthorList CompleteYN="Y">                <Author ValidYN="Y">                    <LastName>BERENBLUM</LastName>                    <ForeName>I</ForeName>                    <Initials>I</Initials>                </Author>                <Author ValidYN="Y">                    <LastName>TRAININ</LastName>                    <ForeName>N</ForeName>                    <Initials>N</Initials>                </Author>            </AuthorList>            <Language>eng</Language>            <PublicationTypeList>                <PublicationType UI="D016428">Journal Article</PublicationType>            </PublicationTypeList>        </Article>        <MedlineJournalInfo>            <Country>Not Available</Country>            <MedlineTA>Science</MedlineTA>            <NlmUniqueID>0404511</NlmUniqueID>            <ISSNLinking>0036-8075</ISSNLinking>        </MedlineJournalInfo>        <ChemicalList>            <Chemical>                <RegistryNumber>3IN71E75Z5</RegistryNumber>                <NameOfSubstance UI="D014520">Urethane</NameOfSubstance>            </Chemical>        </ChemicalList>        <CitationSubset>OM</CitationSubset>        <MeshHeadingList>            <MeshHeading>                <DescriptorName MajorTopicYN="Y" UI="D007942">Leukemia, Experimental</DescriptorName>            </MeshHeading>            <MeshHeading>                <DescriptorName MajorTopicYN="N" UI="D014520">Urethane</DescriptorName>                <QualifierName MajorTopicYN="Y" UI="Q000494">pharmacology</QualifierName>            </MeshHeading>        </MeshHeadingList>        <KeywordList Owner="NLM">            <Keyword MajorTopicYN="Y">LEUKEMIA/experimental</Keyword>            <Keyword MajorTopicYN="Y">RADIATION EFFECTS/experimental</Keyword>            <Keyword MajorTopicYN="Y">TRANSPLANTATION/experimental</Keyword>            <Keyword MajorTopicYN="Y">URETHANE/pharmacology</Keyword>        </KeywordList>    </MedlineCitation>    <PubmedData>        <History>            <PubMedPubDate PubStatus="pubmed">                <Year>1961</Year>                <Month>12</Month>                <Day>22</Day>            </PubMedPubDate>            <PubMedPubDate PubStatus="medline">                <Year>1961</Year>                <Month>12</Month>                <Day>22</Day>                <Hour>0</Hour>                <Minute>1</Minute>            </PubMedPubDate>            <PubMedPubDate PubStatus="entrez">                <Year>1961</Year>                <Month>12</Month>                <Day>22</Day>                <Hour>0</Hour>                <Minute>0</Minute>            </PubMedPubDate>        </History>        <PublicationStatus>ppublish</PublicationStatus>        <ArticleIdList>            <ArticleId IdType="pubmed">13867499</ArticleId>        </ArticleIdList>    </PubmedData></PubmedArticle><PubmedArticle>    <MedlineCitation Owner="NLM" Status="MEDLINE">        <PMID Version="1">13726802</PMID>        <DateCreated>            <Year>1961</Year>            <Month>12</Month>            <Day>01</Day>        </DateCreated>        <DateCompleted>            <Year>1998</Year>            <Month>11</Month>            <Day>01</Day>        </DateCompleted>        <DateRevised>            <Year>2011</Year>            <Month>12</Month>            <Day>02</Day>        </DateRevised>        <Article PubModel="Print">            <Journal>                <ISSN IssnType="Print">0036-8075</ISSN>                <JournalIssue CitedMedium="Print">                    <Volume>134</Volume>                    <Issue>3482</Issue>                    <PubDate>                        <Year>1961</Year>                        <Month>Sep</Month>                        <Day>22</Day>                    </PubDate>                </JournalIssue>                <Title>Science (New York, N.Y.)</Title>                <ISOAbbreviation>Science</ISOAbbreviation>            </Journal>            <ArticleTitle>Transmissible agent associated with some mouse neoplasms.</ArticleTitle>            <Pagination>                <MedlinePgn>834-5</MedlinePgn>            </Pagination>            <Abstract>                <AbstractText>The association between some forms of murine cancer and an agent that increases the lactic dehydrogenase activity in the plasma of normal mice is confirmed. This agent, however, is not associated with all mouse neoplasms.</AbstractText>            </Abstract>            <AuthorList CompleteYN="Y">                <Author ValidYN="Y">                    <LastName>MUNDY</LastName>                    <ForeName>J</ForeName>                    <Initials>J</Initials>                </Author>                <Author ValidYN="Y">                    <LastName>WILLIAMS</LastName>                    <ForeName>P C</ForeName>                    <Initials>PC</Initials>                </Author>            </AuthorList>            <Language>eng</Language>            <PublicationTypeList>                <PublicationType UI="D016428">Journal Article</PublicationType>            </PublicationTypeList>        </Article>        <MedlineJournalInfo>            <Country>Not Available</Country>            <MedlineTA>Science</MedlineTA>            <NlmUniqueID>0404511</NlmUniqueID>            <ISSNLinking>0036-8075</ISSNLinking>        </MedlineJournalInfo>        <CitationSubset>OM</CitationSubset>        <MeshHeadingList>            <MeshHeading>                <DescriptorName MajorTopicYN="Y" UI="D009374">Neoplasms, Experimental</DescriptorName>            </MeshHeading>        </MeshHeadingList>        <KeywordList Owner="NLM">            <Keyword MajorTopicYN="Y">NEOPLASMS/experimental</Keyword>        </KeywordList>    </MedlineCitation>    <PubmedData>        <History>            <PubMedPubDate PubStatus="pubmed">                <Year>1961</Year>                <Month>9</Month>                <Day>22</Day>            </PubMedPubDate>            <PubMedPubDate PubStatus="medline">                <Year>1961</Year>                <Month>9</Month>                <Day>22</Day>                <Hour>0</Hour>                <Minute>1</Minute>            </PubMedPubDate>            <PubMedPubDate PubStatus="entrez">                <Year>1961</Year>                <Month>9</Month>                <Day>22</Day>                <Hour>0</Hour>                <Minute>0</Minute>            </PubMedPubDate>        </History>        <PublicationStatus>ppublish</PublicationStatus>        <ArticleIdList>            <ArticleId IdType="pubmed">13726802</ArticleId>        </ArticleIdList>    </PubmedData></PubmedArticle><PubmedArticle>    <MedlineCitation Owner="NLM" Status="MEDLINE">        <PMID Version="1">13741690</PMID>        <DateCreated>            <Year>1961</Year>            <Month>12</Month>            <Day>01</Day>        </DateCreated>        <DateCompleted>            <Year>1998</Year>            <Month>11</Month>            <Day>01</Day>        </DateCompleted>        <DateRevised>            <Year>2011</Year>            <Month>12</Month>            <Day>02</Day>        </DateRevised>        <Article PubModel="Print">            <Journal>                <ISSN IssnType="Print">0036-8075</ISSN>                <JournalIssue CitedMedium="Print">                    <Volume>134</Volume>                    <Issue>3480</Issue>                    <PubDate>                        <Year>1961</Year>                        <Month>Sep</Month>                        <Day>8</Day>                    </PubDate>                </JournalIssue>                <Title>Science (New York, N.Y.)</Title>                <ISOAbbreviation>Science</ISOAbbreviation>            </Journal>            <ArticleTitle>Virus-tumor synergism.</ArticleTitle>            <Pagination>                <MedlinePgn>666-8</MedlinePgn>            </Pagination>            <Abstract>                <AbstractText>More than 30 mouse tumors are associated with virus-like agents that may readily be detected by enzymic techniques. Radiation and chemically induced tumors do not ordinarily give evidence of such activity. The present report is of experiments in which a synergistic effect has been observed to occur when animals were inoculated with both the filtrable agent and a virus-free tumor. Synergism was shown by accelerated growth of the tumor and by elevation of a glycolytic enzyme (lactic dehydrogenase) in the host plasma</AbstractText>            </Abstract>            <AuthorList CompleteYN="Y">                <Author ValidYN="Y">                    <LastName>RILEY</LastName>                    <ForeName>V</ForeName>                    <Initials>V</Initials>                </Author>            </AuthorList>            <Language>eng</Language>            <PublicationTypeList>                <PublicationType UI="D016428">Journal Article</PublicationType>            </PublicationTypeList>        </Article>        <MedlineJournalInfo>            <Country>Not Available</Country>            <MedlineTA>Science</MedlineTA>            <NlmUniqueID>0404511</NlmUniqueID>            <ISSNLinking>0036-8075</ISSNLinking>        </MedlineJournalInfo>        <CitationSubset>OM</CitationSubset>        <MeshHeadingList>            <MeshHeading>                <DescriptorName MajorTopicYN="N" UI="D009369">Neoplasms</DescriptorName>                <QualifierName MajorTopicYN="Y" UI="Q000821">virology</QualifierName>            </MeshHeading>        </MeshHeadingList>        <KeywordList Owner="NLM">            <Keyword MajorTopicYN="Y">NEOPLASMS/virology</Keyword>        </KeywordList>    </MedlineCitation>    <PubmedData>        <History>            <PubMedPubDate PubStatus="pubmed">                <Year>1961</Year>                <Month>9</Month>                <Day>8</Day>            </PubMedPubDate>            <PubMedPubDate PubStatus="medline">                <Year>1961</Year>                <Month>9</Month>                <Day>8</Day>                <Hour>0</Hour>                <Minute>1</Minute>            </PubMedPubDate>            <PubMedPubDate PubStatus="entrez">                <Year>1961</Year>                <Month>9</Month>                <Day>8</Day>                <Hour>0</Hour>                <Minute>0</Minute>            </PubMedPubDate>        </History>        <PublicationStatus>ppublish</PublicationStatus>        <ArticleIdList>            <ArticleId IdType="pubmed">13741690</ArticleId>        </ArticleIdList>    </PubmedData></PubmedArticle><PubmedArticle>    <MedlineCitation Owner="NLM" Status="MEDLINE">        <PMID Version="1">13787219</PMID>        <DateCreated>            <Year>1961</Year>            <Month>12</Month>            <Day>01</Day>        </DateCreated>        <DateCompleted>            <Year>1998</Year>            <Month>11</Month>            <Day>01</Day>        </DateCompleted>        <DateRevised>            <Year>2011</Year>            <Month>12</Month>            <Day>05</Day>        </DateRevised>        <Article PubModel="Print">            <Journal>                <ISSN IssnType="Print">0036-8075</ISSN>                <JournalIssue CitedMedium="Print">                    <Volume>134</Volume>                    <Issue>3476</Issue>                    <PubDate>                        <Year>1961</Year>                        <Month>Aug</Month>                        <Day>11</Day>                    </PubDate>                </JournalIssue>                <Title>Science (New York, N.Y.)</Title>                <ISOAbbreviation>Science</ISOAbbreviation>            </Journal>            <ArticleTitle>Polynuclear aromatic hydrocarbons, steroids and carcinogenesis.</ArticleTitle>            <Pagination>                <MedlinePgn>386-7</MedlinePgn>            </Pagination>            <Abstract>                <AbstractText>In addition to the electronic factors, there is a steric factor responsible for the carcinogenicity of polynuclear aromatic hydrocarbons. A carcinogenic polynuclear aromatic hydrocarbon must bear steric resemblance to steroids. One possible implication to this requirement for carcinogenicity is that these hydrocarbons may act on the same sites as steroid hormones.</AbstractText>            </Abstract>            <AuthorList CompleteYN="Y">                <Author ValidYN="Y">                    <LastName>YANG</LastName>                    <ForeName>N C</ForeName>                    <Initials>NC</Initials>                </Author>                <Author ValidYN="Y">                    <LastName>CASTRO</LastName>                    <ForeName>A J</ForeName>                    <Initials>AJ</Initials>                </Author>                <Author ValidYN="Y">                    <LastName>LEWIS</LastName>                    <ForeName>M</ForeName>                    <Initials>M</Initials>                </Author>                <Author ValidYN="Y">                    <LastName>WONG</LastName>                    <ForeName>T W</ForeName>                    <Initials>TW</Initials>                </Author>            </AuthorList>            <Language>eng</Language>            <PublicationTypeList>                <PublicationType UI="D016428">Journal Article</PublicationType>            </PublicationTypeList>        </Article>        <MedlineJournalInfo>            <Country>Not Available</Country>            <MedlineTA>Science</MedlineTA>            <NlmUniqueID>0404511</NlmUniqueID>            <ISSNLinking>0036-8075</ISSNLinking>        </MedlineJournalInfo>        <ChemicalList>            <Chemical>                <RegistryNumber>0</RegistryNumber>                <NameOfSubstance UI="D006838">Hydrocarbons</NameOfSubstance>            </Chemical>            <Chemical>                <RegistryNumber>0</RegistryNumber>                <NameOfSubstance UI="D013256">Steroids</NameOfSubstance>            </Chemical>        </ChemicalList>        <CitationSubset>OM</CitationSubset>        <MeshHeadingList>            <MeshHeading>                <DescriptorName MajorTopicYN="N" UI="D006838">Hydrocarbons</DescriptorName>                <QualifierName MajorTopicYN="Y" UI="Q000737">chemistry</QualifierName>            </MeshHeading>            <MeshHeading>                <DescriptorName MajorTopicYN="Y" UI="D009374">Neoplasms, Experimental</DescriptorName>            </MeshHeading>            <MeshHeading>                <DescriptorName MajorTopicYN="N" UI="D013256">Steroids</DescriptorName>                <QualifierName MajorTopicYN="Y" UI="Q000737">chemistry</QualifierName>            </MeshHeading>        </MeshHeadingList>        <KeywordList Owner="NLM">            <Keyword MajorTopicYN="Y">HYDROCARBONS/chemistry</Keyword>            <Keyword MajorTopicYN="Y">NEOPLASMS/experimental</Keyword>            <Keyword MajorTopicYN="Y">STEROIDS/chemistry</Keyword>        </KeywordList>    </MedlineCitation>    <PubmedData>        <History>            <PubMedPubDate PubStatus="pubmed">                <Year>1961</Year>                <Month>8</Month>                <Day>11</Day>            </PubMedPubDate>            <PubMedPubDate PubStatus="medline">                <Year>1961</Year>                <Month>8</Month>                <Day>11</Day>                <Hour>0</Hour>                <Minute>1</Minute>            </PubMedPubDate>            <PubMedPubDate PubStatus="entrez">                <Year>1961</Year>                <Month>8</Month>                <Day>11</Day>                <Hour>0</Hour>                <Minute>0</Minute>            </PubMedPubDate>        </History>        <PublicationStatus>ppublish</PublicationStatus>        <ArticleIdList>            <ArticleId IdType="pubmed">13787219</ArticleId>        </ArticleIdList>    </PubmedData></PubmedArticle><PubmedArticle>    <MedlineCitation Owner="NLM" Status="MEDLINE">        <PMID Version="1">13771332</PMID>        <DateCreated>            <Year>1961</Year>            <Month>12</Month>            <Day>01</Day>        </DateCreated>        <DateCompleted>            <Year>1998</Year>            <Month>11</Month>            <Day>01</Day>        </DateCompleted>        <DateRevised>            <Year>2011</Year>            <Month>12</Month>            <Day>05</Day>        </DateRevised>        <Article PubModel="Print">            <Journal>                <ISSN IssnType="Print">0036-8075</ISSN>                <JournalIssue CitedMedium="Print">                    <Volume>133</Volume>                    <Issue>3456</Issue>                    <PubDate>                        <Year>1961</Year>                        <Month>Mar</Month>                        <Day>24</Day>                    </PubDate>                </JournalIssue>                <Title>Science (New York, N.Y.)</Title>                <ISOAbbreviation>Science</ISOAbbreviation>            </Journal>            <ArticleTitle>Tumor-inducing factor in Drosophila.</ArticleTitle>            <Pagination>                <MedlinePgn>876</MedlinePgn>            </Pagination>            <Abstract>                <AbstractText>Attempts to repeat experiments reported to demonstrate the existence of a tumor-inducing factor in the tu-e mutant of Drosophila were not successful.</AbstractText>            </Abstract>            <AuthorList CompleteYN="Y">                <Author ValidYN="Y">                    <LastName>MITCHELL</LastName>                    <ForeName>H K</ForeName>                    <Initials>HK</Initials>                </Author>            </AuthorList>            <Language>eng</Language>            <PublicationTypeList>                <PublicationType UI="D016428">Journal Article</PublicationType>            </PublicationTypeList>        </Article>        <MedlineJournalInfo>            <Country>Not Available</Country>            <MedlineTA>Science</MedlineTA>            <NlmUniqueID>0404511</NlmUniqueID>            <ISSNLinking>0036-8075</ISSNLinking>        </MedlineJournalInfo>        <CitationSubset>OM</CitationSubset>        <MeshHeadingList>            <MeshHeading>                <DescriptorName MajorTopicYN="Y" UI="D009374">Neoplasms, Experimental</DescriptorName>            </MeshHeading>        </MeshHeadingList>        <KeywordList Owner="NLM">            <Keyword MajorTopicYN="Y">NEOPLASMS/experimental</Keyword>        </KeywordList>    </MedlineCitation>    <PubmedData>        <History>            <PubMedPubDate PubStatus="pubmed">                <Year>1961</Year>                <Month>3</Month>                <Day>24</Day>            </PubMedPubDate>            <PubMedPubDate PubStatus="medline">                <Year>1961</Year>                <Month>3</Month>                <Day>24</Day>                <Hour>0</Hour>                <Minute>1</Minute>            </PubMedPubDate>            <PubMedPubDate PubStatus="entrez">                <Year>1961</Year>                <Month>3</Month>                <Day>24</Day>                <Hour>0</Hour>                <Minute>0</Minute>            </PubMedPubDate>        </History>        <PublicationStatus>ppublish</PublicationStatus>        <ArticleIdList>            <ArticleId IdType="pubmed">13771332</ArticleId>        </ArticleIdList>    </PubmedData></PubmedArticle><PubmedArticle>    <MedlineCitation Owner="NLM" Status="MEDLINE">        <PMID Version="1">13723220</PMID>        <DateCreated>            <Year>1961</Year>            <Month>12</Month>            <Day>01</Day>        </DateCreated>        <DateCompleted>            <Year>1998</Year>            <Month>11</Month>            <Day>01</Day>        </DateCompleted>        <DateRevised>            <Year>2011</Year>            <Month>12</Month>            <Day>02</Day>        </DateRevised>        <Article PubModel="Print">            <Journal>                <ISSN IssnType="Print">0036-8075</ISSN>                <JournalIssue CitedMedium="Print">                    <Volume>133</Volume>                    <Issue>3452</Issue>                    <PubDate>                        <Year>1961</Year>                        <Month>Feb</Month>                        <Day>24</Day>                    </PubDate>                </JournalIssue>                <Title>Science (New York, N.Y.)</Title>                <ISOAbbreviation>Science</ISOAbbreviation>            </Journal>            <ArticleTitle>Viruses and tumors.</ArticleTitle>            <Pagination>                <MedlinePgn>551-61</MedlinePgn>            </Pagination>            <AuthorList CompleteYN="Y">                <Author ValidYN="Y">                    <LastName>DMOCHOWSKI</LastName>                    <ForeName>L</ForeName>                    <Initials>L</Initials>                </Author>            </AuthorList>            <Language>eng</Language>            <PublicationTypeList>                <PublicationType UI="D016428">Journal Article</PublicationType>            </PublicationTypeList>        </Article>        <MedlineJournalInfo>            <Country>Not Available</Country>            <MedlineTA>Science</MedlineTA>            <NlmUniqueID>0404511</NlmUniqueID>            <ISSNLinking>0036-8075</ISSNLinking>        </MedlineJournalInfo>        <CitationSubset>OM</CitationSubset>        <MeshHeadingList>            <MeshHeading>                <DescriptorName MajorTopicYN="N" UI="D009369">Neoplasms</DescriptorName>                <QualifierName MajorTopicYN="Y" UI="Q000821">virology</QualifierName>            </MeshHeading>            <MeshHeading>                <DescriptorName MajorTopicYN="Y" UI="D014780">Viruses</DescriptorName>            </MeshHeading>        </MeshHeadingList>        <KeywordList Owner="NLM">            <Keyword MajorTopicYN="Y">NEOPLASMS/virology</Keyword>            <Keyword MajorTopicYN="Y">VIRUSES</Keyword>        </KeywordList>    </MedlineCitation>    <PubmedData>        <History>            <PubMedPubDate PubStatus="pubmed">                <Year>1961</Year>                <Month>2</Month>                <Day>24</Day>            </PubMedPubDate>            <PubMedPubDate PubStatus="medline">                <Year>1961</Year>                <Month>2</Month>                <Day>24</Day>                <Hour>0</Hour>                <Minute>1</Minute>            </PubMedPubDate>            <PubMedPubDate PubStatus="entrez">                <Year>1961</Year>                <Month>2</Month>                <Day>24</Day>                <Hour>0</Hour>                <Minute>0</Minute>            </PubMedPubDate>        </History>        <PublicationStatus>ppublish</PublicationStatus>        <ArticleIdList>            <ArticleId IdType="pubmed">13723220</ArticleId>        </ArticleIdList>    </PubmedData></PubmedArticle></PubmedArticleSet>