<?xml version="1.0"?><!DOCTYPE PubmedArticleSet PUBLIC "-//NLM//DTD PubMedArticle, 1st January 2015//EN" "http://www.ncbi.nlm.nih.gov/corehtml/query/DTD/pubmed_150101.dtd"><PubmedArticleSet><PubmedArticle>    <MedlineCitation Owner="NLM" Status="MEDLINE">        <PMID Version="1">17790557</PMID>        <DateCreated>            <Year>2010</Year>            <Month>06</Month>            <Day>04</Day>        </DateCreated>        <DateCompleted>            <Year>2010</Year>            <Month>07</Month>            <Day>02</Day>        </DateCompleted>        <DateRevised>            <Year>2010</Year>            <Month>12</Month>            <Day>08</Day>        </DateRevised>        <Article PubModel="Print">            <Journal>                <ISSN IssnType="Print">0036-8075</ISSN>                <JournalIssue CitedMedium="Print">                    <Volume>110</Volume>                    <Issue>2853</Issue>                    <PubDate>                        <Year>1949</Year>                        <Month>Sep</Month>                        <Day>2</Day>                    </PubDate>                </JournalIssue>                <Title>Science (New York, N.Y.)</Title>                <ISOAbbreviation>Science</ISOAbbreviation>            </Journal>            <ArticleTitle>Qualitative Differences of Malignant Tissue.</ArticleTitle>            <Pagination>                <MedlinePgn>231-2</MedlinePgn>            </Pagination>            <AuthorList CompleteYN="Y">                <Author ValidYN="Y">                    <LastName>Waterman</LastName>                    <ForeName>N</ForeName>                    <Initials>N</Initials>                </Author>                <Author ValidYN="Y">                    <LastName>Ebeling</LastName>                    <ForeName>L C</ForeName>                    <Initials>LC</Initials>                </Author>            </AuthorList>            <Language>eng</Language>            <PublicationTypeList>                <PublicationType UI="D016428">Journal Article</PublicationType>            </PublicationTypeList>        </Article>        <MedlineJournalInfo>            <Country>United States</Country>            <MedlineTA>Science</MedlineTA>            <NlmUniqueID>0404511</NlmUniqueID>            <ISSNLinking>0036-8075</ISSNLinking>        </MedlineJournalInfo>        <CitationSubset>OM</CitationSubset>        <MeshHeadingList>            <MeshHeading>                <DescriptorName MajorTopicYN="Y" UI="D009369">Neoplasms</DescriptorName>            </MeshHeading>        </MeshHeadingList>        <OtherID Source="CLML">4917:879o1</OtherID>        <KeywordList Owner="NLM">            <Keyword MajorTopicYN="Y">CANCER</Keyword>            <Keyword MajorTopicYN="Y">TUMORS</Keyword>        </KeywordList>    </MedlineCitation>    <PubmedData>        <History>            <PubMedPubDate PubStatus="pubmed">                <Year>1949</Year>                <Month>9</Month>                <Day>2</Day>                <Hour>0</Hour>                <Minute>0</Minute>            </PubMedPubDate>            <PubMedPubDate PubStatus="medline">                <Year>1949</Year>                <Month>9</Month>                <Day>2</Day>                <Hour>0</Hour>                <Minute>1</Minute>            </PubMedPubDate>            <PubMedPubDate PubStatus="entrez">                <Year>1949</Year>                <Month>9</Month>                <Day>2</Day>                <Hour>0</Hour>                <Minute>0</Minute>            </PubMedPubDate>        </History>        <PublicationStatus>ppublish</PublicationStatus>        <ArticleIdList>            <ArticleId IdType="pii">110/2853/231</ArticleId>            <ArticleId IdType="doi">10.1126/science.110.2853.231</ArticleId>            <ArticleId IdType="pubmed">17790557</ArticleId>        </ArticleIdList>    </PubmedData></PubmedArticle><PubmedArticle>    <MedlineCitation Owner="NLM" Status="OLDMEDLINE">        <PMID Version="1">17811261</PMID>        <DateCreated>            <Year>2010</Year>            <Month>06</Month>            <Day>04</Day>        </DateCreated>        <DateCompleted>            <Year>2010</Year>            <Month>07</Month>            <Day>02</Day>        </DateCompleted>        <DateRevised>            <Year>2012</Year>            <Month>11</Month>            <Day>15</Day>        </DateRevised>        <Article PubModel="Print">            <Journal>                <ISSN IssnType="Print">0036-8075</ISSN>                <JournalIssue CitedMedium="Print">                    <Volume>110</Volume>                    <Issue>2852</Issue>                    <PubDate>                        <Year>1949</Year>                        <Month>Aug</Month>                        <Day>26</Day>                    </PubDate>                </JournalIssue>                <Title>Science (New York, N.Y.)</Title>                <ISOAbbreviation>Science</ISOAbbreviation>            </Journal>            <ArticleTitle>Plasma and Liver Protein Levels in Rats Fed the Carcinogen 2-Acetylaminofluorene.</ArticleTitle>            <Pagination>                <MedlinePgn>216-7</MedlinePgn>            </Pagination>            <AuthorList CompleteYN="Y">                <Author ValidYN="Y">                    <LastName>Leathem</LastName>                    <ForeName>J H</ForeName>                    <Initials>JH</Initials>                </Author>            </AuthorList>            <Language>eng</Language>            <PublicationTypeList>                <PublicationType UI="D016428">Journal Article</PublicationType>            </PublicationTypeList>        </Article>        <MedlineJournalInfo>            <Country>United States</Country>            <MedlineTA>Science</MedlineTA>            <NlmUniqueID>0404511</NlmUniqueID>            <ISSNLinking>0036-8075</ISSNLinking>        </MedlineJournalInfo>        <ChemicalList>            <Chemical>                <RegistryNumber>0</RegistryNumber>                <NameOfSubstance UI="D005449">Fluorenes</NameOfSubstance>            </Chemical>            <Chemical>                <RegistryNumber>3Q2UY0968A</RegistryNumber>                <NameOfSubstance UI="C041509">fluorene</NameOfSubstance>            </Chemical>        </ChemicalList>        <CitationSubset>OM</CitationSubset>        <MeshHeadingList>            <MeshHeading>                <DescriptorName MajorTopicYN="N" UI="D005449">Fluorenes</DescriptorName>            </MeshHeading>        </MeshHeadingList>        <OtherID Source="CLML">4917:879j</OtherID>        <KeywordList Owner="NLM">            <Keyword MajorTopicYN="Y">CANCER/experimental</Keyword>            <Keyword MajorTopicYN="Y">FLUORENE</Keyword>        </KeywordList>    </MedlineCitation>    <PubmedData>        <History>            <PubMedPubDate PubStatus="pubmed">                <Year>1949</Year>                <Month>8</Month>                <Day>26</Day>                <Hour>0</Hour>                <Minute>0</Minute>            </PubMedPubDate>            <PubMedPubDate PubStatus="medline">                <Year>1949</Year>                <Month>8</Month>                <Day>26</Day>                <Hour>0</Hour>                <Minute>1</Minute>            </PubMedPubDate>            <PubMedPubDate PubStatus="entrez">                <Year>1949</Year>                <Month>8</Month>                <Day>26</Day>                <Hour>0</Hour>                <Minute>0</Minute>            </PubMedPubDate>        </History>        <PublicationStatus>ppublish</PublicationStatus>        <ArticleIdList>            <ArticleId IdType="pii">110/2852/216</ArticleId>            <ArticleId IdType="doi">10.1126/science.110.2852.216</ArticleId>            <ArticleId IdType="pubmed">17811261</ArticleId>        </ArticleIdList>    </PubmedData></PubmedArticle><PubmedArticle>    <MedlineCitation Owner="NLM" Status="MEDLINE">        <PMID Version="1">17743277</PMID>        <DateCreated>            <Year>2010</Year>            <Month>06</Month>            <Day>03</Day>        </DateCreated>        <DateCompleted>            <Year>2010</Year>            <Month>07</Month>            <Day>02</Day>        </DateCompleted>        <DateRevised>            <Year>2014</Year>            <Month>08</Month>            <Day>12</Day>        </DateRevised>        <Article PubModel="Print">            <Journal>                <ISSN IssnType="Print">0036-8075</ISSN>                <JournalIssue CitedMedium="Print">                    <Volume>109</Volume>                    <Issue>2840</Issue>                    <PubDate>                        <Year>1949</Year>                        <Month>Jun</Month>                        <Day>3</Day>                    </PubDate>                </JournalIssue>                <Title>Science (New York, N.Y.)</Title>                <ISOAbbreviation>Science</ISOAbbreviation>            </Journal>            <ArticleTitle>The Nature of the Pigmented Sheath in Drosophila Tumors.</ArticleTitle>            <Pagination>                <MedlinePgn>565-6</MedlinePgn>            </Pagination>            <AuthorList CompleteYN="Y">                <Author ValidYN="Y">                    <LastName>Hartung</LastName>                    <ForeName>E W</ForeName>                    <Initials>EW</Initials>                </Author>                <Author ValidYN="Y">                    <LastName>Tillinghast</LastName>                    <ForeName>M G</ForeName>                    <Initials>MG</Initials>                </Author>            </AuthorList>            <Language>eng</Language>            <PublicationTypeList>                <PublicationType UI="D016428">Journal Article</PublicationType>            </PublicationTypeList>        </Article>        <MedlineJournalInfo>            <Country>United States</Country>            <MedlineTA>Science</MedlineTA>            <NlmUniqueID>0404511</NlmUniqueID>            <ISSNLinking>0036-8075</ISSNLinking>        </MedlineJournalInfo>        <CitationSubset>OM</CitationSubset>        <MeshHeadingList>            <MeshHeading>                <DescriptorName MajorTopicYN="Y" UI="D000818">Animals</DescriptorName>            </MeshHeading>            <MeshHeading>                <DescriptorName MajorTopicYN="Y" UI="D004175">Diptera</DescriptorName>            </MeshHeading>            <MeshHeading>                <DescriptorName MajorTopicYN="Y" UI="D009369">Neoplasms</DescriptorName>            </MeshHeading>        </MeshHeadingList>        <OtherID Source="CLML">4917:108g1</OtherID>        <KeywordList Owner="NLM">            <Keyword MajorTopicYN="Y">FLIES</Keyword>            <Keyword MajorTopicYN="Y">TUMORS/in animals</Keyword>        </KeywordList>    </MedlineCitation>    <PubmedData>        <History>            <PubMedPubDate PubStatus="pubmed">                <Year>1949</Year>                <Month>6</Month>                <Day>3</Day>                <Hour>0</Hour>                <Minute>0</Minute>            </PubMedPubDate>            <PubMedPubDate PubStatus="medline">                <Year>1949</Year>                <Month>6</Month>                <Day>3</Day>                <Hour>0</Hour>                <Minute>1</Minute>            </PubMedPubDate>            <PubMedPubDate PubStatus="entrez">                <Year>1949</Year>                <Month>6</Month>                <Day>3</Day>                <Hour>0</Hour>                <Minute>0</Minute>            </PubMedPubDate>        </History>        <PublicationStatus>ppublish</PublicationStatus>        <ArticleIdList>            <ArticleId IdType="pii">109/2840/565</ArticleId>            <ArticleId IdType="doi">10.1126/science.109.2840.565</ArticleId>            <ArticleId IdType="pubmed">17743277</ArticleId>        </ArticleIdList>    </PubmedData></PubmedArticle><PubmedArticle>    <MedlineCitation Owner="NLM" Status="MEDLINE">        <PMID Version="1">17818060</PMID>        <DateCreated>            <Year>2010</Year>            <Month>06</Month>            <Day>03</Day>        </DateCreated>        <DateCompleted>            <Year>2010</Year>            <Month>07</Month>            <Day>02</Day>        </DateCompleted>        <DateRevised>            <Year>2010</Year>            <Month>12</Month>            <Day>08</Day>        </DateRevised>        <Article PubModel="Print">            <Journal>                <ISSN IssnType="Print">0036-8075</ISSN>                <JournalIssue CitedMedium="Print">                    <Volume>109</Volume>                    <Issue>2827</Issue>                    <PubDate>                        <Year>1949</Year>                        <Month>Mar</Month>                        <Day>4</Day>                    </PubDate>                </JournalIssue>                <Title>Science (New York, N.Y.)</Title>                <ISOAbbreviation>Science</ISOAbbreviation>            </Journal>            <ArticleTitle>Acid Phosphomonesterase Activity of Human Neoplastic Tissue.</ArticleTitle>            <Pagination>                <MedlinePgn>233-5</MedlinePgn>            </Pagination>            <AuthorList CompleteYN="Y">                <Author ValidYN="Y">                    <LastName>Lemon</LastName>                    <ForeName>H M</ForeName>                    <Initials>HM</Initials>                </Author>                <Author ValidYN="Y">                    <LastName>Wisseman</LastName>                    <ForeName>C L</ForeName>                    <Initials>CL</Initials>                    <Suffix>Jr</Suffix>                </Author>            </AuthorList>            <Language>eng</Language>            <PublicationTypeList>                <PublicationType UI="D016428">Journal Article</PublicationType>            </PublicationTypeList>        </Article>        <MedlineJournalInfo>            <Country>United States</Country>            <MedlineTA>Science</MedlineTA>            <NlmUniqueID>0404511</NlmUniqueID>            <ISSNLinking>0036-8075</ISSNLinking>        </MedlineJournalInfo>        <CitationSubset>OM</CitationSubset>        <MeshHeadingList>            <MeshHeading>                <DescriptorName MajorTopicYN="Y" UI="D009369">Neoplasms</DescriptorName>            </MeshHeading>        </MeshHeadingList>        <OtherID Source="CLML">4916:654r1</OtherID>        <KeywordList Owner="NLM">            <Keyword MajorTopicYN="Y">TUMORS</Keyword>        </KeywordList>    </MedlineCitation>    <PubmedData>        <History>            <PubMedPubDate PubStatus="pubmed">                <Year>1949</Year>                <Month>3</Month>                <Day>4</Day>                <Hour>0</Hour>                <Minute>0</Minute>            </PubMedPubDate>            <PubMedPubDate PubStatus="medline">                <Year>1949</Year>                <Month>3</Month>                <Day>4</Day>                <Hour>0</Hour>                <Minute>1</Minute>            </PubMedPubDate>            <PubMedPubDate PubStatus="entrez">                <Year>1949</Year>                <Month>3</Month>                <Day>4</Day>                <Hour>0</Hour>                <Minute>0</Minute>            </PubMedPubDate>        </History>        <PublicationStatus>ppublish</PublicationStatus>        <ArticleIdList>            <ArticleId IdType="pii">109/2827/233</ArticleId>            <ArticleId IdType="doi">10.1126/science.109.2827.233</ArticleId>            <ArticleId IdType="pubmed">17818060</ArticleId>        </ArticleIdList>    </PubmedData></PubmedArticle></PubmedArticleSet>