<?xml version="1.0"?><!DOCTYPE PubmedArticleSet PUBLIC "-//NLM//DTD PubMedArticle, 1st January 2015//EN" "http://www.ncbi.nlm.nih.gov/corehtml/query/DTD/pubmed_150101.dtd">
<PubmedArticleSet>
	<PubmedArticle>
		<MedlineCitation Owner="NLM" Status="PubMed-not-MEDLINE">
			<PMID Version="1">17748383</PMID>
			<DateCreated>
				<Year>2010</Year>
				<Month>06</Month>
				<Day>07</Day>
			</DateCreated>
			<DateCompleted>
				<Year>2010</Year>
				<Month>07</Month>
				<Day>02</Day>
			</DateCompleted>
			<Article PubModel="Print">
				<Journal>
					<ISSN IssnType="Print">0036-8075</ISSN>
					<JournalIssue CitedMedium="Print">
						<Volume>18</Volume>
						<Issue>448</Issue>
						<PubDate>
							<Year>1903</Year>
							<Month>Jul</Month>
							<Day>31</Day>
						</PubDate>
					</JournalIssue>
					<Title>Science (New York, N.Y.)</Title>
					<ISOAbbreviation>Science</ISOAbbreviation>
				</Journal>
				<ArticleTitle>RADIUM AND CANCER.</ArticleTitle>
				<Pagination>
					<MedlinePgn>155-6</MedlinePgn>
				</Pagination>
				<Language>eng</Language>
				<PublicationTypeList>
					<PublicationType UI="D016428">Journal Article</PublicationType>
				</PublicationTypeList>
			</Article>
			<MedlineJournalInfo>
				<Country>United States</Country>
				<MedlineTA>Science</MedlineTA>
				<NlmUniqueID>0404511</NlmUniqueID>
				<ISSNLinking>0036-8075</ISSNLinking>
			</MedlineJournalInfo>
		</MedlineCitation>
		<PubmedData>
			<History>
				<PubMedPubDate PubStatus="pubmed">
					<Year>1903</Year>
					<Month>7</Month>
					<Day>31</Day>
					<Hour>0</Hour>
					<Minute>0</Minute>
				</PubMedPubDate>
				<PubMedPubDate PubStatus="medline">
					<Year>1903</Year>
					<Month>7</Month>
					<Day>31</Day>
					<Hour>0</Hour>
					<Minute>1</Minute>
				</PubMedPubDate>
				<PubMedPubDate PubStatus="entrez">
					<Year>1903</Year>
					<Month>7</Month>
					<Day>31</Day>
					<Hour>0</Hour>
					<Minute>0</Minute>
				</PubMedPubDate>
			</History>
			<PublicationStatus>ppublish</PublicationStatus>
			<ArticleIdList>
				<ArticleId IdType="pii">18/448/155</ArticleId>
				<ArticleId IdType="doi">10.1126/science.18.448.155</ArticleId>
				<ArticleId IdType="pubmed">17748383</ArticleId>
			</ArticleIdList>
		</PubmedData>
	</PubmedArticle>
</PubmedArticleSet>