<?xml version="1.0"?><!DOCTYPE PubmedArticleSet PUBLIC "-//NLM//DTD PubMedArticle, 1st January 2015//EN" "http://www.ncbi.nlm.nih.gov/corehtml/query/DTD/pubmed_150101.dtd"><PubmedArticleSet><PubmedArticle>    <MedlineCitation Owner="NLM" Status="PubMed-not-MEDLINE">        <PMID Version="1">17787514</PMID>        <DateCreated>            <Year>2010</Year>            <Month>06</Month>            <Day>11</Day>        </DateCreated>        <DateCompleted>            <Year>2010</Year>            <Month>07</Month>            <Day>02</Day>        </DateCompleted>        <Article PubModel="Print">            <Journal>                <ISSN IssnType="Print">0036-8075</ISSN>                <JournalIssue CitedMedium="Print">                    <Volume>96</Volume>                    <Issue>2493</Issue>                    <PubDate>                        <Year>1942</Year>                        <Month>Oct</Month>                        <Day>9</Day>                    </PubDate>                </JournalIssue>                <Title>Science (New York, N.Y.)</Title>                <ISOAbbreviation>Science</ISOAbbreviation>            </Journal>            <ArticleTitle>GROWTH OF CANCER TISSUE IN THE YOLK SAC OF THE CHICK EMBRYO.</ArticleTitle>            <Pagination>                <MedlinePgn>342-3</MedlinePgn>            </Pagination>            <AuthorList CompleteYN="Y">                <Author ValidYN="Y">                    <LastName>Taylor</LastName>                    <ForeName>A</ForeName>                    <Initials>A</Initials>                </Author>                <Author ValidYN="Y">                    <LastName>Thacker</LastName>                    <ForeName>J</ForeName>                    <Initials>J</Initials>                </Author>                <Author ValidYN="Y">                    <LastName>Pennington</LastName>                    <ForeName>D</ForeName>                    <Initials>D</Initials>                </Author>            </AuthorList>            <Language>eng</Language>            <PublicationTypeList>                <PublicationType UI="D016428">Journal Article</PublicationType>            </PublicationTypeList>        </Article>        <MedlineJournalInfo>            <Country>United States</Country>            <MedlineTA>Science</MedlineTA>            <NlmUniqueID>0404511</NlmUniqueID>            <ISSNLinking>0036-8075</ISSNLinking>        </MedlineJournalInfo>    </MedlineCitation>    <PubmedData>        <History>            <PubMedPubDate PubStatus="pubmed">                <Year>1942</Year>                <Month>10</Month>                <Day>9</Day>                <Hour>0</Hour>                <Minute>0</Minute>            </PubMedPubDate>            <PubMedPubDate PubStatus="medline">                <Year>1942</Year>                <Month>10</Month>                <Day>9</Day>                <Hour>0</Hour>                <Minute>1</Minute>            </PubMedPubDate>            <PubMedPubDate PubStatus="entrez">                <Year>1942</Year>                <Month>10</Month>                <Day>9</Day>                <Hour>0</Hour>                <Minute>0</Minute>            </PubMedPubDate>        </History>        <PublicationStatus>ppublish</PublicationStatus>        <ArticleIdList>            <ArticleId IdType="pii">96/2493/342</ArticleId>            <ArticleId IdType="doi">10.1126/science.96.2493.342</ArticleId>            <ArticleId IdType="pubmed">17787514</ArticleId>        </ArticleIdList>    </PubmedData></PubmedArticle><PubmedArticle>    <MedlineCitation Owner="NLM" Status="PubMed-not-MEDLINE">        <PMID Version="1">17751370</PMID>        <DateCreated>            <Year>2010</Year>            <Month>06</Month>            <Day>11</Day>        </DateCreated>        <DateCompleted>            <Year>2010</Year>            <Month>07</Month>            <Day>02</Day>        </DateCompleted>        <Article PubModel="Print">            <Journal>                <ISSN IssnType="Print">0036-8075</ISSN>                <JournalIssue CitedMedium="Print">                    <Volume>96</Volume>                    <Issue>2492</Issue>                    <PubDate>                        <Year>1942</Year>                        <Month>Oct</Month>                        <Day>2</Day>                    </PubDate>                </JournalIssue>                <Title>Science (New York, N.Y.)</Title>                <ISOAbbreviation>Science</ISOAbbreviation>            </Journal>            <ArticleTitle>UNIFORMITIES IN THE CONTENT OF B VITAMINS IN MALIGNANT NEOPLASMS.</ArticleTitle>            <Pagination>                <MedlinePgn>322-3</MedlinePgn>            </Pagination>            <AuthorList CompleteYN="Y">                <Author ValidYN="Y">                    <LastName>Taylor</LastName>                    <ForeName>A</ForeName>                    <Initials>A</Initials>                </Author>                <Author ValidYN="Y">                    <LastName>Pollack</LastName>                    <ForeName>M A</ForeName>                    <Initials>MA</Initials>                </Author>                <Author ValidYN="Y">                    <LastName>Williams</LastName>                    <ForeName>R J</ForeName>                    <Initials>RJ</Initials>                </Author>            </AuthorList>            <Language>eng</Language>            <PublicationTypeList>                <PublicationType UI="D016428">Journal Article</PublicationType>            </PublicationTypeList>        </Article>        <MedlineJournalInfo>            <Country>United States</Country>            <MedlineTA>Science</MedlineTA>            <NlmUniqueID>0404511</NlmUniqueID>            <ISSNLinking>0036-8075</ISSNLinking>        </MedlineJournalInfo>    </MedlineCitation>    <PubmedData>        <History>            <PubMedPubDate PubStatus="pubmed">                <Year>1942</Year>                <Month>10</Month>                <Day>2</Day>                <Hour>0</Hour>                <Minute>0</Minute>            </PubMedPubDate>            <PubMedPubDate PubStatus="medline">                <Year>1942</Year>                <Month>10</Month>                <Day>2</Day>                <Hour>0</Hour>                <Minute>1</Minute>            </PubMedPubDate>            <PubMedPubDate PubStatus="entrez">                <Year>1942</Year>                <Month>10</Month>                <Day>2</Day>                <Hour>0</Hour>                <Minute>0</Minute>            </PubMedPubDate>        </History>        <PublicationStatus>ppublish</PublicationStatus>        <ArticleIdList>            <ArticleId IdType="pii">96/2492/322-a</ArticleId>            <ArticleId IdType="doi">10.1126/science.96.2492.322-a</ArticleId>            <ArticleId IdType="pubmed">17751370</ArticleId>        </ArticleIdList>    </PubmedData></PubmedArticle><PubmedArticle>    <MedlineCitation Owner="NLM" Status="PubMed-not-MEDLINE">        <PMID Version="1">17819588</PMID>        <DateCreated>            <Year>2010</Year>            <Month>06</Month>            <Day>11</Day>        </DateCreated>        <DateCompleted>            <Year>2010</Year>            <Month>07</Month>            <Day>02</Day>        </DateCompleted>        <Article PubModel="Print">            <Journal>                <ISSN IssnType="Print">0036-8075</ISSN>                <JournalIssue CitedMedium="Print">                    <Volume>95</Volume>                    <Issue>2478</Issue>                    <PubDate>                        <Year>1942</Year>                        <Month>Jun</Month>                        <Day>26</Day>                    </PubDate>                </JournalIssue>                <Title>Science (New York, N.Y.)</Title>                <ISOAbbreviation>Science</ISOAbbreviation>            </Journal>            <ArticleTitle>EFFECT OF ORCHIDECTOMY ON SKELETAL METASTASES FROM CANCER OF THE MALE BREAST.</ArticleTitle>            <Pagination>                <MedlinePgn>654</MedlinePgn>            </Pagination>            <AuthorList CompleteYN="Y">                <Author ValidYN="Y">                    <LastName>Farrow</LastName>                    <ForeName>J H</ForeName>                    <Initials>JH</Initials>                </Author>                <Author ValidYN="Y">                    <LastName>Adair</LastName>                    <ForeName>F E</ForeName>                    <Initials>FE</Initials>                </Author>            </AuthorList>            <Language>eng</Language>            <PublicationTypeList>                <PublicationType UI="D016428">Journal Article</PublicationType>            </PublicationTypeList>        </Article>        <MedlineJournalInfo>            <Country>United States</Country>            <MedlineTA>Science</MedlineTA>            <NlmUniqueID>0404511</NlmUniqueID>            <ISSNLinking>0036-8075</ISSNLinking>        </MedlineJournalInfo>    </MedlineCitation>    <PubmedData>        <History>            <PubMedPubDate PubStatus="pubmed">                <Year>1942</Year>                <Month>6</Month>                <Day>26</Day>                <Hour>0</Hour>                <Minute>0</Minute>            </PubMedPubDate>            <PubMedPubDate PubStatus="medline">                <Year>1942</Year>                <Month>6</Month>                <Day>26</Day>                <Hour>0</Hour>                <Minute>1</Minute>            </PubMedPubDate>            <PubMedPubDate PubStatus="entrez">                <Year>1942</Year>                <Month>6</Month>                <Day>26</Day>                <Hour>0</Hour>                <Minute>0</Minute>            </PubMedPubDate>        </History>        <PublicationStatus>ppublish</PublicationStatus>        <ArticleIdList>            <ArticleId IdType="pii">95/2478/654</ArticleId>            <ArticleId IdType="doi">10.1126/science.95.2478.654</ArticleId>            <ArticleId IdType="pubmed">17819588</ArticleId>        </ArticleIdList>    </PubmedData></PubmedArticle><PubmedArticle>    <MedlineCitation Owner="NLM" Status="PubMed-not-MEDLINE">        <PMID Version="1">17736889</PMID>        <DateCreated>            <Year>2010</Year>            <Month>06</Month>            <Day>11</Day>        </DateCreated>        <DateCompleted>            <Year>2010</Year>            <Month>07</Month>            <Day>02</Day>        </DateCompleted>        <Article PubModel="Print">            <Journal>                <ISSN IssnType="Print">0036-8075</ISSN>                <JournalIssue CitedMedium="Print">                    <Volume>95</Volume>                    <Issue>2470</Issue>                    <PubDate>                        <Year>1942</Year>                        <Month>May</Month>                        <Day>1</Day>                    </PubDate>                </JournalIssue>                <Title>Science (New York, N.Y.)</Title>                <ISOAbbreviation>Science</ISOAbbreviation>            </Journal>            <ArticleTitle>THE MILK-INFLUENCE OF BREAST TUMORS IN MICE.</ArticleTitle>            <Pagination>                <MedlinePgn>462-3</MedlinePgn>            </Pagination>            <Abstract>                <AbstractText>Females of the fostered C3H strain and the BAF(1) hybrid generation, having a normal incidence of breast tumors of 1-2 per cent., were given, by mouth or injection, filtrates (Seitz filter) or extracts of glycerinated-treated tissue containing the active milk-influence for the development of spontaneous breast cancer. Sixty-three experimental mice were observed to have an incidence of 41 per cent. Thirty-six mice received unfiltered or untreated material and have had an incidence of 67 per cent. Many of the mice of each group are still living. Previous studies indicated that the active milk-influence would not become inactive following desiccation.(4) Following ultracentrifugation the active influence appeared in traces, if at all, in the fat fraction and in the final supernatant fluid, and it is possible that the active agent is a colloid of high molecular weight.(5).</AbstractText>            </Abstract>            <AuthorList CompleteYN="Y">                <Author ValidYN="Y">                    <LastName>Bittner</LastName>                    <ForeName>J J</ForeName>                    <Initials>JJ</Initials>                </Author>            </AuthorList>            <Language>eng</Language>            <PublicationTypeList>                <PublicationType UI="D016428">Journal Article</PublicationType>            </PublicationTypeList>        </Article>        <MedlineJournalInfo>            <Country>United States</Country>            <MedlineTA>Science</MedlineTA>            <NlmUniqueID>0404511</NlmUniqueID>            <ISSNLinking>0036-8075</ISSNLinking>        </MedlineJournalInfo>    </MedlineCitation>    <PubmedData>        <History>            <PubMedPubDate PubStatus="pubmed">                <Year>1942</Year>                <Month>5</Month>                <Day>1</Day>                <Hour>0</Hour>                <Minute>0</Minute>            </PubMedPubDate>            <PubMedPubDate PubStatus="medline">                <Year>1942</Year>                <Month>5</Month>                <Day>1</Day>                <Hour>0</Hour>                <Minute>1</Minute>            </PubMedPubDate>            <PubMedPubDate PubStatus="entrez">                <Year>1942</Year>                <Month>5</Month>                <Day>1</Day>                <Hour>0</Hour>                <Minute>0</Minute>            </PubMedPubDate>        </History>        <PublicationStatus>ppublish</PublicationStatus>        <ArticleIdList>            <ArticleId IdType="pii">95/2470/462</ArticleId>            <ArticleId IdType="doi">10.1126/science.95.2470.462</ArticleId>            <ArticleId IdType="pubmed">17736889</ArticleId>        </ArticleIdList>    </PubmedData></PubmedArticle></PubmedArticleSet>