<?xml version="1.0"?><!DOCTYPE PubmedArticleSet PUBLIC "-//NLM//DTD PubMedArticle, 1st January 2015//EN" "http://www.ncbi.nlm.nih.gov/corehtml/query/DTD/pubmed_150101.dtd"><PubmedArticleSet><PubmedArticle>    <MedlineCitation Owner="NLM" Status="MEDLINE">        <PMID Version="1">13495463</PMID>        <DateCreated>            <Year>1958</Year>            <Month>12</Month>            <Day>01</Day>        </DateCreated>        <DateCompleted>            <Year>2000</Year>            <Month>07</Month>            <Day>01</Day>        </DateCompleted>        <DateRevised>            <Year>2011</Year>            <Month>09</Month>            <Day>28</Day>        </DateRevised>        <Article PubModel="Print">            <Journal>                <ISSN IssnType="Print">0036-8075</ISSN>                <JournalIssue CitedMedium="Print">                    <Volume>126</Volume>                    <Issue>3287</Issue>                    <PubDate>                        <Year>1957</Year>                        <Month>Dec</Month>                        <Day>27</Day>                    </PubDate>                </JournalIssue>                <Title>Science (New York, N.Y.)</Title>                <ISOAbbreviation>Science</ISOAbbreviation>            </Journal>            <ArticleTitle>Some characteristics of a continuously propagating cell derived from monkey heart tissue.</ArticleTitle>            <Pagination>                <MedlinePgn>1338-9</MedlinePgn>            </Pagination>            <AuthorList CompleteYN="Y">                <Author ValidYN="Y">                    <LastName>SALK</LastName>                    <ForeName>J E</ForeName>                    <Initials>JE</Initials>                </Author>                <Author ValidYN="Y">                    <LastName>WARD</LastName>                    <ForeName>E N</ForeName>                    <Initials>EN</Initials>                </Author>            </AuthorList>            <Language>eng</Language>            <PublicationTypeList>                <PublicationType UI="D016428">Journal Article</PublicationType>            </PublicationTypeList>        </Article>        <MedlineJournalInfo>            <Country>Not Available</Country>            <MedlineTA>Science</MedlineTA>            <NlmUniqueID>0404511</NlmUniqueID>            <ISSNLinking>0036-8075</ISSNLinking>        </MedlineJournalInfo>        <CitationSubset>OM</CitationSubset>        <MeshHeadingList>            <MeshHeading>                <DescriptorName MajorTopicYN="N" UI="D009369">Neoplasms</DescriptorName>                <QualifierName MajorTopicYN="Y" UI="Q000276">immunology</QualifierName>            </MeshHeading>            <MeshHeading>                <DescriptorName MajorTopicYN="Y" UI="D046509">Tissue Culture Techniques</DescriptorName>            </MeshHeading>        </MeshHeadingList>        <OtherID Source="CLML">5833:38522:344:507</OtherID>        <KeywordList Owner="NLM">            <Keyword MajorTopicYN="Y">NEOPLASMS/immunology</Keyword>            <Keyword MajorTopicYN="Y">TISSUE CULTURE</Keyword>        </KeywordList>    </MedlineCitation>    <PubmedData>        <History>            <PubMedPubDate PubStatus="pubmed">                <Year>1957</Year>                <Month>12</Month>                <Day>27</Day>            </PubMedPubDate>            <PubMedPubDate PubStatus="medline">                <Year>1957</Year>                <Month>12</Month>                <Day>27</Day>                <Hour>0</Hour>                <Minute>1</Minute>            </PubMedPubDate>            <PubMedPubDate PubStatus="entrez">                <Year>1957</Year>                <Month>12</Month>                <Day>27</Day>                <Hour>0</Hour>                <Minute>0</Minute>            </PubMedPubDate>        </History>        <PublicationStatus>ppublish</PublicationStatus>        <ArticleIdList>            <ArticleId IdType="pubmed">13495463</ArticleId>        </ArticleIdList>    </PubmedData></PubmedArticle><PubmedArticle>    <MedlineCitation Owner="NLM" Status="OLDMEDLINE">        <PMID Version="1">13486055</PMID>        <DateCreated>            <Year>1958</Year>            <Month>12</Month>            <Day>01</Day>        </DateCreated>        <DateCompleted>            <Year>2000</Year>            <Month>07</Month>            <Day>01</Day>        </DateCompleted>        <DateRevised>            <Year>2013</Year>            <Month>11</Month>            <Day>21</Day>        </DateRevised>        <Article PubModel="Print">            <Journal>                <ISSN IssnType="Print">0036-8075</ISSN>                <JournalIssue CitedMedium="Print">                    <Volume>126</Volume>                    <Issue>3281</Issue>                    <PubDate>                        <Year>1957</Year>                        <Month>Nov</Month>                        <Day>15</Day>                    </PubDate>                </JournalIssue>                <Title>Science (New York, N.Y.)</Title>                <ISOAbbreviation>Science</ISOAbbreviation>            </Journal>            <ArticleTitle>Effect of citrovorum factor and peptones on mouse leukemia cells L-5178 in tissue culture.</ArticleTitle>            <Pagination>                <MedlinePgn>1018-9</MedlinePgn>            </Pagination>            <AuthorList CompleteYN="Y">                <Author ValidYN="Y">                    <LastName>FISCHER</LastName>                    <ForeName>G A</ForeName>                    <Initials>GA</Initials>                </Author>                <Author ValidYN="Y">                    <LastName>WELCH</LastName>                    <ForeName>A D</ForeName>                    <Initials>AD</Initials>                </Author>            </AuthorList>            <Language>eng</Language>            <PublicationTypeList>                <PublicationType UI="D016428">Journal Article</PublicationType>            </PublicationTypeList>        </Article>        <MedlineJournalInfo>            <Country>Not Available</Country>            <MedlineTA>Science</MedlineTA>            <NlmUniqueID>0404511</NlmUniqueID>            <ISSNLinking>0036-8075</ISSNLinking>        </MedlineJournalInfo>        <ChemicalList>            <Chemical>                <RegistryNumber>935E97BOY8</RegistryNumber>                <NameOfSubstance UI="D005492">Folic Acid</NameOfSubstance>            </Chemical>        </ChemicalList>        <CitationSubset>OM</CitationSubset>        <MeshHeadingList>            <MeshHeading>                <DescriptorName MajorTopicYN="N" UI="D005492">Folic Acid</DescriptorName>                <QualifierName MajorTopicYN="Y" UI="Q000031">analogs &amp; derivatives</QualifierName>            </MeshHeading>            <MeshHeading>                <DescriptorName MajorTopicYN="Y" UI="D009374">Neoplasms, Experimental</DescriptorName>            </MeshHeading>            <MeshHeading>                <DescriptorName MajorTopicYN="N" UI="D046509">Tissue Culture Techniques</DescriptorName>                <QualifierName MajorTopicYN="Y" UI="Q000187">drug effects</QualifierName>            </MeshHeading>        </MeshHeadingList>        <OtherID Source="CLML">5833:29002:202:343:383:508</OtherID>        <KeywordList Owner="NLM">            <Keyword MajorTopicYN="Y">FOLIC ACID/related compounds</Keyword>            <Keyword MajorTopicYN="Y">NEOPLASMS/experimental</Keyword>            <Keyword MajorTopicYN="Y">PEPTONES/effects</Keyword>            <Keyword MajorTopicYN="Y">TISSUE CULTURE/effect of drugs on</Keyword>        </KeywordList>    </MedlineCitation>    <PubmedData>        <History>            <PubMedPubDate PubStatus="pubmed">                <Year>1957</Year>                <Month>11</Month>                <Day>15</Day>            </PubMedPubDate>            <PubMedPubDate PubStatus="medline">                <Year>1957</Year>                <Month>11</Month>                <Day>15</Day>                <Hour>0</Hour>                <Minute>1</Minute>            </PubMedPubDate>            <PubMedPubDate PubStatus="entrez">                <Year>1957</Year>                <Month>11</Month>                <Day>15</Day>                <Hour>0</Hour>                <Minute>0</Minute>            </PubMedPubDate>        </History>        <PublicationStatus>ppublish</PublicationStatus>        <ArticleIdList>            <ArticleId IdType="pubmed">13486055</ArticleId>        </ArticleIdList>    </PubmedData></PubmedArticle><PubmedArticle>    <MedlineCitation Owner="NLM" Status="OLDMEDLINE">        <PMID Version="1">13486035</PMID>        <DateCreated>            <Year>1958</Year>            <Month>12</Month>            <Day>01</Day>        </DateCreated>        <DateCompleted>            <Year>2000</Year>            <Month>07</Month>            <Day>01</Day>        </DateCompleted>        <DateRevised>            <Year>2008</Year>            <Month>06</Month>            <Day>03</Day>        </DateRevised>        <Article PubModel="Print">            <Journal>                <ISSN IssnType="Print">0036-8075</ISSN>                <JournalIssue CitedMedium="Print">                    <Volume>126</Volume>                    <Issue>3279</Issue>                    <PubDate>                        <Year>1957</Year>                        <Month>Nov</Month>                        <Day>1</Day>                    </PubDate>                </JournalIssue>                <Title>Science (New York, N.Y.)</Title>                <ISOAbbreviation>Science</ISOAbbreviation>            </Journal>            <ArticleTitle>Development of a strain of Ehrlich ascites tumor cells resistant to N-methylformamide.</ArticleTitle>            <Pagination>                <MedlinePgn>926-7</MedlinePgn>            </Pagination>            <AuthorList CompleteYN="Y">                <Author ValidYN="Y">                    <LastName>GROSS</LastName>                    <ForeName>H S</ForeName>                    <Initials>HS</Initials>                </Author>                <Author ValidYN="Y">                    <LastName>FURST</LastName>                    <ForeName>A</ForeName>                    <Initials>A</Initials>                </Author>                <Author ValidYN="Y">                    <LastName>GROSS</LastName>                    <ForeName>S R</ForeName>                    <Initials>SR</Initials>                </Author>            </AuthorList>            <Language>eng</Language>            <PublicationTypeList>                <PublicationType UI="D016428">Journal Article</PublicationType>            </PublicationTypeList>        </Article>        <MedlineJournalInfo>            <Country>Not Available</Country>            <MedlineTA>Science</MedlineTA>            <NlmUniqueID>0404511</NlmUniqueID>            <ISSNLinking>0036-8075</ISSNLinking>        </MedlineJournalInfo>        <CitationSubset>OM</CitationSubset>        <MeshHeadingList>            <MeshHeading>                <DescriptorName MajorTopicYN="Y" UI="D009374">Neoplasms, Experimental</DescriptorName>            </MeshHeading>        </MeshHeadingList>        <OtherID Source="CLML">5833:28982:22:343</OtherID>        <KeywordList Owner="NLM">            <Keyword MajorTopicYN="Y">AMIDES/effects</Keyword>            <Keyword MajorTopicYN="Y">NEOPLASMS/experimental</Keyword>        </KeywordList>    </MedlineCitation>    <PubmedData>        <History>            <PubMedPubDate PubStatus="pubmed">                <Year>1957</Year>                <Month>11</Month>                <Day>1</Day>            </PubMedPubDate>            <PubMedPubDate PubStatus="medline">                <Year>1957</Year>                <Month>11</Month>                <Day>1</Day>                <Hour>0</Hour>                <Minute>1</Minute>            </PubMedPubDate>            <PubMedPubDate PubStatus="entrez">                <Year>1957</Year>                <Month>11</Month>                <Day>1</Day>                <Hour>0</Hour>                <Minute>0</Minute>            </PubMedPubDate>        </History>        <PublicationStatus>ppublish</PublicationStatus>        <ArticleIdList>            <ArticleId IdType="pubmed">13486035</ArticleId>        </ArticleIdList>    </PubmedData></PubmedArticle><PubmedArticle>    <MedlineCitation Owner="NLM" Status="MEDLINE">        <PMID Version="1">13467247</PMID>        <DateCreated>            <Year>1958</Year>            <Month>12</Month>            <Day>01</Day>        </DateCreated>        <DateCompleted>            <Year>2000</Year>            <Month>07</Month>            <Day>01</Day>        </DateCompleted>        <DateRevised>            <Year>2014</Year>            <Month>08</Month>            <Day>12</Day>        </DateRevised>        <Article PubModel="Print">            <Journal>                <ISSN IssnType="Print">0036-8075</ISSN>                <JournalIssue CitedMedium="Print">                    <Volume>126</Volume>                    <Issue>3273</Issue>                    <PubDate>                        <Year>1957</Year>                        <Month>Sep</Month>                        <Day>20</Day>                    </PubDate>                </JournalIssue>                <Title>Science (New York, N.Y.)</Title>                <ISOAbbreviation>Science</ISOAbbreviation>            </Journal>            <ArticleTitle>Hereditary ovarian tumors in Drosophila melanogaster.</ArticleTitle>            <Pagination>                <MedlinePgn>562</MedlinePgn>            </Pagination>            <AuthorList CompleteYN="Y">                <Author ValidYN="Y">                    <LastName>KING</LastName>                    <ForeName>R C</ForeName>                    <Initials>RC</Initials>                </Author>                <Author ValidYN="Y">                    <LastName>BURNETT</LastName>                    <ForeName>R G</ForeName>                    <Initials>RG</Initials>                </Author>            </AuthorList>            <Language>eng</Language>            <PublicationTypeList>                <PublicationType UI="D016428">Journal Article</PublicationType>            </PublicationTypeList>        </Article>        <MedlineJournalInfo>            <Country>Not Available</Country>            <MedlineTA>Science</MedlineTA>            <NlmUniqueID>0404511</NlmUniqueID>            <ISSNLinking>0036-8075</ISSNLinking>        </MedlineJournalInfo>        <CitationSubset>OM</CitationSubset>        <MeshHeadingList>            <MeshHeading>                <DescriptorName MajorTopicYN="Y" UI="D005823">Genetics</DescriptorName>            </MeshHeading>            <MeshHeading>                <DescriptorName MajorTopicYN="Y" UI="D009369">Neoplasms</DescriptorName>            </MeshHeading>            <MeshHeading>                <DescriptorName MajorTopicYN="Y" UI="D010053">Ovary</DescriptorName>            </MeshHeading>        </MeshHeadingList>        <OtherID Source="CLML">5833:9917:212:368</OtherID>        <KeywordList Owner="NLM">            <Keyword MajorTopicYN="Y">GENETICS</Keyword>            <Keyword MajorTopicYN="Y">OVARIES/neoplasms</Keyword>        </KeywordList>    </MedlineCitation>    <PubmedData>        <History>            <PubMedPubDate PubStatus="pubmed">                <Year>1957</Year>                <Month>9</Month>                <Day>20</Day>            </PubMedPubDate>            <PubMedPubDate PubStatus="medline">                <Year>1957</Year>                <Month>9</Month>                <Day>20</Day>                <Hour>0</Hour>                <Minute>1</Minute>            </PubMedPubDate>            <PubMedPubDate PubStatus="entrez">                <Year>1957</Year>                <Month>9</Month>                <Day>20</Day>                <Hour>0</Hour>                <Minute>0</Minute>            </PubMedPubDate>        </History>        <PublicationStatus>ppublish</PublicationStatus>        <ArticleIdList>            <ArticleId IdType="pubmed">13467247</ArticleId>        </ArticleIdList>    </PubmedData></PubmedArticle><PubmedArticle>    <MedlineCitation Owner="NLM" Status="MEDLINE">        <PMID Version="1">13467228</PMID>        <DateCreated>            <Year>1958</Year>            <Month>12</Month>            <Day>01</Day>        </DateCreated>        <DateCompleted>            <Year>2000</Year>            <Month>07</Month>            <Day>01</Day>        </DateCompleted>        <DateRevised>            <Year>2014</Year>            <Month>08</Month>            <Day>12</Day>        </DateRevised>        <Article PubModel="Print">            <Journal>                <ISSN IssnType="Print">0036-8075</ISSN>                <JournalIssue CitedMedium="Print">                    <Volume>126</Volume>                    <Issue>3271</Issue>                    <PubDate>                        <Year>1957</Year>                        <Month>Sep</Month>                        <Day>6</Day>                    </PubDate>                </JournalIssue>                <Title>Science (New York, N.Y.)</Title>                <ISOAbbreviation>Science</ISOAbbreviation>            </Journal>            <ArticleTitle>Blood groups in pituitary adenoma; suspected correlation reexamined.</ArticleTitle>            <Pagination>                <MedlinePgn>452-3</MedlinePgn>            </Pagination>            <AuthorList CompleteYN="Y">                <Author ValidYN="Y">                    <LastName>DAMON</LastName>                    <ForeName>A</ForeName>                    <Initials>A</Initials>                </Author>            </AuthorList>            <Language>eng</Language>            <PublicationTypeList>                <PublicationType UI="D016428">Journal Article</PublicationType>            </PublicationTypeList>        </Article>        <MedlineJournalInfo>            <Country>Not Available</Country>            <MedlineTA>Science</MedlineTA>            <NlmUniqueID>0404511</NlmUniqueID>            <ISSNLinking>0036-8075</ISSNLinking>        </MedlineJournalInfo>        <ChemicalList>            <Chemical>                <RegistryNumber>0</RegistryNumber>                <NameOfSubstance UI="D001789">Blood Group Antigens</NameOfSubstance>            </Chemical>        </ChemicalList>        <CitationSubset>OM</CitationSubset>        <MeshHeadingList>            <MeshHeading>                <DescriptorName MajorTopicYN="Y" UI="D001789">Blood Group Antigens</DescriptorName>            </MeshHeading>            <MeshHeading>                <DescriptorName MajorTopicYN="Y" UI="D009369">Neoplasms</DescriptorName>            </MeshHeading>            <MeshHeading>                <DescriptorName MajorTopicYN="Y" UI="D010902">Pituitary Gland</DescriptorName>            </MeshHeading>        </MeshHeadingList>        <OtherID Source="CLML">5833:9898:77:396</OtherID>        <KeywordList Owner="NLM">            <Keyword MajorTopicYN="Y">BLOOD GROUPS</Keyword>            <Keyword MajorTopicYN="Y">PITUITARY GLAND/neoplasms</Keyword>        </KeywordList>    </MedlineCitation>    <PubmedData>        <History>            <PubMedPubDate PubStatus="pubmed">                <Year>1957</Year>                <Month>9</Month>                <Day>6</Day>            </PubMedPubDate>            <PubMedPubDate PubStatus="medline">                <Year>1957</Year>                <Month>9</Month>                <Day>6</Day>                <Hour>0</Hour>                <Minute>1</Minute>            </PubMedPubDate>            <PubMedPubDate PubStatus="entrez">                <Year>1957</Year>                <Month>9</Month>                <Day>6</Day>                <Hour>0</Hour>                <Minute>0</Minute>            </PubMedPubDate>        </History>        <PublicationStatus>ppublish</PublicationStatus>        <ArticleIdList>            <ArticleId IdType="pubmed">13467228</ArticleId>        </ArticleIdList>    </PubmedData></PubmedArticle><PubmedArticle>    <MedlineCitation Owner="NLM" Status="OLDMEDLINE">        <PMID Version="1">13454808</PMID>        <DateCreated>            <Year>1957</Year>            <Month>12</Month>            <Day>01</Day>        </DateCreated>        <DateCompleted>            <Year>2002</Year>            <Month>05</Month>            <Day>01</Day>        </DateCompleted>        <DateRevised>            <Year>2008</Year>            <Month>06</Month>            <Day>03</Day>        </DateRevised>        <Article PubModel="Print">            <Journal>                <ISSN IssnType="Print">0036-8075</ISSN>                <JournalIssue CitedMedium="Print">                    <Volume>126</Volume>                    <Issue>3267</Issue>                    <PubDate>                        <Year>1957</Year>                        <Month>Aug</Month>                        <Day>9</Day>                    </PubDate>                </JournalIssue>                <Title>Science (New York, N.Y.)</Title>                <ISOAbbreviation>Science</ISOAbbreviation>            </Journal>            <ArticleTitle>Prevention of toxicity of amethopterin for sarcoma-180 cells in tissue culture.</ArticleTitle>            <Pagination>                <MedlinePgn>255</MedlinePgn>            </Pagination>            <AuthorList CompleteYN="Y">                <Author ValidYN="Y">                    <LastName>HAKALA</LastName>                    <ForeName>M T</ForeName>                    <Initials>MT</Initials>                </Author>            </AuthorList>            <Language>eng</Language>            <PublicationTypeList>                <PublicationType UI="D016428">Journal Article</PublicationType>            </PublicationTypeList>        </Article>        <MedlineJournalInfo>            <Country>Not Available</Country>            <MedlineTA>Science</MedlineTA>            <NlmUniqueID>0404511</NlmUniqueID>            <ISSNLinking>0036-8075</ISSNLinking>        </MedlineJournalInfo>        <CitationSubset>OM</CitationSubset>        <MeshHeadingList>            <MeshHeading>                <DescriptorName MajorTopicYN="Y" UI="D012513">Sarcoma, Experimental</DescriptorName>            </MeshHeading>        </MeshHeadingList>        <OtherID Source="CLML">5732:53146</OtherID>        <KeywordList Owner="NLM">            <Keyword MajorTopicYN="Y">FOLIC ACID ANTAGONISTS/effects</Keyword>            <Keyword MajorTopicYN="Y">SARCOMA/experimental</Keyword>        </KeywordList>    </MedlineCitation>    <PubmedData>        <History>            <PubMedPubDate PubStatus="pubmed">                <Year>1957</Year>                <Month>8</Month>                <Day>9</Day>            </PubMedPubDate>            <PubMedPubDate PubStatus="medline">                <Year>1957</Year>                <Month>8</Month>                <Day>9</Day>                <Hour>0</Hour>                <Minute>1</Minute>            </PubMedPubDate>            <PubMedPubDate PubStatus="entrez">                <Year>1957</Year>                <Month>8</Month>                <Day>9</Day>                <Hour>0</Hour>                <Minute>0</Minute>            </PubMedPubDate>        </History>        <PublicationStatus>ppublish</PublicationStatus>        <ArticleIdList>            <ArticleId IdType="pubmed">13454808</ArticleId>        </ArticleIdList>    </PubmedData></PubmedArticle><PubmedArticle>    <MedlineCitation Owner="NLM" Status="OLDMEDLINE">        <PMID Version="1">13454807</PMID>        <DateCreated>            <Year>1957</Year>            <Month>12</Month>            <Day>01</Day>        </DateCreated>        <DateCompleted>            <Year>2002</Year>            <Month>05</Month>            <Day>01</Day>        </DateCompleted>        <DateRevised>            <Year>2007</Year>            <Month>03</Month>            <Day>19</Day>        </DateRevised>        <Article PubModel="Print">            <Journal>                <ISSN IssnType="Print">0036-8075</ISSN>                <JournalIssue CitedMedium="Print">                    <Volume>126</Volume>                    <Issue>3267</Issue>                    <PubDate>                        <Year>1957</Year>                        <Month>Aug</Month>                        <Day>9</Day>                    </PubDate>                </JournalIssue>                <Title>Science (New York, N.Y.)</Title>                <ISOAbbreviation>Science</ISOAbbreviation>            </Journal>            <ArticleTitle>Nature of fluorophore localizing in tetracycline-treated mouse tumor.</ArticleTitle>            <Pagination>                <MedlinePgn>253-5</MedlinePgn>            </Pagination>            <AuthorList CompleteYN="Y">                <Author ValidYN="Y">                    <LastName>LOO</LastName>                    <ForeName>T L</ForeName>                    <Initials>TL</Initials>                </Author>                <Author ValidYN="Y">                    <LastName>TITUS</LastName>                    <ForeName>E D</ForeName>                    <Initials>ED</Initials>                </Author>                <Author ValidYN="Y">                    <LastName>RALL</LastName>                    <ForeName>D P</ForeName>                    <Initials>DP</Initials>                </Author>            </AuthorList>            <Language>eng</Language>            <PublicationTypeList>                <PublicationType UI="D016428">Journal Article</PublicationType>            </PublicationTypeList>        </Article>        <MedlineJournalInfo>            <Country>Not Available</Country>            <MedlineTA>Science</MedlineTA>            <NlmUniqueID>0404511</NlmUniqueID>            <ISSNLinking>0036-8075</ISSNLinking>        </MedlineJournalInfo>        <CitationSubset>OM</CitationSubset>        <MeshHeadingList>            <MeshHeading>                <DescriptorName MajorTopicYN="Y" UI="D005453">Fluorescence</DescriptorName>            </MeshHeading>            <MeshHeading>                <DescriptorName MajorTopicYN="N" UI="D009369">Neoplasms</DescriptorName>                <QualifierName MajorTopicYN="Y" UI="Q000175">diagnosis</QualifierName>            </MeshHeading>        </MeshHeadingList>        <OtherID Source="CLML">5732:53145</OtherID>        <KeywordList Owner="NLM">            <Keyword MajorTopicYN="Y">FLUORESCENCE</Keyword>            <Keyword MajorTopicYN="Y">NEOPLASMS/diagnosis</Keyword>            <Keyword MajorTopicYN="Y">TETRACYCLINE/effects</Keyword>        </KeywordList>    </MedlineCitation>    <PubmedData>        <History>            <PubMedPubDate PubStatus="pubmed">                <Year>1957</Year>                <Month>8</Month>                <Day>9</Day>            </PubMedPubDate>            <PubMedPubDate PubStatus="medline">                <Year>1957</Year>                <Month>8</Month>                <Day>9</Day>                <Hour>0</Hour>                <Minute>1</Minute>            </PubMedPubDate>            <PubMedPubDate PubStatus="entrez">                <Year>1957</Year>                <Month>8</Month>                <Day>9</Day>                <Hour>0</Hour>                <Minute>0</Minute>            </PubMedPubDate>        </History>        <PublicationStatus>ppublish</PublicationStatus>        <ArticleIdList>            <ArticleId IdType="pubmed">13454807</ArticleId>        </ArticleIdList>    </PubmedData></PubmedArticle><PubmedArticle>    <MedlineCitation Owner="NLM" Status="MEDLINE">        <PMID Version="1">13432793</PMID>        <DateCreated>            <Year>1957</Year>            <Month>12</Month>            <Day>01</Day>        </DateCreated>        <DateCompleted>            <Year>2002</Year>            <Month>05</Month>            <Day>01</Day>        </DateCompleted>        <DateRevised>            <Year>2007</Year>            <Month>03</Month>            <Day>19</Day>        </DateRevised>        <Article PubModel="Print">            <Journal>                <ISSN IssnType="Print">0036-8075</ISSN>                <JournalIssue CitedMedium="Print">                    <Volume>125</Volume>                    <Issue>3260</Issue>                    <PubDate>                        <Year>1957</Year>                        <Month>Jun</Month>                        <Day>21</Day>                    </PubDate>                </JournalIssue>                <Title>Science (New York, N.Y.)</Title>                <ISOAbbreviation>Science</ISOAbbreviation>            </Journal>            <ArticleTitle>Liver catalase and tumor inhibition by urinary extracts.</ArticleTitle>            <Pagination>                <MedlinePgn>1246-8</MedlinePgn>            </Pagination>            <AuthorList CompleteYN="Y">                <Author ValidYN="Y">                    <LastName>BROWN</LastName>                    <ForeName>C B</ForeName>                    <Initials>CB</Initials>                </Author>                <Author ValidYN="Y">                    <LastName>WALTERS</LastName>                    <ForeName>C L</ForeName>                    <Initials>CL</Initials>                </Author>            </AuthorList>            <Language>eng</Language>            <PublicationTypeList>                <PublicationType UI="D016428">Journal Article</PublicationType>            </PublicationTypeList>        </Article>        <MedlineJournalInfo>            <Country>Not Available</Country>            <MedlineTA>Science</MedlineTA>            <NlmUniqueID>0404511</NlmUniqueID>            <ISSNLinking>0036-8075</ISSNLinking>        </MedlineJournalInfo>        <ChemicalList>            <Chemical>                <RegistryNumber>EC 1.11.1.6</RegistryNumber>                <NameOfSubstance UI="D002374">Catalase</NameOfSubstance>            </Chemical>        </ChemicalList>        <CitationSubset>OM</CitationSubset>        <MeshHeadingList>            <MeshHeading>                <DescriptorName MajorTopicYN="Y" UI="D002374">Catalase</DescriptorName>            </MeshHeading>            <MeshHeading>                <DescriptorName MajorTopicYN="N" UI="D008099">Liver</DescriptorName>                <QualifierName MajorTopicYN="Y" UI="Q000378">metabolism</QualifierName>            </MeshHeading>            <MeshHeading>                <DescriptorName MajorTopicYN="N" UI="D009369">Neoplasms</DescriptorName>                <QualifierName MajorTopicYN="Y" UI="Q000378">metabolism</QualifierName>            </MeshHeading>            <MeshHeading>                <DescriptorName MajorTopicYN="Y" UI="D014556">Urine</DescriptorName>            </MeshHeading>        </MeshHeadingList>        <OtherID Source="CLML">5732:30997</OtherID>        <KeywordList Owner="NLM">            <Keyword MajorTopicYN="Y">CATALASE</Keyword>            <Keyword MajorTopicYN="Y">LIVER/metabolism</Keyword>            <Keyword MajorTopicYN="Y">NEOPLASMS/metabolism</Keyword>            <Keyword MajorTopicYN="Y">URINE</Keyword>        </KeywordList>    </MedlineCitation>    <PubmedData>        <History>            <PubMedPubDate PubStatus="pubmed">                <Year>1957</Year>                <Month>6</Month>                <Day>21</Day>            </PubMedPubDate>            <PubMedPubDate PubStatus="medline">                <Year>1957</Year>                <Month>6</Month>                <Day>21</Day>                <Hour>0</Hour>                <Minute>1</Minute>            </PubMedPubDate>            <PubMedPubDate PubStatus="entrez">                <Year>1957</Year>                <Month>6</Month>                <Day>21</Day>                <Hour>0</Hour>                <Minute>0</Minute>            </PubMedPubDate>        </History>        <PublicationStatus>ppublish</PublicationStatus>        <ArticleIdList>            <ArticleId IdType="pubmed">13432793</ArticleId>        </ArticleIdList>    </PubmedData></PubmedArticle><PubmedArticle>    <MedlineCitation Owner="NLM" Status="MEDLINE">        <PMID Version="1">13421665</PMID>        <DateCreated>            <Year>1957</Year>            <Month>12</Month>            <Day>01</Day>        </DateCreated>        <DateCompleted>            <Year>2002</Year>            <Month>05</Month>            <Day>01</Day>        </DateCompleted>        <DateRevised>            <Year>2008</Year>            <Month>06</Month>            <Day>03</Day>        </DateRevised>        <Article PubModel="Print">            <Journal>                <ISSN IssnType="Print">0036-8075</ISSN>                <JournalIssue CitedMedium="Print">                    <Volume>125</Volume>                    <Issue>3250</Issue>                    <PubDate>                        <Year>1957</Year>                        <Month>Apr</Month>                        <Day>12</Day>                    </PubDate>                </JournalIssue>                <Title>Science (New York, N.Y.)</Title>                <ISOAbbreviation>Science</ISOAbbreviation>            </Journal>            <ArticleTitle>Nonviral tumors produced in turkeys by Rous sarcoma virus.</ArticleTitle>            <Pagination>                <MedlinePgn>694-5</MedlinePgn>            </Pagination>            <AuthorList CompleteYN="Y">                <Author ValidYN="Y">                    <LastName>GROUPE</LastName>                    <ForeName>V</ForeName>                    <Initials>V</Initials>                </Author>                <Author ValidYN="Y">                    <LastName>RAUSCHER</LastName>                    <ForeName>F J</ForeName>                    <Initials>FJ</Initials>                </Author>            </AuthorList>            <Language>eng</Language>            <PublicationTypeList>                <PublicationType UI="D016428">Journal Article</PublicationType>            </PublicationTypeList>        </Article>        <MedlineJournalInfo>            <Country>Not Available</Country>            <MedlineTA>Science</MedlineTA>            <NlmUniqueID>0404511</NlmUniqueID>            <ISSNLinking>0036-8075</ISSNLinking>        </MedlineJournalInfo>        <CitationSubset>OM</CitationSubset>        <MeshHeadingList>            <MeshHeading>                <DescriptorName MajorTopicYN="Y" UI="D009374">Neoplasms, Experimental</DescriptorName>            </MeshHeading>            <MeshHeading>                <DescriptorName MajorTopicYN="Y" UI="D012513">Sarcoma, Experimental</DescriptorName>            </MeshHeading>        </MeshHeadingList>        <OtherID Source="CLML">5732:19649</OtherID>        <KeywordList Owner="NLM">            <Keyword MajorTopicYN="Y">NEOPLASMS/experimental</Keyword>            <Keyword MajorTopicYN="Y">SARCOMA/experimental</Keyword>        </KeywordList>    </MedlineCitation>    <PubmedData>        <History>            <PubMedPubDate PubStatus="pubmed">                <Year>1957</Year>                <Month>4</Month>                <Day>12</Day>            </PubMedPubDate>            <PubMedPubDate PubStatus="medline">                <Year>1957</Year>                <Month>4</Month>                <Day>12</Day>                <Hour>0</Hour>                <Minute>1</Minute>            </PubMedPubDate>            <PubMedPubDate PubStatus="entrez">                <Year>1957</Year>                <Month>4</Month>                <Day>12</Day>                <Hour>0</Hour>                <Minute>0</Minute>            </PubMedPubDate>        </History>        <PublicationStatus>ppublish</PublicationStatus>        <ArticleIdList>            <ArticleId IdType="pubmed">13421665</ArticleId>        </ArticleIdList>    </PubmedData></PubmedArticle><PubmedArticle>    <MedlineCitation Owner="NLM" Status="OLDMEDLINE">        <PMID Version="1">13409013</PMID>        <DateCreated>            <Year>1957</Year>            <Month>12</Month>            <Day>01</Day>        </DateCreated>        <DateCompleted>            <Year>2002</Year>            <Month>05</Month>            <Day>01</Day>        </DateCompleted>        <DateRevised>            <Year>2007</Year>            <Month>03</Month>            <Day>19</Day>        </DateRevised>        <Article PubModel="Print">            <Journal>                <ISSN IssnType="Print">0036-8075</ISSN>                <JournalIssue CitedMedium="Print">                    <Volume>125</Volume>                    <Issue>3248</Issue>                    <PubDate>                        <Year>1957</Year>                        <Month>Mar</Month>                        <Day>29</Day>                    </PubDate>                </JournalIssue>                <Title>Science (New York, N.Y.)</Title>                <ISOAbbreviation>Science</ISOAbbreviation>            </Journal>            <ArticleTitle>Biological equilibrium and the origin of cancer.</ArticleTitle>            <Pagination>                <MedlinePgn>595-6</MedlinePgn>            </Pagination>            <AuthorList CompleteYN="Y">                <Author ValidYN="Y">                    <LastName>STRONG</LastName>                    <ForeName>L C</ForeName>                    <Initials>LC</Initials>                </Author>            </AuthorList>            <Language>eng</Language>            <PublicationTypeList>                <PublicationType UI="D016428">Journal Article</PublicationType>            </PublicationTypeList>        </Article>        <MedlineJournalInfo>            <Country>Not Available</Country>            <MedlineTA>Science</MedlineTA>            <NlmUniqueID>0404511</NlmUniqueID>            <ISSNLinking>0036-8075</ISSNLinking>        </MedlineJournalInfo>        <CitationSubset>OM</CitationSubset>        <OtherID Source="CLML">5732:6866</OtherID>        <KeywordList Owner="NLM">            <Keyword MajorTopicYN="Y">NEOPLASMS/etiology and pathogenesis</Keyword>        </KeywordList>    </MedlineCitation>    <PubmedData>        <History>            <PubMedPubDate PubStatus="pubmed">                <Year>1957</Year>                <Month>3</Month>                <Day>29</Day>            </PubMedPubDate>            <PubMedPubDate PubStatus="medline">                <Year>1957</Year>                <Month>3</Month>                <Day>29</Day>                <Hour>0</Hour>                <Minute>1</Minute>            </PubMedPubDate>            <PubMedPubDate PubStatus="entrez">                <Year>1957</Year>                <Month>3</Month>                <Day>29</Day>                <Hour>0</Hour>                <Minute>0</Minute>            </PubMedPubDate>        </History>        <PublicationStatus>ppublish</PublicationStatus>        <ArticleIdList>            <ArticleId IdType="pubmed">13409013</ArticleId>        </ArticleIdList>    </PubmedData></PubmedArticle><PubmedArticle>    <MedlineCitation Owner="NLM" Status="OLDMEDLINE">        <PMID Version="1">13409004</PMID>        <DateCreated>            <Year>1957</Year>            <Month>12</Month>            <Day>01</Day>        </DateCreated>        <DateCompleted>            <Year>2002</Year>            <Month>05</Month>            <Day>01</Day>        </DateCompleted>        <DateRevised>            <Year>2012</Year>            <Month>04</Month>            <Day>16</Day>        </DateRevised>        <Article PubModel="Print">            <Journal>                <ISSN IssnType="Print">0036-8075</ISSN>                <JournalIssue CitedMedium="Print">                    <Volume>125</Volume>                    <Issue>3247</Issue>                    <PubDate>                        <Year>1957</Year>                        <Month>Mar</Month>                        <Day>22</Day>                    </PubDate>                </JournalIssue>                <Title>Science (New York, N.Y.)</Title>                <ISOAbbreviation>Science</ISOAbbreviation>            </Journal>            <ArticleTitle>Ribosidation as a means of activating 6-azauracil as an inhibitor of cell reproduction.</ArticleTitle>            <Pagination>                <MedlinePgn>548-9</MedlinePgn>            </Pagination>            <AuthorList CompleteYN="Y">                <Author ValidYN="Y">                    <LastName>SCHINDLER</LastName>                    <ForeName>R</ForeName>                    <Initials>R</Initials>                </Author>                <Author ValidYN="Y">                    <LastName>WELCH</LastName>                    <ForeName>A D</ForeName>                    <Initials>AD</Initials>                </Author>            </AuthorList>            <Language>eng</Language>            <PublicationTypeList>                <PublicationType UI="D016428">Journal Article</PublicationType>            </PublicationTypeList>        </Article>        <MedlineJournalInfo>            <Country>Not Available</Country>            <MedlineTA>Science</MedlineTA>            <NlmUniqueID>0404511</NlmUniqueID>            <ISSNLinking>0036-8075</ISSNLinking>        </MedlineJournalInfo>        <CitationSubset>OM</CitationSubset>        <MeshHeadingList>            <MeshHeading>                <DescriptorName MajorTopicYN="Y" UI="D012513">Sarcoma, Experimental</DescriptorName>            </MeshHeading>            <MeshHeading>                <DescriptorName MajorTopicYN="N" UI="D046509">Tissue Culture Techniques</DescriptorName>                <QualifierName MajorTopicYN="Y" UI="Q000187">drug effects</QualifierName>            </MeshHeading>        </MeshHeadingList>        <OtherID Source="CLML">5732:6857</OtherID>        <KeywordList Owner="NLM">            <Keyword MajorTopicYN="Y">NUCLEOTIDES/effects</Keyword>            <Keyword MajorTopicYN="Y">SARCOMA/experimental</Keyword>            <Keyword MajorTopicYN="Y">TISSUE CULTURE/effect of drugs on</Keyword>        </KeywordList>    </MedlineCitation>    <PubmedData>        <History>            <PubMedPubDate PubStatus="pubmed">                <Year>1957</Year>                <Month>3</Month>                <Day>22</Day>            </PubMedPubDate>            <PubMedPubDate PubStatus="medline">                <Year>1957</Year>                <Month>3</Month>                <Day>22</Day>                <Hour>0</Hour>                <Minute>1</Minute>            </PubMedPubDate>            <PubMedPubDate PubStatus="entrez">                <Year>1957</Year>                <Month>3</Month>                <Day>22</Day>                <Hour>0</Hour>                <Minute>0</Minute>            </PubMedPubDate>        </History>        <PublicationStatus>ppublish</PublicationStatus>        <ArticleIdList>            <ArticleId IdType="pubmed">13409004</ArticleId>        </ArticleIdList>    </PubmedData></PubmedArticle><PubmedArticle>    <MedlineCitation Owner="NLM" Status="OLDMEDLINE">        <PMID Version="1">13408996</PMID>        <DateCreated>            <Year>1957</Year>            <Month>12</Month>            <Day>01</Day>        </DateCreated>        <DateCompleted>            <Year>2002</Year>            <Month>05</Month>            <Day>01</Day>        </DateCompleted>        <DateRevised>            <Year>2007</Year>            <Month>03</Month>            <Day>19</Day>        </DateRevised>        <Article PubModel="Print">            <Journal>                <ISSN IssnType="Print">0036-8075</ISSN>                <JournalIssue CitedMedium="Print">                    <Volume>125</Volume>                    <Issue>3246</Issue>                    <PubDate>                        <Year>1957</Year>                        <Month>Mar</Month>                        <Day>15</Day>                    </PubDate>                </JournalIssue>                <Title>Science (New York, N.Y.)</Title>                <ISOAbbreviation>Science</ISOAbbreviation>            </Journal>            <ArticleTitle>Glycolysis by tumor mitochondria and the action of insulin.</ArticleTitle>            <Pagination>                <MedlinePgn>496-8</MedlinePgn>            </Pagination>            <AuthorList CompleteYN="Y">                <Author ValidYN="Y">                    <LastName>HOCHSTEIN</LastName>                    <ForeName>P</ForeName>                    <Initials>P</Initials>                </Author>            </AuthorList>            <Language>eng</Language>            <PublicationTypeList>                <PublicationType UI="D016428">Journal Article</PublicationType>            </PublicationTypeList>        </Article>        <MedlineJournalInfo>            <Country>Not Available</Country>            <MedlineTA>Science</MedlineTA>            <NlmUniqueID>0404511</NlmUniqueID>            <ISSNLinking>0036-8075</ISSNLinking>        </MedlineJournalInfo>        <CitationSubset>OM</CitationSubset>        <MeshHeadingList>            <MeshHeading>                <DescriptorName MajorTopicYN="Y" UI="D050260">Carbohydrate Metabolism</DescriptorName>            </MeshHeading>            <MeshHeading>                <DescriptorName MajorTopicYN="Y" UI="D008928">Mitochondria</DescriptorName>            </MeshHeading>            <MeshHeading>                <DescriptorName MajorTopicYN="N" UI="D009369">Neoplasms</DescriptorName>                <QualifierName MajorTopicYN="Y" UI="Q000378">metabolism</QualifierName>            </MeshHeading>        </MeshHeadingList>        <OtherID Source="CLML">5732:6849</OtherID>        <KeywordList Owner="NLM">            <Keyword MajorTopicYN="Y">CARBOHYDRATES/metabolism</Keyword>            <Keyword MajorTopicYN="Y">INSULIN/effects</Keyword>            <Keyword MajorTopicYN="Y">MITOCHONDRIA</Keyword>            <Keyword MajorTopicYN="Y">NEOPLASMS/metabolism</Keyword>        </KeywordList>    </MedlineCitation>    <PubmedData>        <History>            <PubMedPubDate PubStatus="pubmed">                <Year>1957</Year>                <Month>3</Month>                <Day>15</Day>            </PubMedPubDate>            <PubMedPubDate PubStatus="medline">                <Year>1957</Year>                <Month>3</Month>                <Day>15</Day>                <Hour>0</Hour>                <Minute>1</Minute>            </PubMedPubDate>            <PubMedPubDate PubStatus="entrez">                <Year>1957</Year>                <Month>3</Month>                <Day>15</Day>                <Hour>0</Hour>                <Minute>0</Minute>            </PubMedPubDate>        </History>        <PublicationStatus>ppublish</PublicationStatus>        <ArticleIdList>            <ArticleId IdType="pubmed">13408996</ArticleId>        </ArticleIdList>    </PubmedData></PubmedArticle><PubmedArticle>    <MedlineCitation Owner="NLM" Status="MEDLINE">        <PMID Version="1">13408978</PMID>        <DateCreated>            <Year>1957</Year>            <Month>12</Month>            <Day>01</Day>        </DateCreated>        <DateCompleted>            <Year>2002</Year>            <Month>05</Month>            <Day>01</Day>        </DateCompleted>        <DateRevised>            <Year>2013</Year>            <Month>11</Month>            <Day>21</Day>        </DateRevised>        <Article PubModel="Print">            <Journal>                <ISSN IssnType="Print">0036-8075</ISSN>                <JournalIssue CitedMedium="Print">                    <Volume>125</Volume>                    <Issue>3244</Issue>                    <PubDate>                        <Year>1957</Year>                        <Month>Mar</Month>                        <Day>1</Day>                    </PubDate>                </JournalIssue>                <Title>Science (New York, N.Y.)</Title>                <ISOAbbreviation>Science</ISOAbbreviation>            </Journal>            <ArticleTitle>Blocked kynurenine pathway of trytophan metabolism in hepatoma.</ArticleTitle>            <Pagination>                <MedlinePgn>394-5</MedlinePgn>            </Pagination>            <AuthorList CompleteYN="Y">                <Author ValidYN="Y">                    <LastName>CLAUDATUS</LastName>                    <ForeName>J</ForeName>                    <Initials>J</Initials>                </Author>                <Author ValidYN="Y">                    <LastName>GINORI</LastName>                    <ForeName>S</ForeName>                    <Initials>S</Initials>                </Author>            </AuthorList>            <Language>eng</Language>            <PublicationTypeList>                <PublicationType UI="D016428">Journal Article</PublicationType>            </PublicationTypeList>        </Article>        <MedlineJournalInfo>            <Country>Not Available</Country>            <MedlineTA>Science</MedlineTA>            <NlmUniqueID>0404511</NlmUniqueID>            <ISSNLinking>0036-8075</ISSNLinking>        </MedlineJournalInfo>        <ChemicalList>            <Chemical>                <RegistryNumber>343-65-7</RegistryNumber>                <NameOfSubstance UI="D007737">Kynurenine</NameOfSubstance>            </Chemical>            <Chemical>                <RegistryNumber>8DUH1N11BX</RegistryNumber>                <NameOfSubstance UI="D014364">Tryptophan</NameOfSubstance>            </Chemical>        </ChemicalList>        <CitationSubset>OM</CitationSubset>        <MeshHeadingList>            <MeshHeading>                <DescriptorName MajorTopicYN="N" UI="D007737">Kynurenine</DescriptorName>                <QualifierName MajorTopicYN="Y" UI="Q000378">metabolism</QualifierName>            </MeshHeading>            <MeshHeading>                <DescriptorName MajorTopicYN="Y" UI="D008114">Liver Neoplasms, Experimental</DescriptorName>            </MeshHeading>            <MeshHeading>                <DescriptorName MajorTopicYN="N" UI="D014364">Tryptophan</DescriptorName>                <QualifierName MajorTopicYN="Y" UI="Q000378">metabolism</QualifierName>            </MeshHeading>        </MeshHeadingList>        <OtherID Source="CLML">5732:6831</OtherID>        <KeywordList Owner="NLM">            <Keyword MajorTopicYN="Y">HEPATOMA/experimental</Keyword>            <Keyword MajorTopicYN="Y">KYNURENINE/metabolism</Keyword>            <Keyword MajorTopicYN="Y">TRYPTOPHAN/metabolism</Keyword>        </KeywordList>    </MedlineCitation>    <PubmedData>        <History>            <PubMedPubDate PubStatus="pubmed">                <Year>1957</Year>                <Month>3</Month>                <Day>1</Day>            </PubMedPubDate>            <PubMedPubDate PubStatus="medline">                <Year>1957</Year>                <Month>3</Month>                <Day>1</Day>                <Hour>0</Hour>                <Minute>1</Minute>            </PubMedPubDate>            <PubMedPubDate PubStatus="entrez">                <Year>1957</Year>                <Month>3</Month>                <Day>1</Day>                <Hour>0</Hour>                <Minute>0</Minute>            </PubMedPubDate>        </History>        <PublicationStatus>ppublish</PublicationStatus>        <ArticleIdList>            <ArticleId IdType="pubmed">13408978</ArticleId>        </ArticleIdList>    </PubmedData></PubmedArticle><PubmedArticle>    <MedlineCitation Owner="NLM" Status="OLDMEDLINE">        <PMID Version="1">13401229</PMID>        <DateCreated>            <Year>1957</Year>            <Month>12</Month>            <Day>01</Day>        </DateCreated>        <DateCompleted>            <Year>2002</Year>            <Month>05</Month>            <Day>01</Day>        </DateCompleted>        <DateRevised>            <Year>2008</Year>            <Month>06</Month>            <Day>03</Day>        </DateRevised>        <Article PubModel="Print">            <Journal>                <ISSN IssnType="Print">0036-8075</ISSN>                <JournalIssue CitedMedium="Print">                    <Volume>125</Volume>                    <Issue>3241</Issue>                    <PubDate>                        <Year>1957</Year>                        <Month>Feb</Month>                        <Day>8</Day>                    </PubDate>                </JournalIssue>                <Title>Science (New York, N.Y.)</Title>                <ISOAbbreviation>Science</ISOAbbreviation>            </Journal>            <ArticleTitle>Effect of reserpine and chlorpromazine on sarcoma 37.</ArticleTitle>            <Pagination>                <MedlinePgn>233-4</MedlinePgn>            </Pagination>            <AuthorList CompleteYN="Y">                <Author ValidYN="Y">                    <LastName>BELKIN</LastName>                    <ForeName>M</ForeName>                    <Initials>M</Initials>                </Author>                <Author ValidYN="Y">                    <LastName>HARDY</LastName>                    <ForeName>W G</ForeName>                    <Initials>WG</Initials>                </Author>            </AuthorList>            <Language>eng</Language>            <PublicationTypeList>                <PublicationType UI="D016428">Journal Article</PublicationType>            </PublicationTypeList>        </Article>        <MedlineJournalInfo>            <Country>Not Available</Country>            <MedlineTA>Science</MedlineTA>            <NlmUniqueID>0404511</NlmUniqueID>            <ISSNLinking>0036-8075</ISSNLinking>        </MedlineJournalInfo>        <CitationSubset>OM</CitationSubset>        <MeshHeadingList>            <MeshHeading>                <DescriptorName MajorTopicYN="Y" UI="D009374">Neoplasms, Experimental</DescriptorName>            </MeshHeading>            <MeshHeading>                <DescriptorName MajorTopicYN="Y" UI="D012513">Sarcoma, Experimental</DescriptorName>            </MeshHeading>        </MeshHeadingList>        <OtherID Source="CLML">5731:47858</OtherID>        <KeywordList Owner="NLM">            <Keyword MajorTopicYN="Y">CHLORPROMAZINE/effects</Keyword>            <Keyword MajorTopicYN="Y">NEOPLASMS/experimental</Keyword>            <Keyword MajorTopicYN="Y">RESERPINE/effects</Keyword>            <Keyword MajorTopicYN="Y">SARCOMA/experimental</Keyword>        </KeywordList>    </MedlineCitation>    <PubmedData>        <History>            <PubMedPubDate PubStatus="pubmed">                <Year>1957</Year>                <Month>2</Month>                <Day>8</Day>            </PubMedPubDate>            <PubMedPubDate PubStatus="medline">                <Year>1957</Year>                <Month>2</Month>                <Day>8</Day>                <Hour>0</Hour>                <Minute>1</Minute>            </PubMedPubDate>            <PubMedPubDate PubStatus="entrez">                <Year>1957</Year>                <Month>2</Month>                <Day>8</Day>                <Hour>0</Hour>                <Minute>0</Minute>            </PubMedPubDate>        </History>        <PublicationStatus>ppublish</PublicationStatus>        <ArticleIdList>            <ArticleId IdType="pubmed">13401229</ArticleId>        </ArticleIdList>    </PubmedData></PubmedArticle><PubmedArticle>    <MedlineCitation Owner="NLM" Status="MEDLINE">        <PMID Version="1">13390981</PMID>        <DateCreated>            <Year>1957</Year>            <Month>12</Month>            <Day>01</Day>        </DateCreated>        <DateCompleted>            <Year>2002</Year>            <Month>05</Month>            <Day>01</Day>        </DateCompleted>        <DateRevised>            <Year>2008</Year>            <Month>06</Month>            <Day>03</Day>        </DateRevised>        <Article PubModel="Print">            <Journal>                <ISSN IssnType="Print">0036-8075</ISSN>                <JournalIssue CitedMedium="Print">                    <Volume>125</Volume>                    <Issue>3239</Issue>                    <PubDate>                        <Year>1957</Year>                        <Month>Jan</Month>                        <Day>25</Day>                    </PubDate>                </JournalIssue>                <Title>Science (New York, N.Y.)</Title>                <ISOAbbreviation>Science</ISOAbbreviation>            </Journal>            <ArticleTitle>Homotransplantation of human cell lines.</ArticleTitle>            <Pagination>                <MedlinePgn>158-60</MedlinePgn>            </Pagination>            <AuthorList CompleteYN="Y">                <Author ValidYN="Y">                    <LastName>MOORE</LastName>                    <ForeName>A E</ForeName>                    <Initials>AE</Initials>                </Author>                <Author ValidYN="Y">                    <LastName>RHOADS</LastName>                    <ForeName>C P</ForeName>                    <Initials>CP</Initials>                </Author>                <Author ValidYN="Y">                    <LastName>SOUTHAM</LastName>                    <ForeName>C M</ForeName>                    <Initials>CM</Initials>                </Author>            </AuthorList>            <Language>eng</Language>            <PublicationTypeList>                <PublicationType UI="D016428">Journal Article</PublicationType>            </PublicationTypeList>        </Article>        <MedlineJournalInfo>            <Country>Not Available</Country>            <MedlineTA>Science</MedlineTA>            <NlmUniqueID>0404511</NlmUniqueID>            <ISSNLinking>0036-8075</ISSNLinking>        </MedlineJournalInfo>        <CitationSubset>OM</CitationSubset>        <MeshHeadingList>            <MeshHeading>                <DescriptorName MajorTopicYN="Y" UI="D009374">Neoplasms, Experimental</DescriptorName>            </MeshHeading>        </MeshHeadingList>        <OtherID Source="CLML">5731:37522</OtherID>        <KeywordList Owner="NLM">            <Keyword MajorTopicYN="Y">NEOPLASMS/experimental</Keyword>        </KeywordList>    </MedlineCitation>    <PubmedData>        <History>            <PubMedPubDate PubStatus="pubmed">                <Year>1957</Year>                <Month>1</Month>                <Day>25</Day>            </PubMedPubDate>            <PubMedPubDate PubStatus="medline">                <Year>1957</Year>                <Month>1</Month>                <Day>25</Day>                <Hour>0</Hour>                <Minute>1</Minute>            </PubMedPubDate>            <PubMedPubDate PubStatus="entrez">                <Year>1957</Year>                <Month>1</Month>                <Day>25</Day>                <Hour>0</Hour>                <Minute>0</Minute>            </PubMedPubDate>        </History>        <PublicationStatus>ppublish</PublicationStatus>        <ArticleIdList>            <ArticleId IdType="pubmed">13390981</ArticleId>        </ArticleIdList>    </PubmedData></PubmedArticle><PubmedArticle>    <MedlineCitation Owner="NLM" Status="OLDMEDLINE">        <PMID Version="1">13390979</PMID>        <DateCreated>            <Year>1957</Year>            <Month>12</Month>            <Day>01</Day>        </DateCreated>        <DateCompleted>            <Year>2002</Year>            <Month>05</Month>            <Day>01</Day>        </DateCompleted>        <DateRevised>            <Year>2008</Year>            <Month>06</Month>            <Day>03</Day>        </DateRevised>        <Article PubModel="Print">            <Journal>                <ISSN IssnType="Print">0036-8075</ISSN>                <JournalIssue CitedMedium="Print">                    <Volume>125</Volume>                    <Issue>3239</Issue>                    <PubDate>                        <Year>1957</Year>                        <Month>Jan</Month>                        <Day>25</Day>                    </PubDate>                </JournalIssue>                <Title>Science (New York, N.Y.)</Title>                <ISOAbbreviation>Science</ISOAbbreviation>            </Journal>            <ArticleTitle>Antileukemic action of reserpine.</ArticleTitle>            <Pagination>                <MedlinePgn>156-7</MedlinePgn>            </Pagination>            <AuthorList CompleteYN="Y">                <Author ValidYN="Y">                    <LastName>BURTON</LastName>                    <ForeName>R M</ForeName>                    <Initials>RM</Initials>                </Author>                <Author ValidYN="Y">                    <LastName>GOLDIN</LastName>                    <ForeName>A</ForeName>                    <Initials>A</Initials>                </Author>                <Author ValidYN="Y">                    <LastName>HUMPHREYS</LastName>                    <ForeName>S R</ForeName>                    <Initials>SR</Initials>                </Author>                <Author ValidYN="Y">                    <LastName>VENDITTI</LastName>                    <ForeName>J M</ForeName>                    <Initials>JM</Initials>                </Author>            </AuthorList>            <Language>eng</Language>            <PublicationTypeList>                <PublicationType UI="D016428">Journal Article</PublicationType>            </PublicationTypeList>        </Article>        <MedlineJournalInfo>            <Country>Not Available</Country>            <MedlineTA>Science</MedlineTA>            <NlmUniqueID>0404511</NlmUniqueID>            <ISSNLinking>0036-8075</ISSNLinking>        </MedlineJournalInfo>        <CitationSubset>OM</CitationSubset>        <MeshHeadingList>            <MeshHeading>                <DescriptorName MajorTopicYN="Y" UI="D007942">Leukemia, Experimental</DescriptorName>            </MeshHeading>        </MeshHeadingList>        <OtherID Source="CLML">5731:37520</OtherID>        <KeywordList Owner="NLM">            <Keyword MajorTopicYN="Y">LEUKEMIA/experimental</Keyword>            <Keyword MajorTopicYN="Y">RESERPINE/effects</Keyword>        </KeywordList>    </MedlineCitation>    <PubmedData>        <History>            <PubMedPubDate PubStatus="pubmed">                <Year>1957</Year>                <Month>1</Month>                <Day>25</Day>            </PubMedPubDate>            <PubMedPubDate PubStatus="medline">                <Year>1957</Year>                <Month>1</Month>                <Day>25</Day>                <Hour>0</Hour>                <Minute>1</Minute>            </PubMedPubDate>            <PubMedPubDate PubStatus="entrez">                <Year>1957</Year>                <Month>1</Month>                <Day>25</Day>                <Hour>0</Hour>                <Minute>0</Minute>            </PubMedPubDate>        </History>        <PublicationStatus>ppublish</PublicationStatus>        <ArticleIdList>            <ArticleId IdType="pubmed">13390979</ArticleId>        </ArticleIdList>    </PubmedData></PubmedArticle><PubmedArticle>    <MedlineCitation Owner="NLM" Status="OLDMEDLINE">        <PMID Version="1">13390967</PMID>        <DateCreated>            <Year>1957</Year>            <Month>12</Month>            <Day>01</Day>        </DateCreated>        <DateCompleted>            <Year>2002</Year>            <Month>05</Month>            <Day>01</Day>        </DateCompleted>        <DateRevised>            <Year>2012</Year>            <Month>11</Month>            <Day>15</Day>        </DateRevised>        <Article PubModel="Print">            <Journal>                <ISSN IssnType="Print">0036-8075</ISSN>                <JournalIssue CitedMedium="Print">                    <Volume>125</Volume>                    <Issue>3237</Issue>                    <PubDate>                        <Year>1957</Year>                        <Month>Jan</Month>                        <Day>11</Day>                    </PubDate>                </JournalIssue>                <Title>Science (New York, N.Y.)</Title>                <ISOAbbreviation>Science</ISOAbbreviation>            </Journal>            <ArticleTitle>Route of elimination of anthracene and 9-methylanthracene involving protein binding.</ArticleTitle>            <Pagination>                <MedlinePgn>72-3</MedlinePgn>            </Pagination>            <AuthorList CompleteYN="Y">                <Author ValidYN="Y">                    <LastName>DARCHUN</LastName>                    <ForeName>V</ForeName>                    <Initials>V</Initials>                </Author>                <Author ValidYN="Y">                    <LastName>HADLER</LastName>                    <ForeName>H I</ForeName>                    <Initials>HI</Initials>                </Author>                <Author ValidYN="Y">                    <LastName>LEE</LastName>                    <ForeName>K</ForeName>                    <Initials>K</Initials>                </Author>            </AuthorList>            <Language>eng</Language>            <PublicationTypeList>                <PublicationType UI="D016428">Journal Article</PublicationType>            </PublicationTypeList>        </Article>        <MedlineJournalInfo>            <Country>Not Available</Country>            <MedlineTA>Science</MedlineTA>            <NlmUniqueID>0404511</NlmUniqueID>            <ISSNLinking>0036-8075</ISSNLinking>        </MedlineJournalInfo>        <ChemicalList>            <Chemical>                <RegistryNumber>0</RegistryNumber>                <NameOfSubstance UI="D000873">Anthracenes</NameOfSubstance>            </Chemical>            <Chemical>                <RegistryNumber>0</RegistryNumber>                <NameOfSubstance UI="D011506">Proteins</NameOfSubstance>            </Chemical>            <Chemical>                <RegistryNumber>EH46A1TLD7</RegistryNumber>                <NameOfSubstance UI="C034020">anthracene</NameOfSubstance>            </Chemical>        </ChemicalList>        <CitationSubset>OM</CitationSubset>        <MeshHeadingList>            <MeshHeading>                <DescriptorName MajorTopicYN="N" UI="D000873">Anthracenes</DescriptorName>            </MeshHeading>            <MeshHeading>                <DescriptorName MajorTopicYN="N" UI="D011506">Proteins</DescriptorName>                <QualifierName MajorTopicYN="Y" UI="Q000378">metabolism</QualifierName>            </MeshHeading>        </MeshHeadingList>        <OtherID Source="CLML">5731:37508</OtherID>        <KeywordList Owner="NLM">            <Keyword MajorTopicYN="Y">ANTHRACENE</Keyword>            <Keyword MajorTopicYN="Y">NEOPLASMS/etiology and pathogenesis</Keyword>            <Keyword MajorTopicYN="Y">PROTEINS/metabolism</Keyword>        </KeywordList>    </MedlineCitation>    <PubmedData>        <History>            <PubMedPubDate PubStatus="pubmed">                <Year>1957</Year>                <Month>1</Month>                <Day>11</Day>            </PubMedPubDate>            <PubMedPubDate PubStatus="medline">                <Year>1957</Year>                <Month>1</Month>                <Day>11</Day>                <Hour>0</Hour>                <Minute>1</Minute>            </PubMedPubDate>            <PubMedPubDate PubStatus="entrez">                <Year>1957</Year>                <Month>1</Month>                <Day>11</Day>                <Hour>0</Hour>                <Minute>0</Minute>            </PubMedPubDate>        </History>        <PublicationStatus>ppublish</PublicationStatus>        <ArticleIdList>            <ArticleId IdType="pubmed">13390967</ArticleId>        </ArticleIdList>    </PubmedData></PubmedArticle></PubmedArticleSet>