<?xml version="1.0"?><!DOCTYPE PubmedArticleSet PUBLIC "-//NLM//DTD PubMedArticle, 1st January 2015//EN" "http://www.ncbi.nlm.nih.gov/corehtml/query/DTD/pubmed_150101.dtd"><PubmedArticleSet><PubmedArticle>    <MedlineCitation Owner="NLM" Status="PubMed-not-MEDLINE">        <PMID Version="1">17836030</PMID>        <DateCreated>            <Year>2010</Year>            <Month>06</Month>            <Day>11</Day>        </DateCreated>        <DateCompleted>            <Year>2010</Year>            <Month>07</Month>            <Day>02</Day>        </DateCompleted>        <Article PubModel="Print">            <Journal>                <ISSN IssnType="Print">0036-8075</ISSN>                <JournalIssue CitedMedium="Print">                    <Volume>94</Volume>                    <Issue>2440</Issue>                    <PubDate>                        <Year>1941</Year>                        <Month>Oct</Month>                        <Day>3</Day>                    </PubDate>                </JournalIssue>                <Title>Science (New York, N.Y.)</Title>                <ISOAbbreviation>Science</ISOAbbreviation>            </Journal>            <ArticleTitle>FLUORESCENCE OF HARDERIAN GLANDS IN MICE OF CANCER-SUSCEPTIBLE AND CANCER-RESISTANT STRAINS.</ArticleTitle>            <Pagination>                <MedlinePgn>331</MedlinePgn>            </Pagination>            <AuthorList CompleteYN="Y">                <Author ValidYN="Y">                    <LastName>Strong</LastName>                    <ForeName>L C</ForeName>                    <Initials>LC</Initials>                </Author>                <Author ValidYN="Y">                    <LastName>Figge</LastName>                    <ForeName>F H</ForeName>                    <Initials>FH</Initials>                </Author>            </AuthorList>            <Language>eng</Language>            <PublicationTypeList>                <PublicationType UI="D016428">Journal Article</PublicationType>            </PublicationTypeList>        </Article>        <MedlineJournalInfo>            <Country>United States</Country>            <MedlineTA>Science</MedlineTA>            <NlmUniqueID>0404511</NlmUniqueID>            <ISSNLinking>0036-8075</ISSNLinking>        </MedlineJournalInfo>    </MedlineCitation>    <PubmedData>        <History>            <PubMedPubDate PubStatus="pubmed">                <Year>1941</Year>                <Month>10</Month>                <Day>3</Day>                <Hour>0</Hour>                <Minute>0</Minute>            </PubMedPubDate>            <PubMedPubDate PubStatus="medline">                <Year>1941</Year>                <Month>10</Month>                <Day>3</Day>                <Hour>0</Hour>                <Minute>1</Minute>            </PubMedPubDate>            <PubMedPubDate PubStatus="entrez">                <Year>1941</Year>                <Month>10</Month>                <Day>3</Day>                <Hour>0</Hour>                <Minute>0</Minute>            </PubMedPubDate>        </History>        <PublicationStatus>ppublish</PublicationStatus>        <ArticleIdList>            <ArticleId IdType="pii">94/2440/331</ArticleId>            <ArticleId IdType="doi">10.1126/science.94.2440.331</ArticleId>            <ArticleId IdType="pubmed">17836030</ArticleId>        </ArticleIdList>    </PubmedData></PubmedArticle><PubmedArticle>    <MedlineCitation Owner="NLM" Status="PubMed-not-MEDLINE">        <PMID Version="1">17792885</PMID>        <DateCreated>            <Year>2010</Year>            <Month>06</Month>            <Day>11</Day>        </DateCreated>        <DateCompleted>            <Year>2010</Year>            <Month>07</Month>            <Day>02</Day>        </DateCompleted>        <Article PubModel="Print">            <Journal>                <ISSN IssnType="Print">0036-8075</ISSN>                <JournalIssue CitedMedium="Print">                    <Volume>94</Volume>                    <Issue>2437</Issue>                    <PubDate>                        <Year>1941</Year>                        <Month>Sep</Month>                        <Day>12</Day>                    </PubDate>                </JournalIssue>                <Title>Science (New York, N.Y.)</Title>                <ISOAbbreviation>Science</ISOAbbreviation>            </Journal>            <ArticleTitle>CHEMISTRY AND CANCER.</ArticleTitle>            <Pagination>                <MedlinePgn>258</MedlinePgn>            </Pagination>            <Language>eng</Language>            <PublicationTypeList>                <PublicationType UI="D016428">Journal Article</PublicationType>            </PublicationTypeList>        </Article>        <MedlineJournalInfo>            <Country>United States</Country>            <MedlineTA>Science</MedlineTA>            <NlmUniqueID>0404511</NlmUniqueID>            <ISSNLinking>0036-8075</ISSNLinking>        </MedlineJournalInfo>    </MedlineCitation>    <PubmedData>        <History>            <PubMedPubDate PubStatus="pubmed">                <Year>1941</Year>                <Month>9</Month>                <Day>12</Day>                <Hour>0</Hour>                <Minute>0</Minute>            </PubMedPubDate>            <PubMedPubDate PubStatus="medline">                <Year>1941</Year>                <Month>9</Month>                <Day>12</Day>                <Hour>0</Hour>                <Minute>1</Minute>            </PubMedPubDate>            <PubMedPubDate PubStatus="entrez">                <Year>1941</Year>                <Month>9</Month>                <Day>12</Day>                <Hour>0</Hour>                <Minute>0</Minute>            </PubMedPubDate>        </History>        <PublicationStatus>ppublish</PublicationStatus>        <ArticleIdList>            <ArticleId IdType="pii">94/2437/258</ArticleId>            <ArticleId IdType="doi">10.1126/science.94.2437.258</ArticleId>            <ArticleId IdType="pubmed">17792885</ArticleId>        </ArticleIdList>    </PubmedData></PubmedArticle><PubmedArticle>    <MedlineCitation Owner="NLM" Status="PubMed-not-MEDLINE">        <PMID Version="1">17842545</PMID>        <DateCreated>            <Year>2010</Year>            <Month>06</Month>            <Day>11</Day>        </DateCreated>        <DateCompleted>            <Year>2010</Year>            <Month>07</Month>            <Day>02</Day>        </DateCompleted>        <Article PubModel="Print">            <Journal>                <ISSN IssnType="Print">0036-8075</ISSN>                <JournalIssue CitedMedium="Print">                    <Volume>93</Volume>                    <Issue>2422</Issue>                    <PubDate>                        <Year>1941</Year>                        <Month>May</Month>                        <Day>30</Day>                    </PubDate>                </JournalIssue>                <Title>Science (New York, N.Y.)</Title>                <ISOAbbreviation>Science</ISOAbbreviation>            </Journal>            <ArticleTitle>THE PRESERVATION BY FREEZING AND DRYING IN VACUO OF THE MILK-INFLUENCE FOR THE DEVELOPMENT OF BREAST CANCER IN MICE.</ArticleTitle>            <Pagination>                <MedlinePgn>527-8</MedlinePgn>            </Pagination>            <Abstract>                <AbstractText>The development of spontaneous breast cancer in mice following the feeding of lyophilized tissue prepared from breast tumors suggests that the active influence usually transferred in the milk by nursing may be a virus.</AbstractText>            </Abstract>            <AuthorList CompleteYN="Y">                <Author ValidYN="Y">                    <LastName>Bittner</LastName>                    <ForeName>J J</ForeName>                    <Initials>JJ</Initials>                </Author>            </AuthorList>            <Language>eng</Language>            <PublicationTypeList>                <PublicationType UI="D016428">Journal Article</PublicationType>            </PublicationTypeList>        </Article>        <MedlineJournalInfo>            <Country>United States</Country>            <MedlineTA>Science</MedlineTA>            <NlmUniqueID>0404511</NlmUniqueID>            <ISSNLinking>0036-8075</ISSNLinking>        </MedlineJournalInfo>    </MedlineCitation>    <PubmedData>        <History>            <PubMedPubDate PubStatus="pubmed">                <Year>1941</Year>                <Month>5</Month>                <Day>30</Day>                <Hour>0</Hour>                <Minute>0</Minute>            </PubMedPubDate>            <PubMedPubDate PubStatus="medline">                <Year>1941</Year>                <Month>5</Month>                <Day>30</Day>                <Hour>0</Hour>                <Minute>1</Minute>            </PubMedPubDate>            <PubMedPubDate PubStatus="entrez">                <Year>1941</Year>                <Month>5</Month>                <Day>30</Day>                <Hour>0</Hour>                <Minute>0</Minute>            </PubMedPubDate>        </History>        <PublicationStatus>ppublish</PublicationStatus>        <ArticleIdList>            <ArticleId IdType="pii">93/2422/527</ArticleId>            <ArticleId IdType="doi">10.1126/science.93.2422.527</ArticleId>            <ArticleId IdType="pubmed">17842545</ArticleId>        </ArticleIdList>    </PubmedData></PubmedArticle><PubmedArticle>    <MedlineCitation Owner="NLM" Status="PubMed-not-MEDLINE">        <PMID Version="1">17813132</PMID>        <DateCreated>            <Year>2010</Year>            <Month>06</Month>            <Day>11</Day>        </DateCreated>        <DateCompleted>            <Year>2010</Year>            <Month>07</Month>            <Day>02</Day>        </DateCompleted>        <Article PubModel="Print">            <Journal>                <ISSN IssnType="Print">0036-8075</ISSN>                <JournalIssue CitedMedium="Print">                    <Volume>93</Volume>                    <Issue>2413</Issue>                    <PubDate>                        <Year>1941</Year>                        <Month>Mar</Month>                        <Day>28</Day>                    </PubDate>                </JournalIssue>                <Title>Science (New York, N.Y.)</Title>                <ISOAbbreviation>Science</ISOAbbreviation>            </Journal>            <ArticleTitle>PARTIAL PROTECTION OF RATS BY RIBOFLAVIN WITH CASEIN AGAINST LIVER CANCER CAUSED BY DIMETHYL-AMINOAZOBENZENE.</ArticleTitle>            <Pagination>                <MedlinePgn>308-10</MedlinePgn>            </Pagination>            <AuthorList CompleteYN="Y">                <Author ValidYN="Y">                    <LastName>Kensler</LastName>                    <ForeName>C J</ForeName>                    <Initials>CJ</Initials>                </Author>                <Author ValidYN="Y">                    <LastName>Sugiura</LastName>                    <ForeName>K</ForeName>                    <Initials>K</Initials>                </Author>                <Author ValidYN="Y">                    <LastName>Young</LastName>                    <ForeName>N F</ForeName>                    <Initials>NF</Initials>                </Author>                <Author ValidYN="Y">                    <LastName>Halter</LastName>                    <ForeName>C R</ForeName>                    <Initials>CR</Initials>                </Author>                <Author ValidYN="Y">                    <LastName>Rhoads</LastName>                    <ForeName>C P</ForeName>                    <Initials>CP</Initials>                </Author>            </AuthorList>            <Language>eng</Language>            <PublicationTypeList>                <PublicationType UI="D016428">Journal Article</PublicationType>            </PublicationTypeList>        </Article>        <MedlineJournalInfo>            <Country>United States</Country>            <MedlineTA>Science</MedlineTA>            <NlmUniqueID>0404511</NlmUniqueID>            <ISSNLinking>0036-8075</ISSNLinking>        </MedlineJournalInfo>    </MedlineCitation>    <PubmedData>        <History>            <PubMedPubDate PubStatus="pubmed">                <Year>1941</Year>                <Month>3</Month>                <Day>28</Day>                <Hour>0</Hour>                <Minute>0</Minute>            </PubMedPubDate>            <PubMedPubDate PubStatus="medline">                <Year>1941</Year>                <Month>3</Month>                <Day>28</Day>                <Hour>0</Hour>                <Minute>1</Minute>            </PubMedPubDate>            <PubMedPubDate PubStatus="entrez">                <Year>1941</Year>                <Month>3</Month>                <Day>28</Day>                <Hour>0</Hour>                <Minute>0</Minute>            </PubMedPubDate>        </History>        <PublicationStatus>ppublish</PublicationStatus>        <ArticleIdList>            <ArticleId IdType="pii">93/2413/308</ArticleId>            <ArticleId IdType="doi">10.1126/science.93.2413.308</ArticleId>            <ArticleId IdType="pubmed">17813132</ArticleId>        </ArticleIdList>    </PubmedData></PubmedArticle><PubmedArticle>    <MedlineCitation Owner="NLM" Status="PubMed-not-MEDLINE">        <PMID Version="1">17834789</PMID>        <DateCreated>            <Year>2010</Year>            <Month>06</Month>            <Day>11</Day>        </DateCreated>        <DateCompleted>            <Year>2010</Year>            <Month>07</Month>            <Day>02</Day>        </DateCompleted>        <Article PubModel="Print">            <Journal>                <ISSN IssnType="Print">0036-8075</ISSN>                <JournalIssue CitedMedium="Print">                    <Volume>93</Volume>                    <Issue>2412</Issue>                    <PubDate>                        <Year>1941</Year>                        <Month>Mar</Month>                        <Day>21</Day>                    </PubDate>                </JournalIssue>                <Title>Science (New York, N.Y.)</Title>                <ISOAbbreviation>Science</ISOAbbreviation>            </Journal>            <ArticleTitle>PAN-AMERICAN UNION AGAINST CANCER.</ArticleTitle>            <Pagination>                <MedlinePgn>273</MedlinePgn>            </Pagination>            <AuthorList CompleteYN="Y">                <Author ValidYN="Y">                    <LastName>Wood</LastName>                    <ForeName>F C</ForeName>                    <Initials>FC</Initials>                </Author>            </AuthorList>            <Language>eng</Language>            <PublicationTypeList>                <PublicationType UI="D016428">Journal Article</PublicationType>            </PublicationTypeList>        </Article>        <MedlineJournalInfo>            <Country>United States</Country>            <MedlineTA>Science</MedlineTA>            <NlmUniqueID>0404511</NlmUniqueID>            <ISSNLinking>0036-8075</ISSNLinking>        </MedlineJournalInfo>    </MedlineCitation>    <PubmedData>        <History>            <PubMedPubDate PubStatus="pubmed">                <Year>1941</Year>                <Month>3</Month>                <Day>21</Day>                <Hour>0</Hour>                <Minute>0</Minute>            </PubMedPubDate>            <PubMedPubDate PubStatus="medline">                <Year>1941</Year>                <Month>3</Month>                <Day>21</Day>                <Hour>0</Hour>                <Minute>1</Minute>            </PubMedPubDate>            <PubMedPubDate PubStatus="entrez">                <Year>1941</Year>                <Month>3</Month>                <Day>21</Day>                <Hour>0</Hour>                <Minute>0</Minute>            </PubMedPubDate>        </History>        <PublicationStatus>ppublish</PublicationStatus>        <ArticleIdList>            <ArticleId IdType="pii">93/2412/273</ArticleId>            <ArticleId IdType="doi">10.1126/science.93.2412.273</ArticleId>            <ArticleId IdType="pubmed">17834789</ArticleId>        </ArticleIdList>    </PubmedData></PubmedArticle><PubmedArticle>    <MedlineCitation Owner="NLM" Status="PubMed-not-MEDLINE">        <PMID Version="1">17809648</PMID>        <DateCreated>            <Year>2010</Year>            <Month>06</Month>            <Day>11</Day>        </DateCreated>        <DateCompleted>            <Year>2010</Year>            <Month>07</Month>            <Day>02</Day>        </DateCompleted>        <Article PubModel="Print">            <Journal>                <ISSN IssnType="Print">0036-8075</ISSN>                <JournalIssue CitedMedium="Print">                    <Volume>93</Volume>                    <Issue>2411</Issue>                    <PubDate>                        <Year>1941</Year>                        <Month>Mar</Month>                        <Day>14</Day>                    </PubDate>                </JournalIssue>                <Title>Science (New York, N.Y.)</Title>                <ISOAbbreviation>Science</ISOAbbreviation>            </Journal>            <ArticleTitle>THE NEW CANCER HOSPITAL AND CLINIC OF NEW YORK CITY.</ArticleTitle>            <Pagination>                <MedlinePgn>252-3</MedlinePgn>            </Pagination>            <Language>eng</Language>            <PublicationTypeList>                <PublicationType UI="D016428">Journal Article</PublicationType>            </PublicationTypeList>        </Article>        <MedlineJournalInfo>            <Country>United States</Country>            <MedlineTA>Science</MedlineTA>            <NlmUniqueID>0404511</NlmUniqueID>            <ISSNLinking>0036-8075</ISSNLinking>        </MedlineJournalInfo>    </MedlineCitation>    <PubmedData>        <History>            <PubMedPubDate PubStatus="pubmed">                <Year>1941</Year>                <Month>3</Month>                <Day>14</Day>                <Hour>0</Hour>                <Minute>0</Minute>            </PubMedPubDate>            <PubMedPubDate PubStatus="medline">                <Year>1941</Year>                <Month>3</Month>                <Day>14</Day>                <Hour>0</Hour>                <Minute>1</Minute>            </PubMedPubDate>            <PubMedPubDate PubStatus="entrez">                <Year>1941</Year>                <Month>3</Month>                <Day>14</Day>                <Hour>0</Hour>                <Minute>0</Minute>            </PubMedPubDate>        </History>        <PublicationStatus>ppublish</PublicationStatus>        <ArticleIdList>            <ArticleId IdType="pii">93/2411/252</ArticleId>            <ArticleId IdType="doi">10.1126/science.93.2411.252</ArticleId>            <ArticleId IdType="pubmed">17809648</ArticleId>        </ArticleIdList>    </PubmedData></PubmedArticle></PubmedArticleSet>