<?xml version="1.0"?><!DOCTYPE PubmedArticleSet PUBLIC "-//NLM//DTD PubMedArticle, 1st January 2015//EN" "http://www.ncbi.nlm.nih.gov/corehtml/query/DTD/pubmed_150101.dtd">
<PubmedArticleSet>
	<PubmedArticle>
		<MedlineCitation Owner="NLM" Status="PubMed-not-MEDLINE">
			<PMID Version="1">17739037</PMID>
			<DateCreated>
				<Year>2010</Year>
				<Month>06</Month>
				<Day>10</Day>
			</DateCreated>
			<DateCompleted>
				<Year>2010</Year>
				<Month>07</Month>
				<Day>02</Day>
			</DateCompleted>
			<Article PubModel="Print">
				<Journal>
					<ISSN IssnType="Print">0036-8075</ISSN>
					<JournalIssue CitedMedium="Print">
						<Volume>74</Volume>
						<Issue>1907</Issue>
						<PubDate>
							<Year>1931</Year>
							<Month>Jul</Month>
							<Day>17</Day>
						</PubDate>
					</JournalIssue>
					<Title>Science (New York, N.Y.)</Title>
					<ISOAbbreviation>Science</ISOAbbreviation>
				</Journal>
				<ArticleTitle>CANCER RESEARCH AND THE SCIENTIFIC METHOD.
				</ArticleTitle>
				<Pagination>
					<MedlinePgn>55-60</MedlinePgn>
				</Pagination>
				<AuthorList CompleteYN="Y">
					<Author ValidYN="Y">
						<LastName>McDonald</LastName>
						<ForeName>E</ForeName>
						<Initials>E</Initials>
					</Author>
				</AuthorList>
				<Language>eng</Language>
				<PublicationTypeList>
					<PublicationType UI="D016428">Journal Article</PublicationType>
				</PublicationTypeList>
			</Article>
			<MedlineJournalInfo>
				<Country>United States</Country>
				<MedlineTA>Science</MedlineTA>
				<NlmUniqueID>0404511</NlmUniqueID>
				<ISSNLinking>0036-8075</ISSNLinking>
			</MedlineJournalInfo>
		</MedlineCitation>
		<PubmedData>
			<History>
				<PubMedPubDate PubStatus="pubmed">
					<Year>1931</Year>
					<Month>7</Month>
					<Day>17</Day>
					<Hour>0</Hour>
					<Minute>0</Minute>
				</PubMedPubDate>
				<PubMedPubDate PubStatus="medline">
					<Year>1931</Year>
					<Month>7</Month>
					<Day>17</Day>
					<Hour>0</Hour>
					<Minute>1</Minute>
				</PubMedPubDate>
				<PubMedPubDate PubStatus="entrez">
					<Year>1931</Year>
					<Month>7</Month>
					<Day>17</Day>
					<Hour>0</Hour>
					<Minute>0</Minute>
				</PubMedPubDate>
			</History>
			<PublicationStatus>ppublish</PublicationStatus>
			<ArticleIdList>
				<ArticleId IdType="pii">74/1907/55</ArticleId>
				<ArticleId IdType="doi">10.1126/science.74.1907.55</ArticleId>
				<ArticleId IdType="pubmed">17739037</ArticleId>
			</ArticleIdList>
		</PubmedData>
	</PubmedArticle>
	<PubmedArticle>
		<MedlineCitation Owner="NLM" Status="PubMed-not-MEDLINE">
			<PMID Version="1">17783642</PMID>
			<DateCreated>
				<Year>2010</Year>
				<Month>06</Month>
				<Day>10</Day>
			</DateCreated>
			<DateCompleted>
				<Year>2010</Year>
				<Month>07</Month>
				<Day>02</Day>
			</DateCompleted>
			<Article PubModel="Print">
				<Journal>
					<ISSN IssnType="Print">0036-8075</ISSN>
					<JournalIssue CitedMedium="Print">
						<Volume>74</Volume>
						<Issue>1905</Issue>
						<PubDate>
							<Year>1931</Year>
							<Month>Jul</Month>
							<Day>3</Day>
						</PubDate>
					</JournalIssue>
					<Title>Science (New York, N.Y.)</Title>
					<ISOAbbreviation>Science</ISOAbbreviation>
				</Journal>
				<ArticleTitle>HORMONES IN CANCER.</ArticleTitle>
				<Pagination>
					<MedlinePgn>16</MedlinePgn>
				</Pagination>
				<AuthorList CompleteYN="Y">
					<Author ValidYN="Y">
						<LastName>Bischoff</LastName>
						<ForeName>F</ForeName>
						<Initials>F</Initials>
					</Author>
					<Author ValidYN="Y">
						<LastName>Maxwell</LastName>
						<ForeName>L C</ForeName>
						<Initials>LC</Initials>
					</Author>
					<Author ValidYN="Y">
						<LastName>Ullmann</LastName>
						<ForeName>H J</ForeName>
						<Initials>HJ</Initials>
					</Author>
				</AuthorList>
				<Language>eng</Language>
				<PublicationTypeList>
					<PublicationType UI="D016428">Journal Article</PublicationType>
				</PublicationTypeList>
			</Article>
			<MedlineJournalInfo>
				<Country>United States</Country>
				<MedlineTA>Science</MedlineTA>
				<NlmUniqueID>0404511</NlmUniqueID>
				<ISSNLinking>0036-8075</ISSNLinking>
			</MedlineJournalInfo>
		</MedlineCitation>
		<PubmedData>
			<History>
				<PubMedPubDate PubStatus="pubmed">
					<Year>1931</Year>
					<Month>7</Month>
					<Day>3</Day>
					<Hour>0</Hour>
					<Minute>0</Minute>
				</PubMedPubDate>
				<PubMedPubDate PubStatus="medline">
					<Year>1931</Year>
					<Month>7</Month>
					<Day>3</Day>
					<Hour>0</Hour>
					<Minute>1</Minute>
				</PubMedPubDate>
				<PubMedPubDate PubStatus="entrez">
					<Year>1931</Year>
					<Month>7</Month>
					<Day>3</Day>
					<Hour>0</Hour>
					<Minute>0</Minute>
				</PubMedPubDate>
			</History>
			<PublicationStatus>ppublish</PublicationStatus>
			<ArticleIdList>
				<ArticleId IdType="pii">74/1905/16</ArticleId>
				<ArticleId IdType="doi">10.1126/science.74.1905.16</ArticleId>
				<ArticleId IdType="pubmed">17783642</ArticleId>
			</ArticleIdList>
		</PubmedData>
	</PubmedArticle>
</PubmedArticleSet>