<?xml version="1.0"?><!DOCTYPE PubmedArticleSet PUBLIC "-//NLM//DTD PubMedArticle, 1st January 2015//EN" "http://www.ncbi.nlm.nih.gov/corehtml/query/DTD/pubmed_150101.dtd"><PubmedArticleSet><PubmedArticle>    <MedlineCitation Owner="NLM" Status="MEDLINE">        <PMID Version="1">17756477</PMID>        <DateCreated>            <Year>2010</Year>            <Month>06</Month>            <Day>03</Day>        </DateCreated>        <DateCompleted>            <Year>2010</Year>            <Month>07</Month>            <Day>02</Day>        </DateCompleted>        <DateRevised>            <Year>2014</Year>            <Month>08</Month>            <Day>12</Day>        </DateRevised>        <Article PubModel="Print">            <Journal>                <ISSN IssnType="Print">0036-8075</ISSN>                <JournalIssue CitedMedium="Print">                    <Volume>108</Volume>                    <Issue>2816</Issue>                    <PubDate>                        <Year>1948</Year>                        <Month>Dec</Month>                        <Day>17</Day>                    </PubDate>                </JournalIssue>                <Title>Science (New York, N.Y.)</Title>                <ISOAbbreviation>Science</ISOAbbreviation>            </Journal>            <ArticleTitle>A New Influence on Chemically Induced Sarcomata.</ArticleTitle>            <Pagination>                <MedlinePgn>688-9</MedlinePgn>            </Pagination>            <AuthorList CompleteYN="Y">                <Author ValidYN="Y">                    <LastName>Strong</LastName>                    <ForeName>L C</ForeName>                    <Initials>LC</Initials>                </Author>            </AuthorList>            <Language>eng</Language>            <PublicationTypeList>                <PublicationType UI="D016428">Journal Article</PublicationType>            </PublicationTypeList>        </Article>        <MedlineJournalInfo>            <Country>United States</Country>            <MedlineTA>Science</MedlineTA>            <NlmUniqueID>0404511</NlmUniqueID>            <ISSNLinking>0036-8075</ISSNLinking>        </MedlineJournalInfo>        <CitationSubset>OM</CitationSubset>        <MeshHeadingList>            <MeshHeading>                <DescriptorName MajorTopicYN="Y" UI="D009369">Neoplasms</DescriptorName>            </MeshHeading>            <MeshHeading>                <DescriptorName MajorTopicYN="Y" UI="D012509">Sarcoma</DescriptorName>            </MeshHeading>        </MeshHeadingList>        <OtherID Source="CLML">4916:256m</OtherID>        <KeywordList Owner="NLM">            <Keyword MajorTopicYN="Y">TUMORS/sarcoma</Keyword>        </KeywordList>    </MedlineCitation>    <PubmedData>        <History>            <PubMedPubDate PubStatus="pubmed">                <Year>1948</Year>                <Month>12</Month>                <Day>17</Day>                <Hour>0</Hour>                <Minute>0</Minute>            </PubMedPubDate>            <PubMedPubDate PubStatus="medline">                <Year>1948</Year>                <Month>12</Month>                <Day>17</Day>                <Hour>0</Hour>                <Minute>1</Minute>            </PubMedPubDate>            <PubMedPubDate PubStatus="entrez">                <Year>1948</Year>                <Month>12</Month>                <Day>17</Day>                <Hour>0</Hour>                <Minute>0</Minute>            </PubMedPubDate>        </History>        <PublicationStatus>ppublish</PublicationStatus>        <ArticleIdList>            <ArticleId IdType="pii">108/2816/688</ArticleId>            <ArticleId IdType="doi">10.1126/science.108.2816.688</ArticleId>            <ArticleId IdType="pubmed">17756477</ArticleId>        </ArticleIdList>    </PubmedData></PubmedArticle><PubmedArticle>    <MedlineCitation Owner="NLM" Status="MEDLINE">        <PMID Version="1">17783352</PMID>        <DateCreated>            <Year>2010</Year>            <Month>06</Month>            <Day>03</Day>        </DateCreated>        <DateCompleted>            <Year>2010</Year>            <Month>07</Month>            <Day>02</Day>        </DateCompleted>        <DateRevised>            <Year>2014</Year>            <Month>08</Month>            <Day>12</Day>        </DateRevised>        <Article PubModel="Print">            <Journal>                <ISSN IssnType="Print">0036-8075</ISSN>                <JournalIssue CitedMedium="Print">                    <Volume>108</Volume>                    <Issue>2814</Issue>                    <PubDate>                        <Year>1948</Year>                        <Month>Dec</Month>                        <Day>3</Day>                    </PubDate>                </JournalIssue>                <Title>Science (New York, N.Y.)</Title>                <ISOAbbreviation>Science</ISOAbbreviation>            </Journal>            <ArticleTitle>Liver Tumors in Rats Fed Thiourea or Thioacetamide.</ArticleTitle>            <Pagination>                <MedlinePgn>626-8</MedlinePgn>            </Pagination>            <AuthorList CompleteYN="Y">                <Author ValidYN="Y">                    <LastName>Fitzhugh</LastName>                    <ForeName>O G</ForeName>                    <Initials>OG</Initials>                </Author>                <Author ValidYN="Y">                    <LastName>Nelson</LastName>                    <ForeName>A A</ForeName>                    <Initials>AA</Initials>                </Author>            </AuthorList>            <Language>eng</Language>            <PublicationTypeList>                <PublicationType UI="D016428">Journal Article</PublicationType>            </PublicationTypeList>        </Article>        <MedlineJournalInfo>            <Country>United States</Country>            <MedlineTA>Science</MedlineTA>            <NlmUniqueID>0404511</NlmUniqueID>            <ISSNLinking>0036-8075</ISSNLinking>        </MedlineJournalInfo>        <CitationSubset>OM</CitationSubset>        <MeshHeadingList>            <MeshHeading>                <DescriptorName MajorTopicYN="Y" UI="D008099">Liver</DescriptorName>            </MeshHeading>            <MeshHeading>                <DescriptorName MajorTopicYN="Y" UI="D009369">Neoplasms</DescriptorName>            </MeshHeading>        </MeshHeadingList>        <OtherID Source="CLML">4916:24f</OtherID>        <KeywordList Owner="NLM">            <Keyword MajorTopicYN="Y">LIVER/tumors</Keyword>        </KeywordList>    </MedlineCitation>    <PubmedData>        <History>            <PubMedPubDate PubStatus="pubmed">                <Year>1948</Year>                <Month>12</Month>                <Day>3</Day>                <Hour>0</Hour>                <Minute>0</Minute>            </PubMedPubDate>            <PubMedPubDate PubStatus="medline">                <Year>1948</Year>                <Month>12</Month>                <Day>3</Day>                <Hour>0</Hour>                <Minute>1</Minute>            </PubMedPubDate>            <PubMedPubDate PubStatus="entrez">                <Year>1948</Year>                <Month>12</Month>                <Day>3</Day>                <Hour>0</Hour>                <Minute>0</Minute>            </PubMedPubDate>        </History>        <PublicationStatus>ppublish</PublicationStatus>        <ArticleIdList>            <ArticleId IdType="pii">108/2814/626</ArticleId>            <ArticleId IdType="doi">10.1126/science.108.2814.626</ArticleId>            <ArticleId IdType="pubmed">17783352</ArticleId>        </ArticleIdList>    </PubmedData></PubmedArticle><PubmedArticle>    <MedlineCitation Owner="NLM" Status="MEDLINE">        <PMID Version="1">17736586</PMID>        <DateCreated>            <Year>2010</Year>            <Month>06</Month>            <Day>03</Day>        </DateCreated>        <DateCompleted>            <Year>2010</Year>            <Month>07</Month>            <Day>02</Day>        </DateCompleted>        <DateRevised>            <Year>2012</Year>            <Month>04</Month>            <Day>16</Day>        </DateRevised>        <Article PubModel="Print">            <Journal>                <ISSN IssnType="Print">0036-8075</ISSN>                <JournalIssue CitedMedium="Print">                    <Volume>108</Volume>                    <Issue>2808</Issue>                    <PubDate>                        <Year>1948</Year>                        <Month>Oct</Month>                        <Day>22</Day>                    </PubDate>                </JournalIssue>                <Title>Science (New York, N.Y.)</Title>                <ISOAbbreviation>Science</ISOAbbreviation>            </Journal>            <ArticleTitle>A Qualitative Chemical Change in Carcinogenesis.</ArticleTitle>            <Pagination>                <MedlinePgn>450-4</MedlinePgn>            </Pagination>            <AuthorList CompleteYN="Y">                <Author ValidYN="Y">                    <LastName>Carruthers</LastName>                    <ForeName>C</ForeName>                    <Initials>C</Initials>                </Author>                <Author ValidYN="Y">                    <LastName>Suntzeff</LastName>                    <ForeName>V</ForeName>                    <Initials>V</Initials>                </Author>            </AuthorList>            <Language>eng</Language>            <PublicationTypeList>                <PublicationType UI="D016428">Journal Article</PublicationType>            </PublicationTypeList>        </Article>        <MedlineJournalInfo>            <Country>United States</Country>            <MedlineTA>Science</MedlineTA>            <NlmUniqueID>0404511</NlmUniqueID>            <ISSNLinking>0036-8075</ISSNLinking>        </MedlineJournalInfo>        <CitationSubset>OM</CitationSubset>        <MeshHeadingList>            <MeshHeading>                <DescriptorName MajorTopicYN="N" UI="D009369">Neoplasms</DescriptorName>                <QualifierName MajorTopicYN="Y" UI="Q000209">etiology</QualifierName>            </MeshHeading>        </MeshHeadingList>        <OtherID Source="CLML">4815:1302j</OtherID>        <KeywordList Owner="NLM">            <Keyword MajorTopicYN="Y">CANCER/pathogenesis</Keyword>        </KeywordList>    </MedlineCitation>    <PubmedData>        <History>            <PubMedPubDate PubStatus="pubmed">                <Year>1948</Year>                <Month>10</Month>                <Day>22</Day>                <Hour>0</Hour>                <Minute>0</Minute>            </PubMedPubDate>            <PubMedPubDate PubStatus="medline">                <Year>1948</Year>                <Month>10</Month>                <Day>22</Day>                <Hour>0</Hour>                <Minute>1</Minute>            </PubMedPubDate>            <PubMedPubDate PubStatus="entrez">                <Year>1948</Year>                <Month>10</Month>                <Day>22</Day>                <Hour>0</Hour>                <Minute>0</Minute>            </PubMedPubDate>        </History>        <PublicationStatus>ppublish</PublicationStatus>        <ArticleIdList>            <ArticleId IdType="pii">108/2808/450</ArticleId>            <ArticleId IdType="doi">10.1126/science.108.2808.450</ArticleId>            <ArticleId IdType="pubmed">17736586</ArticleId>        </ArticleIdList>    </PubmedData></PubmedArticle><PubmedArticle>    <MedlineCitation Owner="NLM" Status="OLDMEDLINE">        <PMID Version="1">17748039</PMID>        <DateCreated>            <Year>2010</Year>            <Month>06</Month>            <Day>03</Day>        </DateCreated>        <DateCompleted>            <Year>2010</Year>            <Month>07</Month>            <Day>02</Day>        </DateCompleted>        <DateRevised>            <Year>2010</Year>            <Month>07</Month>            <Day>12</Day>        </DateRevised>        <Article PubModel="Print">            <Journal>                <ISSN IssnType="Print">0036-8075</ISSN>                <JournalIssue CitedMedium="Print">                    <Volume>108</Volume>                    <Issue>2804</Issue>                    <PubDate>                        <Year>1948</Year>                        <Month>Sep</Month>                        <Day>24</Day>                    </PubDate>                </JournalIssue>                <Title>Science (New York, N.Y.)</Title>                <ISOAbbreviation>Science</ISOAbbreviation>            </Journal>            <ArticleTitle>Mammary Carcinoma in Female Rats Fed 2-Acetylaminofluorene.</ArticleTitle>            <Pagination>                <MedlinePgn>336-7</MedlinePgn>            </Pagination>            <AuthorList CompleteYN="Y">                <Author ValidYN="Y">                    <LastName>Engel</LastName>                    <ForeName>R W</ForeName>                    <Initials>RW</Initials>                </Author>                <Author ValidYN="Y">                    <LastName>Copeland</LastName>                    <ForeName>D H</ForeName>                    <Initials>DH</Initials>                </Author>            </AuthorList>            <Language>eng</Language>            <PublicationTypeList>                <PublicationType UI="D016428">Journal Article</PublicationType>            </PublicationTypeList>        </Article>        <MedlineJournalInfo>            <Country>United States</Country>            <MedlineTA>Science</MedlineTA>            <NlmUniqueID>0404511</NlmUniqueID>            <ISSNLinking>0036-8075</ISSNLinking>        </MedlineJournalInfo>        <CitationSubset>OM</CitationSubset>        <OtherID Source="CLML">4815:1139a</OtherID>        <KeywordList Owner="NLM">            <Keyword MajorTopicYN="Y">BREAST, CANCER/experimental</Keyword>        </KeywordList>    </MedlineCitation>    <PubmedData>        <History>            <PubMedPubDate PubStatus="pubmed">                <Year>1948</Year>                <Month>9</Month>                <Day>24</Day>                <Hour>0</Hour>                <Minute>0</Minute>            </PubMedPubDate>            <PubMedPubDate PubStatus="medline">                <Year>1948</Year>                <Month>9</Month>                <Day>24</Day>                <Hour>0</Hour>                <Minute>1</Minute>            </PubMedPubDate>            <PubMedPubDate PubStatus="entrez">                <Year>1948</Year>                <Month>9</Month>                <Day>24</Day>                <Hour>0</Hour>                <Minute>0</Minute>            </PubMedPubDate>        </History>        <PublicationStatus>ppublish</PublicationStatus>        <ArticleIdList>            <ArticleId IdType="pii">108/2804/336</ArticleId>            <ArticleId IdType="doi">10.1126/science.108.2804.336</ArticleId>            <ArticleId IdType="pubmed">17748039</ArticleId>        </ArticleIdList>    </PubmedData></PubmedArticle><PubmedArticle>    <MedlineCitation Owner="NLM" Status="OLDMEDLINE">        <PMID Version="1">17810413</PMID>        <DateCreated>            <Year>2010</Year>            <Month>06</Month>            <Day>03</Day>        </DateCreated>        <DateCompleted>            <Year>2010</Year>            <Month>07</Month>            <Day>02</Day>        </DateCompleted>        <DateRevised>            <Year>2014</Year>            <Month>08</Month>            <Day>12</Day>        </DateRevised>        <Article PubModel="Print">            <Journal>                <ISSN IssnType="Print">0036-8075</ISSN>                <JournalIssue CitedMedium="Print">                    <Volume>108</Volume>                    <Issue>2803</Issue>                    <PubDate>                        <Year>1948</Year>                        <Month>Sep</Month>                        <Day>17</Day>                    </PubDate>                </JournalIssue>                <Title>Science (New York, N.Y.)</Title>                <ISOAbbreviation>Science</ISOAbbreviation>            </Journal>            <ArticleTitle>Significance of Distribution of Fluorescein in Sarcoma 180.</ArticleTitle>            <Pagination>                <MedlinePgn>304-5</MedlinePgn>            </Pagination>            <AuthorList CompleteYN="Y">                <Author ValidYN="Y">                    <LastName>Shapiro</LastName>                    <ForeName>D M</ForeName>                    <Initials>DM</Initials>                </Author>                <Author ValidYN="Y">                    <LastName>Landing</LastName>                    <ForeName>B H</ForeName>                    <Initials>BH</Initials>                </Author>            </AuthorList>            <Language>eng</Language>            <PublicationTypeList>                <PublicationType UI="D016428">Journal Article</PublicationType>            </PublicationTypeList>        </Article>        <MedlineJournalInfo>            <Country>United States</Country>            <MedlineTA>Science</MedlineTA>            <NlmUniqueID>0404511</NlmUniqueID>            <ISSNLinking>0036-8075</ISSNLinking>        </MedlineJournalInfo>        <ChemicalList>            <Chemical>                <RegistryNumber>2321-07-5</RegistryNumber>                <NameOfSubstance UI="D019793">Fluorescein</NameOfSubstance>            </Chemical>        </ChemicalList>        <CitationSubset>OM</CitationSubset>        <MeshHeadingList>            <MeshHeading>                <DescriptorName MajorTopicYN="Y" UI="D019793">Fluorescein</DescriptorName>            </MeshHeading>            <MeshHeading>                <DescriptorName MajorTopicYN="Y" UI="D012509">Sarcoma</DescriptorName>            </MeshHeading>        </MeshHeadingList>        <OtherID Source="CLML">4815:976w</OtherID>        <KeywordList Owner="NLM">            <Keyword MajorTopicYN="Y">FLUORESCEIN/in sarcoma</Keyword>            <Keyword MajorTopicYN="Y">SARCOMA/-180</Keyword>        </KeywordList>    </MedlineCitation>    <PubmedData>        <History>            <PubMedPubDate PubStatus="pubmed">                <Year>1948</Year>                <Month>9</Month>                <Day>17</Day>                <Hour>0</Hour>                <Minute>0</Minute>            </PubMedPubDate>            <PubMedPubDate PubStatus="medline">                <Year>1948</Year>                <Month>9</Month>                <Day>17</Day>                <Hour>0</Hour>                <Minute>1</Minute>            </PubMedPubDate>            <PubMedPubDate PubStatus="entrez">                <Year>1948</Year>                <Month>9</Month>                <Day>17</Day>                <Hour>0</Hour>                <Minute>0</Minute>            </PubMedPubDate>        </History>        <PublicationStatus>ppublish</PublicationStatus>        <ArticleIdList>            <ArticleId IdType="pii">108/2803/304-a</ArticleId>            <ArticleId IdType="doi">10.1126/science.108.2803.304-a</ArticleId>            <ArticleId IdType="pubmed">17810413</ArticleId>        </ArticleIdList>    </PubmedData></PubmedArticle><PubmedArticle>    <MedlineCitation Owner="NLM" Status="MEDLINE">        <PMID Version="1">17808731</PMID>        <DateCreated>            <Year>2010</Year>            <Month>06</Month>            <Day>03</Day>        </DateCreated>        <DateCompleted>            <Year>2010</Year>            <Month>07</Month>            <Day>02</Day>        </DateCompleted>        <DateRevised>            <Year>2014</Year>            <Month>11</Month>            <Day>20</Day>        </DateRevised>        <Article PubModel="Print">            <Journal>                <ISSN IssnType="Print">0036-8075</ISSN>                <JournalIssue CitedMedium="Print">                    <Volume>108</Volume>                    <Issue>2796</Issue>                    <PubDate>                        <Year>1948</Year>                        <Month>Jul</Month>                        <Day>30</Day>                    </PubDate>                </JournalIssue>                <Title>Science (New York, N.Y.)</Title>                <ISOAbbreviation>Science</ISOAbbreviation>            </Journal>            <ArticleTitle>Demonstration of Reducing Enzyme Systems in Neoplasms and Living Mammalian Tissues by Triphenyltetrazolium Chloride.</ArticleTitle>            <Pagination>                <MedlinePgn>113-5</MedlinePgn>            </Pagination>            <AuthorList CompleteYN="Y">                <Author ValidYN="Y">                    <LastName>Straus</LastName>                    <ForeName>F H</ForeName>                    <Initials>FH</Initials>                </Author>                <Author ValidYN="Y">                    <LastName>Cheronis</LastName>                    <ForeName>N D</ForeName>                    <Initials>ND</Initials>                </Author>                <Author ValidYN="Y">                    <LastName>Straus</LastName>                    <ForeName>E</ForeName>                    <Initials>E</Initials>                </Author>            </AuthorList>            <Language>eng</Language>            <PublicationTypeList>                <PublicationType UI="D016428">Journal Article</PublicationType>            </PublicationTypeList>        </Article>        <MedlineJournalInfo>            <Country>United States</Country>            <MedlineTA>Science</MedlineTA>            <NlmUniqueID>0404511</NlmUniqueID>            <ISSNLinking>0036-8075</ISSNLinking>        </MedlineJournalInfo>        <ChemicalList>            <Chemical>                <RegistryNumber>0</RegistryNumber>                <NameOfSubstance UI="D004798">Enzymes</NameOfSubstance>            </Chemical>            <Chemical>                <RegistryNumber>0</RegistryNumber>                <NameOfSubstance UI="D013778">Tetrazolium Salts</NameOfSubstance>            </Chemical>            <Chemical>                <RegistryNumber>7OL20RET2I</RegistryNumber>                <NameOfSubstance UI="C009591">triphenyltetrazolium</NameOfSubstance>            </Chemical>        </ChemicalList>        <CitationSubset>OM</CitationSubset>        <MeshHeadingList>            <MeshHeading>                <DescriptorName MajorTopicYN="Y" UI="D004798">Enzymes</DescriptorName>            </MeshHeading>            <MeshHeading>                <DescriptorName MajorTopicYN="N" UI="D009369">Neoplasms</DescriptorName>                <QualifierName MajorTopicYN="Y" UI="Q000201">enzymology</QualifierName>            </MeshHeading>            <MeshHeading>                <DescriptorName MajorTopicYN="N" UI="D013778">Tetrazolium Salts</DescriptorName>            </MeshHeading>        </MeshHeadingList>        <OtherID Source="CLML">4815:582i</OtherID>        <KeywordList Owner="NLM">            <Keyword MajorTopicYN="Y">ENZYMES/in tumor</Keyword>            <Keyword MajorTopicYN="Y">TRIPHENYLTETRAZOLIUM CHLORIDE</Keyword>            <Keyword MajorTopicYN="Y">TUMORS/enzymes in</Keyword>        </KeywordList>    </MedlineCitation>    <PubmedData>        <History>            <PubMedPubDate PubStatus="pubmed">                <Year>1948</Year>                <Month>7</Month>                <Day>30</Day>                <Hour>0</Hour>                <Minute>0</Minute>            </PubMedPubDate>            <PubMedPubDate PubStatus="medline">                <Year>1948</Year>                <Month>7</Month>                <Day>30</Day>                <Hour>0</Hour>                <Minute>1</Minute>            </PubMedPubDate>            <PubMedPubDate PubStatus="entrez">                <Year>1948</Year>                <Month>7</Month>                <Day>30</Day>                <Hour>0</Hour>                <Minute>0</Minute>            </PubMedPubDate>        </History>        <PublicationStatus>ppublish</PublicationStatus>        <ArticleIdList>            <ArticleId IdType="pii">108/2796/113</ArticleId>            <ArticleId IdType="doi">10.1126/science.108.2796.113</ArticleId>            <ArticleId IdType="pubmed">17808731</ArticleId>        </ArticleIdList>    </PubmedData></PubmedArticle><PubmedArticle>    <MedlineCitation Owner="NLM" Status="OLDMEDLINE">        <PMID Version="1">17838203</PMID>        <DateCreated>            <Year>2010</Year>            <Month>06</Month>            <Day>03</Day>        </DateCreated>        <DateCompleted>            <Year>2010</Year>            <Month>07</Month>            <Day>02</Day>        </DateCompleted>        <DateRevised>            <Year>2010</Year>            <Month>07</Month>            <Day>09</Day>        </DateRevised>        <Article PubModel="Print">            <Journal>                <ISSN IssnType="Print">0036-8075</ISSN>                <JournalIssue CitedMedium="Print">                    <Volume>108</Volume>                    <Issue>2795</Issue>                    <PubDate>                        <Year>1948</Year>                        <Month>Jul</Month>                        <Day>23</Day>                    </PubDate>                </JournalIssue>                <Title>Science (New York, N.Y.)</Title>                <ISOAbbreviation>Science</ISOAbbreviation>            </Journal>            <ArticleTitle>The Formation of Malignant Tumors in Mice by Deuteron-bombarded Methylcholanthrene.</ArticleTitle>            <Pagination>                <MedlinePgn>82</MedlinePgn>            </Pagination>            <AuthorList CompleteYN="Y">                <Author ValidYN="Y">                    <LastName>Barnes</LastName>                    <ForeName>B F</ForeName>                    <Initials>BF</Initials>                </Author>                <Author ValidYN="Y">                    <LastName>Freytag</LastName>                    <ForeName>F C</ForeName>                    <Initials>FC</Initials>                </Author>                <Author ValidYN="Y">                    <LastName>Garrison</LastName>                    <ForeName>W M</ForeName>                    <Initials>WM</Initials>                </Author>                <Author ValidYN="Y">                    <LastName>Rosenfeld</LastName>                    <ForeName>I</ForeName>                    <Initials>I</Initials>                </Author>            </AuthorList>            <Language>eng</Language>            <PublicationTypeList>                <PublicationType UI="D016428">Journal Article</PublicationType>            </PublicationTypeList>        </Article>        <MedlineJournalInfo>            <Country>United States</Country>            <MedlineTA>Science</MedlineTA>            <NlmUniqueID>0404511</NlmUniqueID>            <ISSNLinking>0036-8075</ISSNLinking>        </MedlineJournalInfo>        <ChemicalList>            <Chemical>                <RegistryNumber>56-49-5</RegistryNumber>                <NameOfSubstance UI="D008748">Methylcholanthrene</NameOfSubstance>            </Chemical>        </ChemicalList>        <CitationSubset>OM</CitationSubset>        <MeshHeadingList>            <MeshHeading>                <DescriptorName MajorTopicYN="Y" UI="D008748">Methylcholanthrene</DescriptorName>            </MeshHeading>        </MeshHeadingList>        <OtherID Source="CLML">4815:657g1</OtherID>        <KeywordList Owner="NLM">            <Keyword MajorTopicYN="Y">ATOMIC ENERGY/medical aspects</Keyword>            <Keyword MajorTopicYN="Y">CANCER/experimental</Keyword>            <Keyword MajorTopicYN="Y">METHYLCHOLANTHRENE</Keyword>        </KeywordList>    </MedlineCitation>    <PubmedData>        <History>            <PubMedPubDate PubStatus="pubmed">                <Year>1948</Year>                <Month>7</Month>                <Day>23</Day>                <Hour>0</Hour>                <Minute>0</Minute>            </PubMedPubDate>            <PubMedPubDate PubStatus="medline">                <Year>1948</Year>                <Month>7</Month>                <Day>23</Day>                <Hour>0</Hour>                <Minute>1</Minute>            </PubMedPubDate>            <PubMedPubDate PubStatus="entrez">                <Year>1948</Year>                <Month>7</Month>                <Day>23</Day>                <Hour>0</Hour>                <Minute>0</Minute>            </PubMedPubDate>        </History>        <PublicationStatus>ppublish</PublicationStatus>        <ArticleIdList>            <ArticleId IdType="pii">108/2795/82</ArticleId>            <ArticleId IdType="doi">10.1126/science.108.2795.82</ArticleId>            <ArticleId IdType="pubmed">17838203</ArticleId>        </ArticleIdList>    </PubmedData></PubmedArticle><PubmedArticle>    <MedlineCitation Owner="NLM" Status="OLDMEDLINE">        <PMID Version="1">17735505</PMID>        <DateCreated>            <Year>2010</Year>            <Month>06</Month>            <Day>03</Day>        </DateCreated>        <DateCompleted>            <Year>2010</Year>            <Month>07</Month>            <Day>02</Day>        </DateCompleted>        <DateRevised>            <Year>2010</Year>            <Month>07</Month>            <Day>12</Day>        </DateRevised>        <Article PubModel="Print">            <Journal>                <ISSN IssnType="Print">0036-8075</ISSN>                <JournalIssue CitedMedium="Print">                    <Volume>107</Volume>                    <Issue>2790</Issue>                    <PubDate>                        <Year>1948</Year>                        <Month>Jun</Month>                        <Day>18</Day>                    </PubDate>                </JournalIssue>                <Title>Science (New York, N.Y.)</Title>                <ISOAbbreviation>Science</ISOAbbreviation>            </Journal>            <ArticleTitle>Studies on Hypoproteinemia: III. Lymphoid Hyperplasia and Redistribution of Nitrogen Caused in Mice by Transplanted Tumors (Sarcoma 180 and Breast Adenocarcinoma EO 771).</ArticleTitle>            <Pagination>                <MedlinePgn>648-9</MedlinePgn>            </Pagination>            <AuthorList CompleteYN="Y">                <Author ValidYN="Y">                    <LastName>Homburger</LastName>                    <ForeName>F</ForeName>                    <Initials>F</Initials>                </Author>            </AuthorList>            <Language>eng</Language>            <PublicationTypeList>                <PublicationType UI="D016428">Journal Article</PublicationType>            </PublicationTypeList>        </Article>        <MedlineJournalInfo>            <Country>United States</Country>            <MedlineTA>Science</MedlineTA>            <NlmUniqueID>0404511</NlmUniqueID>            <ISSNLinking>0036-8075</ISSNLinking>        </MedlineJournalInfo>        <CitationSubset>OM</CitationSubset>        <OtherID Source="CLML">4815:416p</OtherID>        <KeywordList Owner="NLM">            <Keyword MajorTopicYN="Y">CANCER/experimental</Keyword>        </KeywordList>    </MedlineCitation>    <PubmedData>        <History>            <PubMedPubDate PubStatus="pubmed">                <Year>1948</Year>                <Month>6</Month>                <Day>18</Day>                <Hour>0</Hour>                <Minute>0</Minute>            </PubMedPubDate>            <PubMedPubDate PubStatus="medline">                <Year>1948</Year>                <Month>6</Month>                <Day>18</Day>                <Hour>0</Hour>                <Minute>1</Minute>            </PubMedPubDate>            <PubMedPubDate PubStatus="entrez">                <Year>1948</Year>                <Month>6</Month>                <Day>18</Day>                <Hour>0</Hour>                <Minute>0</Minute>            </PubMedPubDate>        </History>        <PublicationStatus>ppublish</PublicationStatus>        <ArticleIdList>            <ArticleId IdType="pii">107/2790/648</ArticleId>            <ArticleId IdType="doi">10.1126/science.107.2790.648</ArticleId>            <ArticleId IdType="pubmed">17735505</ArticleId>        </ArticleIdList>    </PubmedData></PubmedArticle><PubmedArticle>    <MedlineCitation Owner="NLM" Status="OLDMEDLINE">        <PMID Version="1">17754936</PMID>        <DateCreated>            <Year>2010</Year>            <Month>06</Month>            <Day>03</Day>        </DateCreated>        <DateCompleted>            <Year>2010</Year>            <Month>07</Month>            <Day>02</Day>        </DateCompleted>        <DateRevised>            <Year>2010</Year>            <Month>07</Month>            <Day>12</Day>        </DateRevised>        <Article PubModel="Print">            <Journal>                <ISSN IssnType="Print">0036-8075</ISSN>                <JournalIssue CitedMedium="Print">                    <Volume>107</Volume>                    <Issue>2788</Issue>                    <PubDate>                        <Year>1948</Year>                        <Month>Jun</Month>                        <Day>4</Day>                    </PubDate>                </JournalIssue>                <Title>Science (New York, N.Y.)</Title>                <ISOAbbreviation>Science</ISOAbbreviation>            </Journal>            <ArticleTitle>Trypanosoma cruzi Endotoxin (KR) in the Treatment of Malignant Mouse Tumors.</ArticleTitle>            <Pagination>                <MedlinePgn>600-2</MedlinePgn>            </Pagination>            <AuthorList CompleteYN="Y">                <Author ValidYN="Y">                    <LastName>Hauschka</LastName>                    <ForeName>T S</ForeName>                    <Initials>TS</Initials>                </Author>                <Author ValidYN="Y">                    <LastName>Goodwin</LastName>                    <ForeName>M B</ForeName>                    <Initials>MB</Initials>                </Author>            </AuthorList>            <Language>eng</Language>            <PublicationTypeList>                <PublicationType UI="D016428">Journal Article</PublicationType>            </PublicationTypeList>        </Article>        <MedlineJournalInfo>            <Country>United States</Country>            <MedlineTA>Science</MedlineTA>            <NlmUniqueID>0404511</NlmUniqueID>            <ISSNLinking>0036-8075</ISSNLinking>        </MedlineJournalInfo>        <CitationSubset>OM</CitationSubset>        <MeshHeadingList>            <MeshHeading>                <DescriptorName MajorTopicYN="N" UI="D009369">Neoplasms</DescriptorName>                <QualifierName MajorTopicYN="Y" UI="Q000628">therapy</QualifierName>            </MeshHeading>        </MeshHeadingList>        <OtherID Source="CLML">4815:497c</OtherID>        <KeywordList Owner="NLM">            <Keyword MajorTopicYN="Y">TRYPANOSOMA/toxin</Keyword>            <Keyword MajorTopicYN="Y">TUMORS/experimental</Keyword>            <Keyword MajorTopicYN="Y">TUMORS/therapy</Keyword>        </KeywordList>    </MedlineCitation>    <PubmedData>        <History>            <PubMedPubDate PubStatus="pubmed">                <Year>1948</Year>                <Month>6</Month>                <Day>4</Day>                <Hour>0</Hour>                <Minute>0</Minute>            </PubMedPubDate>            <PubMedPubDate PubStatus="medline">                <Year>1948</Year>                <Month>6</Month>                <Day>4</Day>                <Hour>0</Hour>                <Minute>1</Minute>            </PubMedPubDate>            <PubMedPubDate PubStatus="entrez">                <Year>1948</Year>                <Month>6</Month>                <Day>4</Day>                <Hour>0</Hour>                <Minute>0</Minute>            </PubMedPubDate>        </History>        <PublicationStatus>ppublish</PublicationStatus>        <ArticleIdList>            <ArticleId IdType="pii">107/2788/600</ArticleId>            <ArticleId IdType="doi">10.1126/science.107.2788.600</ArticleId>            <ArticleId IdType="pubmed">17754936</ArticleId>        </ArticleIdList>    </PubmedData></PubmedArticle><PubmedArticle>    <MedlineCitation Owner="NLM" Status="OLDMEDLINE">        <PMID Version="1">17779204</PMID>        <DateCreated>            <Year>2010</Year>            <Month>06</Month>            <Day>03</Day>        </DateCreated>        <DateCompleted>            <Year>2010</Year>            <Month>07</Month>            <Day>02</Day>        </DateCompleted>        <DateRevised>            <Year>2011</Year>            <Month>04</Month>            <Day>11</Day>        </DateRevised>        <Article PubModel="Print">            <Journal>                <ISSN IssnType="Print">0036-8075</ISSN>                <JournalIssue CitedMedium="Print">                    <Volume>107</Volume>                    <Issue>2787</Issue>                    <PubDate>                        <Year>1948</Year>                        <Month>May</Month>                        <Day>28</Day>                    </PubDate>                </JournalIssue>                <Title>Science (New York, N.Y.)</Title>                <ISOAbbreviation>Science</ISOAbbreviation>            </Journal>            <ArticleTitle>Use of Radioactive Diiodofluorescein in the Diagnosis and Localization of Brain Tumors.</ArticleTitle>            <Pagination>                <MedlinePgn>569-71</MedlinePgn>            </Pagination>            <AuthorList CompleteYN="Y">                <Author ValidYN="Y">                    <LastName>Moore</LastName>                    <ForeName>G E</ForeName>                    <Initials>GE</Initials>                </Author>            </AuthorList>            <Language>eng</Language>            <PublicationTypeList>                <PublicationType UI="D016428">Journal Article</PublicationType>            </PublicationTypeList>        </Article>        <MedlineJournalInfo>            <Country>United States</Country>            <MedlineTA>Science</MedlineTA>            <NlmUniqueID>0404511</NlmUniqueID>            <ISSNLinking>0036-8075</ISSNLinking>        </MedlineJournalInfo>        <CitationSubset>OM</CitationSubset>        <MeshHeadingList>            <MeshHeading>                <DescriptorName MajorTopicYN="Y" UI="D001932">Brain Neoplasms</DescriptorName>            </MeshHeading>        </MeshHeadingList>        <OtherID Source="CLML">4815:261l</OtherID>        <KeywordList Owner="NLM">            <Keyword MajorTopicYN="Y">BRAIN/tumor</Keyword>            <Keyword MajorTopicYN="Y">IODINE AND COMPOUNDS/radioactive</Keyword>        </KeywordList>    </MedlineCitation>    <PubmedData>        <History>            <PubMedPubDate PubStatus="pubmed">                <Year>1948</Year>                <Month>5</Month>                <Day>28</Day>                <Hour>0</Hour>                <Minute>0</Minute>            </PubMedPubDate>            <PubMedPubDate PubStatus="medline">                <Year>1948</Year>                <Month>5</Month>                <Day>28</Day>                <Hour>0</Hour>                <Minute>1</Minute>            </PubMedPubDate>            <PubMedPubDate PubStatus="entrez">                <Year>1948</Year>                <Month>5</Month>                <Day>28</Day>                <Hour>0</Hour>                <Minute>0</Minute>            </PubMedPubDate>        </History>        <PublicationStatus>ppublish</PublicationStatus>        <ArticleIdList>            <ArticleId IdType="pii">107/2787/569</ArticleId>            <ArticleId IdType="doi">10.1126/science.107.2787.569</ArticleId>            <ArticleId IdType="pubmed">17779204</ArticleId>        </ArticleIdList>    </PubmedData></PubmedArticle><PubmedArticle>    <MedlineCitation Owner="NLM" Status="MEDLINE">        <PMID Version="1">17737359</PMID>        <DateCreated>            <Year>2010</Year>            <Month>06</Month>            <Day>03</Day>        </DateCreated>        <DateCompleted>            <Year>2010</Year>            <Month>07</Month>            <Day>02</Day>        </DateCompleted>        <DateRevised>            <Year>2011</Year>            <Month>04</Month>            <Day>11</Day>        </DateRevised>        <Article PubModel="Print">            <Journal>                <ISSN IssnType="Print">0036-8075</ISSN>                <JournalIssue CitedMedium="Print">                    <Volume>107</Volume>                    <Issue>2786</Issue>                    <PubDate>                        <Year>1948</Year>                        <Month>May</Month>                        <Day>21</Day>                    </PubDate>                </JournalIssue>                <Title>Science (New York, N.Y.)</Title>                <ISOAbbreviation>Science</ISOAbbreviation>            </Journal>            <ArticleTitle>The Change in the Leucocytic Formula by the Leucocytosis-promoting Factor of Exudates in Experimental Leucemia.</ArticleTitle>            <Pagination>                <MedlinePgn>546-7</MedlinePgn>            </Pagination>            <AuthorList CompleteYN="Y">                <Author ValidYN="Y">                    <LastName>Menkin</LastName>                    <ForeName>V</ForeName>                    <Initials>V</Initials>                </Author>            </AuthorList>            <Language>eng</Language>            <PublicationTypeList>                <PublicationType UI="D016428">Journal Article</PublicationType>            </PublicationTypeList>        </Article>        <MedlineJournalInfo>            <Country>United States</Country>            <MedlineTA>Science</MedlineTA>            <NlmUniqueID>0404511</NlmUniqueID>            <ISSNLinking>0036-8075</ISSNLinking>        </MedlineJournalInfo>        <CitationSubset>OM</CitationSubset>        <MeshHeadingList>            <MeshHeading>                <DescriptorName MajorTopicYN="Y" UI="D007942">Leukemia, Experimental</DescriptorName>            </MeshHeading>        </MeshHeadingList>        <OtherID Source="CLML">4815:341a</OtherID>        <KeywordList Owner="NLM">            <Keyword MajorTopicYN="Y">LEUKEMIA/experimental</Keyword>        </KeywordList>    </MedlineCitation>    <PubmedData>        <History>            <PubMedPubDate PubStatus="pubmed">                <Year>1948</Year>                <Month>5</Month>                <Day>21</Day>                <Hour>0</Hour>                <Minute>0</Minute>            </PubMedPubDate>            <PubMedPubDate PubStatus="medline">                <Year>1948</Year>                <Month>5</Month>                <Day>21</Day>                <Hour>0</Hour>                <Minute>1</Minute>            </PubMedPubDate>            <PubMedPubDate PubStatus="entrez">                <Year>1948</Year>                <Month>5</Month>                <Day>21</Day>                <Hour>0</Hour>                <Minute>0</Minute>            </PubMedPubDate>        </History>        <PublicationStatus>ppublish</PublicationStatus>        <ArticleIdList>            <ArticleId IdType="pii">107/2786/546</ArticleId>            <ArticleId IdType="doi">10.1126/science.107.2786.546</ArticleId>            <ArticleId IdType="pubmed">17737359</ArticleId>        </ArticleIdList>    </PubmedData></PubmedArticle><PubmedArticle>    <MedlineCitation Owner="NLM" Status="PubMed-not-MEDLINE">        <PMID Version="1">17783927</PMID>        <DateCreated>            <Year>2010</Year>            <Month>06</Month>            <Day>03</Day>        </DateCreated>        <DateCompleted>            <Year>2010</Year>            <Month>07</Month>            <Day>02</Day>        </DateCompleted>        <Article PubModel="Print">            <Journal>                <ISSN IssnType="Print">0036-8075</ISSN>                <JournalIssue CitedMedium="Print">                    <Volume>107</Volume>                    <Issue>2781</Issue>                    <PubDate>                        <Year>1948</Year>                        <Month>Apr</Month>                        <Day>16</Day>                    </PubDate>                </JournalIssue>                <Title>Science (New York, N.Y.)</Title>                <ISOAbbreviation>Science</ISOAbbreviation>            </Journal>            <ArticleTitle>Courses on the Biochemistry of Cancer.</ArticleTitle>            <Pagination>                <MedlinePgn>392</MedlinePgn>            </Pagination>            <Language>eng</Language>            <PublicationTypeList>                <PublicationType UI="D016428">Journal Article</PublicationType>            </PublicationTypeList>        </Article>        <MedlineJournalInfo>            <Country>United States</Country>            <MedlineTA>Science</MedlineTA>            <NlmUniqueID>0404511</NlmUniqueID>            <ISSNLinking>0036-8075</ISSNLinking>        </MedlineJournalInfo>    </MedlineCitation>    <PubmedData>        <History>            <PubMedPubDate PubStatus="pubmed">                <Year>1948</Year>                <Month>4</Month>                <Day>16</Day>                <Hour>0</Hour>                <Minute>0</Minute>            </PubMedPubDate>            <PubMedPubDate PubStatus="medline">                <Year>1948</Year>                <Month>4</Month>                <Day>16</Day>                <Hour>0</Hour>                <Minute>1</Minute>            </PubMedPubDate>            <PubMedPubDate PubStatus="entrez">                <Year>1948</Year>                <Month>4</Month>                <Day>16</Day>                <Hour>0</Hour>                <Minute>0</Minute>            </PubMedPubDate>        </History>        <PublicationStatus>ppublish</PublicationStatus>        <ArticleIdList>            <ArticleId IdType="pii">107/2781/392</ArticleId>            <ArticleId IdType="doi">10.1126/science.107.2781.392</ArticleId>            <ArticleId IdType="pubmed">17783927</ArticleId>        </ArticleIdList>    </PubmedData></PubmedArticle><PubmedArticle>    <MedlineCitation Owner="NLM" Status="PubMed-not-MEDLINE">        <PMID Version="1">17790597</PMID>        <DateCreated>            <Year>2010</Year>            <Month>06</Month>            <Day>03</Day>        </DateCreated>        <DateCompleted>            <Year>2010</Year>            <Month>07</Month>            <Day>02</Day>        </DateCompleted>        <Article PubModel="Print">            <Journal>                <ISSN IssnType="Print">0036-8075</ISSN>                <JournalIssue CitedMedium="Print">                    <Volume>107</Volume>                    <Issue>2779</Issue>                    <PubDate>                        <Year>1948</Year>                        <Month>Apr</Month>                        <Day>2</Day>                    </PubDate>                </JournalIssue>                <Title>Science (New York, N.Y.)</Title>                <ISOAbbreviation>Science</ISOAbbreviation>            </Journal>            <ArticleTitle>Correction.</ArticleTitle>            <Pagination>                <MedlinePgn>343</MedlinePgn>            </Pagination>            <Abstract>                <AbstractText>It has been called to our attention that the item on National Institute of Health Fellowships for training research personnel in tissue culture (Science, February 20, p. 185) should be clarified with respect to the following two points: (1) Eligibility for these fellowships is not limited to individuals connected with the Tissue Culture Commission but may apply to any properly qualified research worker. (2) Tissue culture research in the field of cancer is especially welcome, but the projects offered need not be limited to this area.</AbstractText>            </Abstract>            <Language>eng</Language>            <PublicationTypeList>                <PublicationType UI="D016428">Journal Article</PublicationType>            </PublicationTypeList>        </Article>        <MedlineJournalInfo>            <Country>United States</Country>            <MedlineTA>Science</MedlineTA>            <NlmUniqueID>0404511</NlmUniqueID>            <ISSNLinking>0036-8075</ISSNLinking>        </MedlineJournalInfo>    </MedlineCitation>    <PubmedData>        <History>            <PubMedPubDate PubStatus="pubmed">                <Year>1948</Year>                <Month>4</Month>                <Day>2</Day>                <Hour>0</Hour>                <Minute>0</Minute>            </PubMedPubDate>            <PubMedPubDate PubStatus="medline">                <Year>1948</Year>                <Month>4</Month>                <Day>2</Day>                <Hour>0</Hour>                <Minute>1</Minute>            </PubMedPubDate>            <PubMedPubDate PubStatus="entrez">                <Year>1948</Year>                <Month>4</Month>                <Day>2</Day>                <Hour>0</Hour>                <Minute>0</Minute>            </PubMedPubDate>        </History>        <PublicationStatus>ppublish</PublicationStatus>        <ArticleIdList>            <ArticleId IdType="pii">107/2779/343</ArticleId>            <ArticleId IdType="doi">10.1126/science.107.2779.343</ArticleId>            <ArticleId IdType="pubmed">17790597</ArticleId>        </ArticleIdList>    </PubmedData></PubmedArticle><PubmedArticle>    <MedlineCitation Owner="NLM" Status="MEDLINE">        <PMID Version="1">17732263</PMID>        <DateCreated>            <Year>2010</Year>            <Month>06</Month>            <Day>03</Day>        </DateCreated>        <DateCompleted>            <Year>2010</Year>            <Month>07</Month>            <Day>02</Day>        </DateCompleted>        <DateRevised>            <Year>2014</Year>            <Month>08</Month>            <Day>12</Day>        </DateRevised>        <Article PubModel="Print">            <Journal>                <ISSN IssnType="Print">0036-8075</ISSN>                <JournalIssue CitedMedium="Print">                    <Volume>107</Volume>                    <Issue>2778</Issue>                    <PubDate>                        <Year>1948</Year>                        <Month>Mar</Month>                        <Day>26</Day>                    </PubDate>                </JournalIssue>                <Title>Science (New York, N.Y.)</Title>                <ISOAbbreviation>Science</ISOAbbreviation>            </Journal>            <ArticleTitle>Granulosa Cell Tumors in Female Rats and Rabbits.</ArticleTitle>            <Pagination>                <MedlinePgn>319-20</MedlinePgn>            </Pagination>            <AuthorList CompleteYN="Y">                <Author ValidYN="Y">                    <LastName>Peckham</LastName>                    <ForeName>B M</ForeName>                    <Initials>BM</Initials>                </Author>                <Author ValidYN="Y">                    <LastName>Greene</LastName>                    <ForeName>R B</ForeName>                    <Initials>RB</Initials>                </Author>                <Author ValidYN="Y">                    <LastName>Jeffries</LastName>                    <ForeName>M E</ForeName>                    <Initials>ME</Initials>                </Author>            </AuthorList>            <Language>eng</Language>            <PublicationTypeList>                <PublicationType UI="D016428">Journal Article</PublicationType>            </PublicationTypeList>        </Article>        <MedlineJournalInfo>            <Country>United States</Country>            <MedlineTA>Science</MedlineTA>            <NlmUniqueID>0404511</NlmUniqueID>            <ISSNLinking>0036-8075</ISSNLinking>        </MedlineJournalInfo>        <CitationSubset>OM</CitationSubset>        <MeshHeadingList>            <MeshHeading>                <DescriptorName MajorTopicYN="Y" UI="D006106">Granulosa Cell Tumor</DescriptorName>            </MeshHeading>            <MeshHeading>                <DescriptorName MajorTopicYN="Y" UI="D009369">Neoplasms</DescriptorName>            </MeshHeading>            <MeshHeading>                <DescriptorName MajorTopicYN="Y" UI="D010053">Ovary</DescriptorName>            </MeshHeading>        </MeshHeadingList>        <OtherID Source="CLML">4814:705m1</OtherID>        <KeywordList Owner="NLM">            <Keyword MajorTopicYN="Y">OVARY/tumors</Keyword>            <Keyword MajorTopicYN="Y">TUMORS/granulosa cell</Keyword>        </KeywordList>    </MedlineCitation>    <PubmedData>        <History>            <PubMedPubDate PubStatus="pubmed">                <Year>1948</Year>                <Month>3</Month>                <Day>26</Day>                <Hour>0</Hour>                <Minute>0</Minute>            </PubMedPubDate>            <PubMedPubDate PubStatus="medline">                <Year>1948</Year>                <Month>3</Month>                <Day>26</Day>                <Hour>0</Hour>                <Minute>1</Minute>            </PubMedPubDate>            <PubMedPubDate PubStatus="entrez">                <Year>1948</Year>                <Month>3</Month>                <Day>26</Day>                <Hour>0</Hour>                <Minute>0</Minute>            </PubMedPubDate>        </History>        <PublicationStatus>ppublish</PublicationStatus>        <ArticleIdList>            <ArticleId IdType="pii">107/2778/319</ArticleId>            <ArticleId IdType="doi">10.1126/science.107.2778.319</ArticleId>            <ArticleId IdType="pubmed">17732263</ArticleId>        </ArticleIdList>    </PubmedData></PubmedArticle><PubmedArticle>    <MedlineCitation Owner="NLM" Status="OLDMEDLINE">        <PMID Version="1">17753391</PMID>        <DateCreated>            <Year>2010</Year>            <Month>06</Month>            <Day>03</Day>        </DateCreated>        <DateCompleted>            <Year>2010</Year>            <Month>07</Month>            <Day>02</Day>        </DateCompleted>        <DateRevised>            <Year>2014</Year>            <Month>08</Month>            <Day>12</Day>        </DateRevised>        <Article PubModel="Print">            <Journal>                <ISSN IssnType="Print">0036-8075</ISSN>                <JournalIssue CitedMedium="Print">                    <Volume>107</Volume>                    <Issue>2770</Issue>                    <PubDate>                        <Year>1948</Year>                        <Month>Jan</Month>                        <Day>30</Day>                    </PubDate>                </JournalIssue>                <Title>Science (New York, N.Y.)</Title>                <ISOAbbreviation>Science</ISOAbbreviation>            </Journal>            <ArticleTitle>Regression of Lymphosarcoma Produced by Intraperitoneal Administration of 95% Ethyl Alcohol.</ArticleTitle>            <Pagination>                <MedlinePgn>114-5</MedlinePgn>            </Pagination>            <AuthorList CompleteYN="Y">                <Author ValidYN="Y">                    <LastName>Bass</LastName>                    <ForeName>A D</ForeName>                    <Initials>AD</Initials>                </Author>                <Author ValidYN="Y">                    <LastName>Freeman</LastName>                    <ForeName>M L</ForeName>                    <Initials>ML</Initials>                </Author>            </AuthorList>            <Language>eng</Language>            <PublicationTypeList>                <PublicationType UI="D016428">Journal Article</PublicationType>            </PublicationTypeList>        </Article>        <MedlineJournalInfo>            <Country>United States</Country>            <MedlineTA>Science</MedlineTA>            <NlmUniqueID>0404511</NlmUniqueID>            <ISSNLinking>0036-8075</ISSNLinking>        </MedlineJournalInfo>        <CitationSubset>OM</CitationSubset>        <MeshHeadingList>            <MeshHeading>                <DescriptorName MajorTopicYN="Y" UI="D008228">Lymphoma, Non-Hodgkin</DescriptorName>            </MeshHeading>            <MeshHeading>                <DescriptorName MajorTopicYN="Y" UI="D012509">Sarcoma</DescriptorName>            </MeshHeading>        </MeshHeadingList>        <OtherID Source="CLML">4814:648a</OtherID>        <KeywordList Owner="NLM">            <Keyword MajorTopicYN="Y">ALCOHOL/effects</Keyword>            <Keyword MajorTopicYN="Y">SARCOMA/lymphosarcoma</Keyword>        </KeywordList>    </MedlineCitation>    <PubmedData>        <History>            <PubMedPubDate PubStatus="pubmed">                <Year>1948</Year>                <Month>1</Month>                <Day>30</Day>                <Hour>0</Hour>                <Minute>0</Minute>            </PubMedPubDate>            <PubMedPubDate PubStatus="medline">                <Year>1948</Year>                <Month>1</Month>                <Day>30</Day>                <Hour>0</Hour>                <Minute>1</Minute>            </PubMedPubDate>            <PubMedPubDate PubStatus="entrez">                <Year>1948</Year>                <Month>1</Month>                <Day>30</Day>                <Hour>0</Hour>                <Minute>0</Minute>            </PubMedPubDate>        </History>        <PublicationStatus>ppublish</PublicationStatus>        <ArticleIdList>            <ArticleId IdType="pii">107/2770/114</ArticleId>            <ArticleId IdType="doi">10.1126/science.107.2770.114</ArticleId>            <ArticleId IdType="pubmed">17753391</ArticleId>        </ArticleIdList>    </PubmedData></PubmedArticle><PubmedArticle>    <MedlineCitation Owner="NLM" Status="OLDMEDLINE">        <PMID Version="1">17753386</PMID>        <DateCreated>            <Year>2010</Year>            <Month>06</Month>            <Day>03</Day>        </DateCreated>        <DateCompleted>            <Year>2010</Year>            <Month>07</Month>            <Day>02</Day>        </DateCompleted>        <DateRevised>            <Year>2010</Year>            <Month>07</Month>            <Day>12</Day>        </DateRevised>        <Article PubModel="Print">            <Journal>                <ISSN IssnType="Print">0036-8075</ISSN>                <JournalIssue CitedMedium="Print">                    <Volume>107</Volume>                    <Issue>2770</Issue>                    <PubDate>                        <Year>1948</Year>                        <Month>Jan</Month>                        <Day>30</Day>                    </PubDate>                </JournalIssue>                <Title>Science (New York, N.Y.)</Title>                <ISOAbbreviation>Science</ISOAbbreviation>            </Journal>            <ArticleTitle>Symbiosis, Antibiosis, and Cancer.</ArticleTitle>            <Pagination>                <MedlinePgn>101-4</MedlinePgn>            </Pagination>            <AuthorList CompleteYN="Y">                <Author ValidYN="Y">                    <LastName>Cowdry</LastName>                    <ForeName>E V</ForeName>                    <Initials>EV</Initials>                </Author>            </AuthorList>            <Language>eng</Language>            <PublicationTypeList>                <PublicationType UI="D016428">Journal Article</PublicationType>            </PublicationTypeList>        </Article>        <MedlineJournalInfo>            <Country>United States</Country>            <MedlineTA>Science</MedlineTA>            <NlmUniqueID>0404511</NlmUniqueID>            <ISSNLinking>0036-8075</ISSNLinking>        </MedlineJournalInfo>        <CitationSubset>OM</CitationSubset>        <OtherID Source="CLML">4814:647v</OtherID>        <KeywordList Owner="NLM">            <Keyword MajorTopicYN="Y">CANCER/etiology and pathogenesis</Keyword>        </KeywordList>    </MedlineCitation>    <PubmedData>        <History>            <PubMedPubDate PubStatus="pubmed">                <Year>1948</Year>                <Month>1</Month>                <Day>30</Day>                <Hour>0</Hour>                <Minute>0</Minute>            </PubMedPubDate>            <PubMedPubDate PubStatus="medline">                <Year>1948</Year>                <Month>1</Month>                <Day>30</Day>                <Hour>0</Hour>                <Minute>1</Minute>            </PubMedPubDate>            <PubMedPubDate PubStatus="entrez">                <Year>1948</Year>                <Month>1</Month>                <Day>30</Day>                <Hour>0</Hour>                <Minute>0</Minute>            </PubMedPubDate>        </History>        <PublicationStatus>ppublish</PublicationStatus>        <ArticleIdList>            <ArticleId IdType="pii">107/2770/101</ArticleId>            <ArticleId IdType="doi">10.1126/science.107.2770.101</ArticleId>            <ArticleId IdType="pubmed">17753386</ArticleId>        </ArticleIdList>    </PubmedData></PubmedArticle><PubmedArticle>    <MedlineCitation Owner="NLM" Status="MEDLINE">        <PMID Version="1">17778245</PMID>        <DateCreated>            <Year>2010</Year>            <Month>06</Month>            <Day>03</Day>        </DateCreated>        <DateCompleted>            <Year>2010</Year>            <Month>07</Month>            <Day>02</Day>        </DateCompleted>        <DateRevised>            <Year>2010</Year>            <Month>12</Month>            <Day>08</Day>        </DateRevised>        <Article PubModel="Print">            <Journal>                <ISSN IssnType="Print">0036-8075</ISSN>                <JournalIssue CitedMedium="Print">                    <Volume>107</Volume>                    <Issue>2767</Issue>                    <PubDate>                        <Year>1948</Year>                        <Month>Jan</Month>                        <Day>9</Day>                    </PubDate>                </JournalIssue>                <Title>Science (New York, N.Y.)</Title>                <ISOAbbreviation>Science</ISOAbbreviation>            </Journal>            <ArticleTitle>Nitrogen Mustards in Fowl Leucosis.</ArticleTitle>            <Pagination>                <MedlinePgn>40-2</MedlinePgn>            </Pagination>            <AuthorList CompleteYN="Y">                <Author ValidYN="Y">                    <LastName>Johnson</LastName>                    <ForeName>E P</ForeName>                    <Initials>EP</Initials>                </Author>            </AuthorList>            <Language>eng</Language>            <PublicationTypeList>                <PublicationType UI="D016428">Journal Article</PublicationType>            </PublicationTypeList>        </Article>        <MedlineJournalInfo>            <Country>United States</Country>            <MedlineTA>Science</MedlineTA>            <NlmUniqueID>0404511</NlmUniqueID>            <ISSNLinking>0036-8075</ISSNLinking>        </MedlineJournalInfo>        <CitationSubset>OM</CitationSubset>        <MeshHeadingList>            <MeshHeading>                <DescriptorName MajorTopicYN="N" UI="D007938">Leukemia</DescriptorName>                <QualifierName MajorTopicYN="Y" UI="Q000628">therapy</QualifierName>            </MeshHeading>        </MeshHeadingList>        <OtherID Source="CLML">4814:291s</OtherID>        <KeywordList Owner="NLM">            <Keyword MajorTopicYN="Y">LEUKEMIA/therapy</Keyword>        </KeywordList>    </MedlineCitation>    <PubmedData>        <History>            <PubMedPubDate PubStatus="pubmed">                <Year>1948</Year>                <Month>1</Month>                <Day>9</Day>                <Hour>0</Hour>                <Minute>0</Minute>            </PubMedPubDate>            <PubMedPubDate PubStatus="medline">                <Year>1948</Year>                <Month>1</Month>                <Day>9</Day>                <Hour>0</Hour>                <Minute>1</Minute>            </PubMedPubDate>            <PubMedPubDate PubStatus="entrez">                <Year>1948</Year>                <Month>1</Month>                <Day>9</Day>                <Hour>0</Hour>                <Minute>0</Minute>            </PubMedPubDate>        </History>        <PublicationStatus>ppublish</PublicationStatus>        <ArticleIdList>            <ArticleId IdType="pii">107/2767/40</ArticleId>            <ArticleId IdType="doi">10.1126/science.107.2767.40</ArticleId>            <ArticleId IdType="pubmed">17778245</ArticleId>        </ArticleIdList>    </PubmedData></PubmedArticle></PubmedArticleSet>