<?xml version="1.0"?><!DOCTYPE PubmedArticleSet PUBLIC "-//NLM//DTD PubMedArticle, 1st January 2015//EN" "http://www.ncbi.nlm.nih.gov/corehtml/query/DTD/pubmed_150101.dtd"><PubmedArticleSet><PubmedArticle>    <MedlineCitation Owner="NLM" Status="MEDLINE">        <PMID Version="1">21002768</PMID>        <DateCreated>            <Year>1946</Year>            <Month>12</Month>            <Day>01</Day>        </DateCreated>        <DateCompleted>            <Year>2010</Year>            <Month>11</Month>            <Day>12</Day>        </DateCompleted>        <DateRevised>            <Year>2010</Year>            <Month>12</Month>            <Day>08</Day>        </DateRevised>        <Article PubModel="Print">            <Journal>                <ISSN IssnType="Print">0036-8075</ISSN>                <JournalIssue CitedMedium="Print">                    <Volume>104</Volume>                    <Issue>2708</Issue>                    <PubDate>                        <Year>1946</Year>                        <Month>Nov</Month>                        <Day>22</Day>                    </PubDate>                </JournalIssue>                <Title>Science (New York, N.Y.)</Title>                <ISOAbbreviation>Science</ISOAbbreviation>            </Journal>            <ArticleTitle>Some notes on the cancer problem.</ArticleTitle>            <Pagination>                <MedlinePgn>491</MedlinePgn>            </Pagination>            <AuthorList CompleteYN="Y">                <Author ValidYN="Y">                    <LastName>KOSOLAPOFF</LastName>                    <ForeName>G M</ForeName>                    <Initials>GM</Initials>                </Author>            </AuthorList>            <Language>eng</Language>            <PublicationTypeList>                <PublicationType UI="D016428">Journal Article</PublicationType>            </PublicationTypeList>        </Article>        <MedlineJournalInfo>            <Country>Not Available</Country>            <MedlineTA>Science</MedlineTA>            <NlmUniqueID>0404511</NlmUniqueID>            <ISSNLinking>0036-8075</ISSNLinking>        </MedlineJournalInfo>        <CitationSubset>OM</CitationSubset>        <MeshHeadingList>            <MeshHeading>                <DescriptorName MajorTopicYN="Y" UI="D009369">Neoplasms</DescriptorName>            </MeshHeading>        </MeshHeadingList>        <OtherID Source="CLML">4611:971k</OtherID>        <KeywordList Owner="NLM">            <Keyword MajorTopicYN="Y">CANCER</Keyword>        </KeywordList>    </MedlineCitation>    <PubmedData>        <History>            <PubMedPubDate PubStatus="entrez">                <Year>2010</Year>                <Month>10</Month>                <Day>29</Day>                <Hour>6</Hour>                <Minute>0</Minute>            </PubMedPubDate>            <PubMedPubDate PubStatus="pubmed">                <Year>1946</Year>                <Month>11</Month>                <Day>22</Day>                <Hour>0</Hour>                <Minute>0</Minute>            </PubMedPubDate>            <PubMedPubDate PubStatus="medline">                <Year>2010</Year>                <Month>12</Month>                <Day>14</Day>                <Hour>6</Hour>                <Minute>0</Minute>            </PubMedPubDate>        </History>        <PublicationStatus>ppublish</PublicationStatus>        <ArticleIdList>            <ArticleId IdType="pubmed">21002768</ArticleId>        </ArticleIdList>    </PubmedData></PubmedArticle><PubmedArticle>    <MedlineCitation Owner="NLM" Status="PubMed-not-MEDLINE">        <PMID Version="1">17734654</PMID>        <DateCreated>            <Year>2010</Year>            <Month>06</Month>            <Day>03</Day>        </DateCreated>        <DateCompleted>            <Year>2010</Year>            <Month>07</Month>            <Day>02</Day>        </DateCompleted>        <Article PubModel="Print">            <Journal>                <ISSN IssnType="Print">0036-8075</ISSN>                <JournalIssue CitedMedium="Print">                    <Volume>104</Volume>                    <Issue>2708</Issue>                    <PubDate>                        <Year>1946</Year>                        <Month>Nov</Month>                        <Day>22</Day>                    </PubDate>                </JournalIssue>                <Title>Science (New York, N.Y.)</Title>                <ISOAbbreviation>Science</ISOAbbreviation>            </Journal>            <ArticleTitle>Some Notes on the Cancer Problem.</ArticleTitle>            <Pagination>                <MedlinePgn>491-2</MedlinePgn>            </Pagination>            <AuthorList CompleteYN="Y">                <Author ValidYN="Y">                    <LastName>Kosolapoff</LastName>                    <ForeName>G M</ForeName>                    <Initials>GM</Initials>                </Author>            </AuthorList>            <Language>eng</Language>            <PublicationTypeList>                <PublicationType UI="D016428">Journal Article</PublicationType>            </PublicationTypeList>        </Article>        <MedlineJournalInfo>            <Country>United States</Country>            <MedlineTA>Science</MedlineTA>            <NlmUniqueID>0404511</NlmUniqueID>            <ISSNLinking>0036-8075</ISSNLinking>        </MedlineJournalInfo>    </MedlineCitation>    <PubmedData>        <History>            <PubMedPubDate PubStatus="pubmed">                <Year>1946</Year>                <Month>11</Month>                <Day>22</Day>                <Hour>0</Hour>                <Minute>0</Minute>            </PubMedPubDate>            <PubMedPubDate PubStatus="medline">                <Year>1946</Year>                <Month>11</Month>                <Day>22</Day>                <Hour>0</Hour>                <Minute>1</Minute>            </PubMedPubDate>            <PubMedPubDate PubStatus="entrez">                <Year>1946</Year>                <Month>11</Month>                <Day>22</Day>                <Hour>0</Hour>                <Minute>0</Minute>            </PubMedPubDate>        </History>        <PublicationStatus>ppublish</PublicationStatus>        <ArticleIdList>            <ArticleId IdType="pii">104/2708/491</ArticleId>            <ArticleId IdType="doi">10.1126/science.104.2708.491</ArticleId>            <ArticleId IdType="pubmed">17734654</ArticleId>        </ArticleIdList>    </PubmedData></PubmedArticle><PubmedArticle>    <MedlineCitation Owner="NLM" Status="MEDLINE">        <PMID Version="1">21001961</PMID>        <DateCreated>            <Year>1946</Year>            <Month>12</Month>            <Day>01</Day>        </DateCreated>        <DateCompleted>            <Year>2010</Year>            <Month>11</Month>            <Day>12</Day>        </DateCompleted>        <DateRevised>            <Year>2014</Year>            <Month>08</Month>            <Day>12</Day>        </DateRevised>        <Article PubModel="Print">            <Journal>                <ISSN IssnType="Print">0036-8075</ISSN>                <JournalIssue CitedMedium="Print">                    <Volume>104</Volume>                    <Issue>2706</Issue>                    <PubDate>                        <Year>1946</Year>                        <Month>Nov</Month>                        <Day>8</Day>                    </PubDate>                </JournalIssue>                <Title>Science (New York, N.Y.)</Title>                <ISOAbbreviation>Science</ISOAbbreviation>            </Journal>            <ArticleTitle>Wholeblood cholinesterase determinations in some hematologic dyscrasias; low cholinesterase values in the leucoses.</ArticleTitle>            <Pagination>                <MedlinePgn>449</MedlinePgn>            </Pagination>            <AuthorList CompleteYN="N">                <Author ValidYN="Y">                    <LastName>BARNARD</LastName>                    <ForeName>R D</ForeName>                    <Initials>RD</Initials>                </Author>                <Author ValidYN="Y">                    <LastName>SPRINZ</LastName>                    <ForeName>H</ForeName>                    <Initials>H</Initials>                </Author>            </AuthorList>            <Language>eng</Language>            <PublicationTypeList>                <PublicationType UI="D016428">Journal Article</PublicationType>            </PublicationTypeList>        </Article>        <MedlineJournalInfo>            <Country>Not Available</Country>            <MedlineTA>Science</MedlineTA>            <NlmUniqueID>0404511</NlmUniqueID>            <ISSNLinking>0036-8075</ISSNLinking>        </MedlineJournalInfo>        <ChemicalList>            <Chemical>                <RegistryNumber>EC 3.1.1.8</RegistryNumber>                <NameOfSubstance UI="D002802">Cholinesterases</NameOfSubstance>            </Chemical>        </ChemicalList>        <CitationSubset>OM</CitationSubset>        <MeshHeadingList>            <MeshHeading>                <DescriptorName MajorTopicYN="Y" UI="D001769">Blood</DescriptorName>            </MeshHeading>            <MeshHeading>                <DescriptorName MajorTopicYN="Y" UI="D002802">Cholinesterases</DescriptorName>            </MeshHeading>            <MeshHeading>                <DescriptorName MajorTopicYN="Y" UI="D006402">Hematologic Diseases</DescriptorName>            </MeshHeading>            <MeshHeading>                <DescriptorName MajorTopicYN="Y" UI="D007938">Leukemia</DescriptorName>            </MeshHeading>        </MeshHeadingList>        <OtherID Source="CLML">4611:933u</OtherID>        <KeywordList Owner="NLM">            <Keyword MajorTopicYN="Y">BLOOD/cholinesterase</Keyword>            <Keyword MajorTopicYN="Y">BLOOD/diseases</Keyword>            <Keyword MajorTopicYN="Y">CHOLINESTERASE</Keyword>            <Keyword MajorTopicYN="Y">LEUKEMIA</Keyword>        </KeywordList>    </MedlineCitation>    <PubmedData>        <History>            <PubMedPubDate PubStatus="entrez">                <Year>2010</Year>                <Month>10</Month>                <Day>29</Day>                <Hour>6</Hour>                <Minute>0</Minute>            </PubMedPubDate>            <PubMedPubDate PubStatus="pubmed">                <Year>1946</Year>                <Month>11</Month>                <Day>8</Day>                <Hour>0</Hour>                <Minute>0</Minute>            </PubMedPubDate>            <PubMedPubDate PubStatus="medline">                <Year>2014</Year>                <Month>8</Month>                <Day>13</Day>                <Hour>6</Hour>                <Minute>0</Minute>            </PubMedPubDate>        </History>        <PublicationStatus>ppublish</PublicationStatus>        <ArticleIdList>            <ArticleId IdType="pubmed">21001961</ArticleId>        </ArticleIdList>    </PubmedData></PubmedArticle><PubmedArticle>    <MedlineCitation Owner="NLM" Status="OLDMEDLINE">        <PMID Version="1">21001955</PMID>        <DateCreated>            <Year>1946</Year>            <Month>12</Month>            <Day>01</Day>        </DateCreated>        <DateCompleted>            <Year>2010</Year>            <Month>11</Month>            <Day>12</Day>        </DateCompleted>        <DateRevised>            <Year>2011</Year>            <Month>04</Month>            <Day>11</Day>        </DateRevised>        <Article PubModel="Print">            <Journal>                <ISSN IssnType="Print">0036-8075</ISSN>                <JournalIssue CitedMedium="Print">                    <Volume>104</Volume>                    <Issue>2706</Issue>                    <PubDate>                        <Year>1946</Year>                        <Month>Nov</Month>                        <Day>8</Day>                    </PubDate>                </JournalIssue>                <Title>Science (New York, N.Y.)</Title>                <ISOAbbreviation>Science</ISOAbbreviation>            </Journal>            <ArticleTitle>The influence of liver L. casei factor on spontaneous breast cancer in mice.</ArticleTitle>            <Pagination>                <MedlinePgn>436</MedlinePgn>            </Pagination>            <AuthorList CompleteYN="N">                <Author ValidYN="Y">                    <LastName>LEWISOHN</LastName>                    <ForeName>R</ForeName>                    <Initials>R</Initials>                </Author>                <Author ValidYN="Y">                    <LastName>LEUCHTENBERGER</LastName>                    <ForeName>C</ForeName>                    <Initials>C</Initials>                </Author>            </AuthorList>            <Language>eng</Language>            <PublicationTypeList>                <PublicationType UI="D016428">Journal Article</PublicationType>            </PublicationTypeList>        </Article>        <MedlineJournalInfo>            <Country>Not Available</Country>            <MedlineTA>Science</MedlineTA>            <NlmUniqueID>0404511</NlmUniqueID>            <ISSNLinking>0036-8075</ISSNLinking>        </MedlineJournalInfo>        <ChemicalList>            <Chemical>                <RegistryNumber>12001-76-2</RegistryNumber>                <NameOfSubstance UI="D014803">Vitamin B Complex</NameOfSubstance>            </Chemical>        </ChemicalList>        <CitationSubset>OM</CitationSubset>        <MeshHeadingList>            <MeshHeading>                <DescriptorName MajorTopicYN="Y" UI="D014803">Vitamin B Complex</DescriptorName>            </MeshHeading>        </MeshHeadingList>        <OtherID Source="CLML">4611:933o</OtherID>        <KeywordList Owner="NLM">            <Keyword MajorTopicYN="Y">BREAST/cancer--in animals</Keyword>            <Keyword MajorTopicYN="Y">VITAMINS/B</Keyword>        </KeywordList>    </MedlineCitation>    <PubmedData>        <History>            <PubMedPubDate PubStatus="entrez">                <Year>2010</Year>                <Month>10</Month>                <Day>29</Day>                <Hour>6</Hour>                <Minute>0</Minute>            </PubMedPubDate>            <PubMedPubDate PubStatus="pubmed">                <Year>1946</Year>                <Month>11</Month>                <Day>8</Day>                <Hour>0</Hour>                <Minute>0</Minute>            </PubMedPubDate>            <PubMedPubDate PubStatus="medline">                <Year>1946</Year>                <Month>11</Month>                <Day>8</Day>                <Hour>0</Hour>                <Minute>0</Minute>            </PubMedPubDate>        </History>        <PublicationStatus>ppublish</PublicationStatus>        <ArticleIdList>            <ArticleId IdType="pubmed">21001955</ArticleId>        </ArticleIdList>    </PubmedData></PubmedArticle><PubmedArticle>    <MedlineCitation Owner="NLM" Status="PubMed-not-MEDLINE">        <PMID Version="1">17819687</PMID>        <DateCreated>            <Year>2010</Year>            <Month>06</Month>            <Day>03</Day>        </DateCreated>        <DateCompleted>            <Year>2010</Year>            <Month>07</Month>            <Day>02</Day>        </DateCompleted>        <Article PubModel="Print">            <Journal>                <ISSN IssnType="Print">0036-8075</ISSN>                <JournalIssue CitedMedium="Print">                    <Volume>104</Volume>                    <Issue>2706</Issue>                    <PubDate>                        <Year>1946</Year>                        <Month>Nov</Month>                        <Day>8</Day>                    </PubDate>                </JournalIssue>                <Title>Science (New York, N.Y.)</Title>                <ISOAbbreviation>Science</ISOAbbreviation>            </Journal>            <ArticleTitle>The Influence of Liver L. casei Factor on Spontaneous Breast Cancer in Mice.</ArticleTitle>            <Pagination>                <MedlinePgn>436-7</MedlinePgn>            </Pagination>            <AuthorList CompleteYN="Y">                <Author ValidYN="Y">                    <LastName>Lewisohn</LastName>                    <ForeName>R</ForeName>                    <Initials>R</Initials>                </Author>                <Author ValidYN="Y">                    <LastName>Leuchtenberger</LastName>                    <ForeName>C</ForeName>                    <Initials>C</Initials>                </Author>                <Author ValidYN="Y">                    <LastName>Leucetenberger</LastName>                    <ForeName>R</ForeName>                    <Initials>R</Initials>                </Author>                <Author ValidYN="Y">                    <LastName>Keresztesy</LastName>                    <ForeName>J C</ForeName>                    <Initials>JC</Initials>                </Author>            </AuthorList>            <Language>eng</Language>            <PublicationTypeList>                <PublicationType UI="D016428">Journal Article</PublicationType>            </PublicationTypeList>        </Article>        <MedlineJournalInfo>            <Country>United States</Country>            <MedlineTA>Science</MedlineTA>            <NlmUniqueID>0404511</NlmUniqueID>            <ISSNLinking>0036-8075</ISSNLinking>        </MedlineJournalInfo>    </MedlineCitation>    <PubmedData>        <History>            <PubMedPubDate PubStatus="pubmed">                <Year>1946</Year>                <Month>11</Month>                <Day>8</Day>                <Hour>0</Hour>                <Minute>0</Minute>            </PubMedPubDate>            <PubMedPubDate PubStatus="medline">                <Year>1946</Year>                <Month>11</Month>                <Day>8</Day>                <Hour>0</Hour>                <Minute>1</Minute>            </PubMedPubDate>            <PubMedPubDate PubStatus="entrez">                <Year>1946</Year>                <Month>11</Month>                <Day>8</Day>                <Hour>0</Hour>                <Minute>0</Minute>            </PubMedPubDate>        </History>        <PublicationStatus>ppublish</PublicationStatus>        <ArticleIdList>            <ArticleId IdType="pii">104/2706/436</ArticleId>            <ArticleId IdType="doi">10.1126/science.104.2706.436</ArticleId>            <ArticleId IdType="pubmed">17819687</ArticleId>        </ArticleIdList>    </PubmedData></PubmedArticle><PubmedArticle>    <MedlineCitation Owner="NLM" Status="OLDMEDLINE">        <PMID Version="1">21000553</PMID>        <DateCreated>            <Year>1946</Year>            <Month>12</Month>            <Day>01</Day>        </DateCreated>        <DateCompleted>            <Year>2010</Year>            <Month>11</Month>            <Day>12</Day>        </DateCompleted>        <DateRevised>            <Year>2011</Year>            <Month>11</Month>            <Day>30</Day>        </DateRevised>        <Article PubModel="Print">            <Journal>                <ISSN IssnType="Print">0036-8075</ISSN>                <JournalIssue CitedMedium="Print">                    <Volume>104</Volume>                    <Issue>2705</Issue>                    <PubDate>                        <Year>1946</Year>                        <Month>Nov</Month>                        <Day>1</Day>                    </PubDate>                </JournalIssue>                <Title>Science (New York, N.Y.)</Title>                <ISOAbbreviation>Science</ISOAbbreviation>            </Journal>            <ArticleTitle>A nutritional concept of cancer.</ArticleTitle>            <Pagination>                <MedlinePgn>428</MedlinePgn>            </Pagination>            <AuthorList CompleteYN="Y">                <Author ValidYN="Y">                    <LastName>LEDERBERG</LastName>                    <ForeName>J</ForeName>                    <Initials>J</Initials>                </Author>            </AuthorList>            <Language>eng</Language>            <PublicationTypeList>                <PublicationType UI="D016428">Journal Article</PublicationType>            </PublicationTypeList>        </Article>        <MedlineJournalInfo>            <Country>Not Available</Country>            <MedlineTA>Science</MedlineTA>            <NlmUniqueID>0404511</NlmUniqueID>            <ISSNLinking>0036-8075</ISSNLinking>        </MedlineJournalInfo>        <CitationSubset>OM</CitationSubset>        <MeshHeadingList>            <MeshHeading>                <DescriptorName MajorTopicYN="Y" UI="D009748">Nutrition Disorders</DescriptorName>            </MeshHeading>        </MeshHeadingList>        <OtherID Source="CLML">4611:869f</OtherID>        <KeywordList Owner="NLM">            <Keyword MajorTopicYN="Y">CANCER/etiology and pathogenesis</Keyword>            <Keyword MajorTopicYN="Y">NUTRITION/disorders</Keyword>        </KeywordList>    </MedlineCitation>    <PubmedData>        <History>            <PubMedPubDate PubStatus="entrez">                <Year>2010</Year>                <Month>10</Month>                <Day>29</Day>                <Hour>6</Hour>                <Minute>0</Minute>            </PubMedPubDate>            <PubMedPubDate PubStatus="pubmed">                <Year>1946</Year>                <Month>11</Month>                <Day>1</Day>                <Hour>0</Hour>                <Minute>0</Minute>            </PubMedPubDate>            <PubMedPubDate PubStatus="medline">                <Year>1946</Year>                <Month>11</Month>                <Day>1</Day>                <Hour>0</Hour>                <Minute>0</Minute>            </PubMedPubDate>        </History>        <PublicationStatus>ppublish</PublicationStatus>        <ArticleIdList>            <ArticleId IdType="pubmed">21000553</ArticleId>        </ArticleIdList>    </PubmedData></PubmedArticle><PubmedArticle>    <MedlineCitation Owner="NLM" Status="PubMed-not-MEDLINE">        <PMID Version="1">17814768</PMID>        <DateCreated>            <Year>2010</Year>            <Month>06</Month>            <Day>03</Day>        </DateCreated>        <DateCompleted>            <Year>2010</Year>            <Month>07</Month>            <Day>02</Day>        </DateCompleted>        <Article PubModel="Print">            <Journal>                <ISSN IssnType="Print">0036-8075</ISSN>                <JournalIssue CitedMedium="Print">                    <Volume>104</Volume>                    <Issue>2705</Issue>                    <PubDate>                        <Year>1946</Year>                        <Month>Nov</Month>                        <Day>1</Day>                    </PubDate>                </JournalIssue>                <Title>Science (New York, N.Y.)</Title>                <ISOAbbreviation>Science</ISOAbbreviation>            </Journal>            <ArticleTitle>A Nutritional Concept of Cancer.</ArticleTitle>            <Pagination>                <MedlinePgn>428</MedlinePgn>            </Pagination>            <AuthorList CompleteYN="Y">                <Author ValidYN="Y">                    <LastName>Lederberg</LastName>                    <ForeName>J</ForeName>                    <Initials>J</Initials>                </Author>            </AuthorList>            <Language>eng</Language>            <PublicationTypeList>                <PublicationType UI="D016428">Journal Article</PublicationType>            </PublicationTypeList>        </Article>        <MedlineJournalInfo>            <Country>United States</Country>            <MedlineTA>Science</MedlineTA>            <NlmUniqueID>0404511</NlmUniqueID>            <ISSNLinking>0036-8075</ISSNLinking>        </MedlineJournalInfo>    </MedlineCitation>    <PubmedData>        <History>            <PubMedPubDate PubStatus="pubmed">                <Year>1946</Year>                <Month>11</Month>                <Day>1</Day>                <Hour>0</Hour>                <Minute>0</Minute>            </PubMedPubDate>            <PubMedPubDate PubStatus="medline">                <Year>1946</Year>                <Month>11</Month>                <Day>1</Day>                <Hour>0</Hour>                <Minute>1</Minute>            </PubMedPubDate>            <PubMedPubDate PubStatus="entrez">                <Year>1946</Year>                <Month>11</Month>                <Day>1</Day>                <Hour>0</Hour>                <Minute>0</Minute>            </PubMedPubDate>        </History>        <PublicationStatus>ppublish</PublicationStatus>        <ArticleIdList>            <ArticleId IdType="pii">104/2705/428</ArticleId>            <ArticleId IdType="doi">10.1126/science.104.2705.428</ArticleId>            <ArticleId IdType="pubmed">17814768</ArticleId>        </ArticleIdList>    </PubmedData></PubmedArticle><PubmedArticle>    <MedlineCitation Owner="NLM" Status="OLDMEDLINE">        <PMID Version="1">21000537</PMID>        <DateCreated>            <Year>1946</Year>            <Month>12</Month>            <Day>01</Day>        </DateCreated>        <DateCompleted>            <Year>2010</Year>            <Month>10</Month>            <Day>28</Day>        </DateCompleted>        <DateRevised>            <Year>2011</Year>            <Month>11</Month>            <Day>30</Day>        </DateRevised>        <Article PubModel="Print">            <Journal>                <ISSN IssnType="Print">0036-8075</ISSN>                <JournalIssue CitedMedium="Print">                    <Volume>104</Volume>                    <Issue>2704</Issue>                    <PubDate>                        <Year>1946</Year>                        <Month>Oct</Month>                        <Day>25</Day>                    </PubDate>                </JournalIssue>                <Title>Science (New York, N.Y.)</Title>                <ISOAbbreviation>Science</ISOAbbreviation>            </Journal>            <ArticleTitle>Surface measurements of radioactive phosphorus in breast tumors as a possible diagnostic method.</ArticleTitle>            <Pagination>                <MedlinePgn>399</MedlinePgn>            </Pagination>            <AuthorList CompleteYN="Y">                <Author ValidYN="Y">                    <LastName>LOW-BEER</LastName>                    <ForeName>B V A</ForeName>                    <Initials>BV</Initials>                </Author>            </AuthorList>            <Language>eng</Language>            <PublicationTypeList>                <PublicationType UI="D016428">Journal Article</PublicationType>            </PublicationTypeList>        </Article>        <MedlineJournalInfo>            <Country>Not Available</Country>            <MedlineTA>Science</MedlineTA>            <NlmUniqueID>0404511</NlmUniqueID>            <ISSNLinking>0036-8075</ISSNLinking>        </MedlineJournalInfo>        <CitationSubset>OM</CitationSubset>        <MeshHeadingList>            <MeshHeading>                <DescriptorName MajorTopicYN="Y" UI="D001943">Breast Neoplasms</DescriptorName>            </MeshHeading>            <MeshHeading>                <DescriptorName MajorTopicYN="Y" UI="D011851">Radioactivity</DescriptorName>            </MeshHeading>        </MeshHeadingList>        <OtherID Source="CLML">4611:868n</OtherID>        <KeywordList Owner="NLM">            <Keyword MajorTopicYN="Y">BREAST/tumors</Keyword>            <Keyword MajorTopicYN="Y">PHOSPHORUS/radioactive</Keyword>            <Keyword MajorTopicYN="Y">RADIOACTIVITY</Keyword>        </KeywordList>    </MedlineCitation>    <PubmedData>        <History>            <PubMedPubDate PubStatus="entrez">                <Year>2010</Year>                <Month>10</Month>                <Day>29</Day>                <Hour>6</Hour>                <Minute>0</Minute>            </PubMedPubDate>            <PubMedPubDate PubStatus="pubmed">                <Year>1946</Year>                <Month>10</Month>                <Day>25</Day>                <Hour>0</Hour>                <Minute>0</Minute>            </PubMedPubDate>            <PubMedPubDate PubStatus="medline">                <Year>1946</Year>                <Month>10</Month>                <Day>25</Day>                <Hour>0</Hour>                <Minute>0</Minute>            </PubMedPubDate>        </History>        <PublicationStatus>ppublish</PublicationStatus>        <ArticleIdList>            <ArticleId IdType="pubmed">21000537</ArticleId>        </ArticleIdList>    </PubmedData></PubmedArticle><PubmedArticle>    <MedlineCitation Owner="NLM" Status="OLDMEDLINE">        <PMID Version="1">21065167</PMID>        <DateCreated>            <Year>1946</Year>            <Month>12</Month>            <Day>01</Day>        </DateCreated>        <DateCompleted>            <Year>2010</Year>            <Month>11</Month>            <Day>12</Day>        </DateCompleted>        <DateRevised>            <Year>2011</Year>            <Month>11</Month>            <Day>30</Day>        </DateRevised>        <Article PubModel="Print">            <Journal>                <ISSN IssnType="Print">0036-8075</ISSN>                <JournalIssue CitedMedium="Print">                    <Volume>104</Volume>                    <Issue>2700</Issue>                    <PubDate>                        <Year>1946</Year>                        <Month>Sep</Month>                        <Day>27</Day>                    </PubDate>                </JournalIssue>                <Title>Science (New York, N.Y.)</Title>                <ISOAbbreviation>Science</ISOAbbreviation>            </Journal>            <ArticleTitle>Colistatin; a new antibiotic substance with chemotherapeutic activity.</ArticleTitle>            <Pagination>                <MedlinePgn>289</MedlinePgn>            </Pagination>            <AuthorList CompleteYN="Y">                <Author ValidYN="Y">                    <LastName>GAUSE</LastName>                    <ForeName>G F</ForeName>                    <Initials>GF</Initials>                </Author>            </AuthorList>            <Language>eng</Language>            <PublicationTypeList>                <PublicationType UI="D016428">Journal Article</PublicationType>            </PublicationTypeList>        </Article>        <MedlineJournalInfo>            <Country>Not Available</Country>            <MedlineTA>Science</MedlineTA>            <NlmUniqueID>0404511</NlmUniqueID>            <ISSNLinking>0036-8075</ISSNLinking>        </MedlineJournalInfo>        <CitationSubset>OM</CitationSubset>        <OtherID Source="CLML">4611:765g1</OtherID>        <KeywordList Owner="NLM">            <Keyword MajorTopicYN="Y">CANCER/experimental</Keyword>            <Keyword MajorTopicYN="Y">TUMORS/experimental</Keyword>        </KeywordList>    </MedlineCitation>    <PubmedData>        <History>            <PubMedPubDate PubStatus="entrez">                <Year>2010</Year>                <Month>11</Month>                <Day>11</Day>                <Hour>6</Hour>                <Minute>0</Minute>            </PubMedPubDate>            <PubMedPubDate PubStatus="pubmed">                <Year>1946</Year>                <Month>9</Month>                <Day>27</Day>                <Hour>0</Hour>                <Minute>0</Minute>            </PubMedPubDate>            <PubMedPubDate PubStatus="medline">                <Year>1946</Year>                <Month>9</Month>                <Day>27</Day>                <Hour>0</Hour>                <Minute>0</Minute>            </PubMedPubDate>        </History>        <PublicationStatus>ppublish</PublicationStatus>        <ArticleIdList>            <ArticleId IdType="pubmed">21065167</ArticleId>        </ArticleIdList>    </PubmedData></PubmedArticle><PubmedArticle>    <MedlineCitation Owner="NLM" Status="MEDLINE">        <PMID Version="1">20998450</PMID>        <DateCreated>            <Year>1946</Year>            <Month>12</Month>            <Day>01</Day>        </DateCreated>        <DateCompleted>            <Year>2010</Year>            <Month>11</Month>            <Day>12</Day>        </DateCompleted>        <DateRevised>            <Year>2011</Year>            <Month>11</Month>            <Day>30</Day>        </DateRevised>        <Article PubModel="Print">            <Journal>                <ISSN IssnType="Print">0036-8075</ISSN>                <JournalIssue CitedMedium="Print">                    <Volume>104</Volume>                    <Issue>2700</Issue>                    <PubDate>                        <Year>1946</Year>                        <Month>Sep</Month>                        <Day>27</Day>                    </PubDate>                </JournalIssue>                <Title>Science (New York, N.Y.)</Title>                <ISOAbbreviation>Science</ISOAbbreviation>            </Journal>            <ArticleTitle>Trophoblast elements in cancer.</ArticleTitle>            <Pagination>                <MedlinePgn>302</MedlinePgn>            </Pagination>            <AuthorList CompleteYN="Y">                <Author ValidYN="Y">                    <LastName>KREBS</LastName>                    <ForeName>E T</ForeName>                    <Initials>ET</Initials>                    <Suffix>Jr</Suffix>                </Author>            </AuthorList>            <Language>eng</Language>            <PublicationTypeList>                <PublicationType UI="D016428">Journal Article</PublicationType>            </PublicationTypeList>        </Article>        <MedlineJournalInfo>            <Country>Not Available</Country>            <MedlineTA>Science</MedlineTA>            <NlmUniqueID>0404511</NlmUniqueID>            <ISSNLinking>0036-8075</ISSNLinking>        </MedlineJournalInfo>        <CitationSubset>OM</CitationSubset>        <MeshHeadingList>            <MeshHeading>                <DescriptorName MajorTopicYN="N" UI="D009369">Neoplasms</DescriptorName>                <QualifierName MajorTopicYN="Y" UI="Q000473">pathology</QualifierName>            </MeshHeading>        </MeshHeadingList>        <OtherID Source="CLML">4611:765j</OtherID>        <KeywordList Owner="NLM">            <Keyword MajorTopicYN="Y">CANCER/pathology</Keyword>        </KeywordList>    </MedlineCitation>    <PubmedData>        <History>            <PubMedPubDate PubStatus="entrez">                <Year>2010</Year>                <Month>10</Month>                <Day>29</Day>                <Hour>6</Hour>                <Minute>0</Minute>            </PubMedPubDate>            <PubMedPubDate PubStatus="pubmed">                <Year>1946</Year>                <Month>9</Month>                <Day>27</Day>                <Hour>0</Hour>                <Minute>0</Minute>            </PubMedPubDate>            <PubMedPubDate PubStatus="medline">                <Year>2010</Year>                <Month>12</Month>                <Day>14</Day>                <Hour>6</Hour>                <Minute>0</Minute>            </PubMedPubDate>        </History>        <PublicationStatus>ppublish</PublicationStatus>        <ArticleIdList>            <ArticleId IdType="pubmed">20998450</ArticleId>        </ArticleIdList>    </PubmedData></PubmedArticle><PubmedArticle>    <MedlineCitation Owner="NLM" Status="OLDMEDLINE">        <PMID Version="1">20998447</PMID>        <DateCreated>            <Year>1946</Year>            <Month>12</Month>            <Day>01</Day>        </DateCreated>        <DateCompleted>            <Year>2010</Year>            <Month>11</Month>            <Day>12</Day>        </DateCompleted>        <DateRevised>            <Year>2011</Year>            <Month>11</Month>            <Day>30</Day>        </DateRevised>        <Article PubModel="Print">            <Journal>                <ISSN IssnType="Print">0036-8075</ISSN>                <JournalIssue CitedMedium="Print">                    <Volume>104</Volume>                    <Issue>2700</Issue>                    <PubDate>                        <Year>1946</Year>                        <Month>Sep</Month>                        <Day>27</Day>                    </PubDate>                </JournalIssue>                <Title>Science (New York, N.Y.)</Title>                <ISOAbbreviation>Science</ISOAbbreviation>            </Journal>            <ArticleTitle>The milk factor in blood.</ArticleTitle>            <Pagination>                <MedlinePgn>289</MedlinePgn>            </Pagination>            <AuthorList CompleteYN="N">                <Author ValidYN="Y">                    <LastName>GRAFF</LastName>                    <ForeName>S</ForeName>                    <Initials>S</Initials>                </Author>                <Author ValidYN="Y">                    <LastName>RANDALL</LastName>                    <ForeName>H T</ForeName>                    <Initials>HT</Initials>                </Author>            </AuthorList>            <Language>eng</Language>            <PublicationTypeList>                <PublicationType UI="D016428">Journal Article</PublicationType>            </PublicationTypeList>        </Article>        <MedlineJournalInfo>            <Country>Not Available</Country>            <MedlineTA>Science</MedlineTA>            <NlmUniqueID>0404511</NlmUniqueID>            <ISSNLinking>0036-8075</ISSNLinking>        </MedlineJournalInfo>        <CitationSubset>OM</CitationSubset>        <OtherID Source="CLML">4611:765g</OtherID>        <KeywordList Owner="NLM">            <Keyword MajorTopicYN="Y">MILK FACTORS</Keyword>            <Keyword MajorTopicYN="Y">MILK/cancer factors</Keyword>        </KeywordList>    </MedlineCitation>    <PubmedData>        <History>            <PubMedPubDate PubStatus="entrez">                <Year>2010</Year>                <Month>10</Month>                <Day>29</Day>                <Hour>6</Hour>                <Minute>0</Minute>            </PubMedPubDate>            <PubMedPubDate PubStatus="pubmed">                <Year>1946</Year>                <Month>9</Month>                <Day>27</Day>                <Hour>0</Hour>                <Minute>0</Minute>            </PubMedPubDate>            <PubMedPubDate PubStatus="medline">                <Year>1946</Year>                <Month>9</Month>                <Day>27</Day>                <Hour>0</Hour>                <Minute>0</Minute>            </PubMedPubDate>        </History>        <PublicationStatus>ppublish</PublicationStatus>        <ArticleIdList>            <ArticleId IdType="pubmed">20998447</ArticleId>        </ArticleIdList>    </PubmedData></PubmedArticle><PubmedArticle>    <MedlineCitation Owner="NLM" Status="PubMed-not-MEDLINE">        <PMID Version="1">17810362</PMID>        <DateCreated>            <Year>2010</Year>            <Month>06</Month>            <Day>03</Day>        </DateCreated>        <DateCompleted>            <Year>2010</Year>            <Month>07</Month>            <Day>02</Day>        </DateCompleted>        <Article PubModel="Print">            <Journal>                <ISSN IssnType="Print">0036-8075</ISSN>                <JournalIssue CitedMedium="Print">                    <Volume>104</Volume>                    <Issue>2700</Issue>                    <PubDate>                        <Year>1946</Year>                        <Month>Sep</Month>                        <Day>27</Day>                    </PubDate>                </JournalIssue>                <Title>Science (New York, N.Y.)</Title>                <ISOAbbreviation>Science</ISOAbbreviation>            </Journal>            <ArticleTitle>Trophoblast Elements in Cancer.</ArticleTitle>            <Pagination>                <MedlinePgn>302</MedlinePgn>            </Pagination>            <AuthorList CompleteYN="Y">                <Author ValidYN="Y">                    <LastName>Krebs</LastName>                    <ForeName>E T</ForeName>                    <Initials>ET</Initials>                    <Suffix>Jr</Suffix>                </Author>                <Author ValidYN="Y">                    <LastName>Gurchot</LastName>                    <ForeName>C</ForeName>                    <Initials>C</Initials>                </Author>            </AuthorList>            <Language>eng</Language>            <PublicationTypeList>                <PublicationType UI="D016428">Journal Article</PublicationType>            </PublicationTypeList>        </Article>        <MedlineJournalInfo>            <Country>United States</Country>            <MedlineTA>Science</MedlineTA>            <NlmUniqueID>0404511</NlmUniqueID>            <ISSNLinking>0036-8075</ISSNLinking>        </MedlineJournalInfo>    </MedlineCitation>    <PubmedData>        <History>            <PubMedPubDate PubStatus="pubmed">                <Year>1946</Year>                <Month>9</Month>                <Day>27</Day>                <Hour>0</Hour>                <Minute>0</Minute>            </PubMedPubDate>            <PubMedPubDate PubStatus="medline">                <Year>1946</Year>                <Month>9</Month>                <Day>27</Day>                <Hour>0</Hour>                <Minute>1</Minute>            </PubMedPubDate>            <PubMedPubDate PubStatus="entrez">                <Year>1946</Year>                <Month>9</Month>                <Day>27</Day>                <Hour>0</Hour>                <Minute>0</Minute>            </PubMedPubDate>        </History>        <PublicationStatus>ppublish</PublicationStatus>        <ArticleIdList>            <ArticleId IdType="pii">104/2700/302</ArticleId>            <ArticleId IdType="doi">10.1126/science.104.2700.302</ArticleId>            <ArticleId IdType="pubmed">17810362</ArticleId>        </ArticleIdList>    </PubmedData></PubmedArticle><PubmedArticle>    <MedlineCitation Owner="NLM" Status="OLDMEDLINE">        <PMID Version="1">20994561</PMID>        <DateCreated>            <Year>1946</Year>            <Month>12</Month>            <Day>01</Day>        </DateCreated>        <DateCompleted>            <Year>2010</Year>            <Month>10</Month>            <Day>28</Day>        </DateCompleted>        <DateRevised>            <Year>2011</Year>            <Month>11</Month>            <Day>30</Day>        </DateRevised>        <Article PubModel="Print">            <Journal>                <ISSN IssnType="Print">0036-8075</ISSN>                <JournalIssue CitedMedium="Print">                    <Volume>104</Volume>                    <Issue>2694</Issue>                    <PubDate>                        <Year>1946</Year>                        <Month>Aug</Month>                        <Day>16</Day>                    </PubDate>                </JournalIssue>                <Title>Science (New York, N.Y.)</Title>                <ISOAbbreviation>Science</ISOAbbreviation>            </Journal>            <ArticleTitle>Human breast cancer and the milk factor.</ArticleTitle>            <Pagination>                <MedlinePgn>168</MedlinePgn>            </Pagination>            <AuthorList CompleteYN="Y">                <Author ValidYN="Y">                    <LastName>MACKLIN</LastName>                    <ForeName>M T</ForeName>                    <Initials>MT</Initials>                </Author>            </AuthorList>            <Language>eng</Language>            <PublicationTypeList>                <PublicationType UI="D016428">Journal Article</PublicationType>            </PublicationTypeList>        </Article>        <MedlineJournalInfo>            <Country>Not Available</Country>            <MedlineTA>Science</MedlineTA>            <NlmUniqueID>0404511</NlmUniqueID>            <ISSNLinking>0036-8075</ISSNLinking>        </MedlineJournalInfo>        <CitationSubset>OM</CitationSubset>        <MeshHeadingList>            <MeshHeading>                <DescriptorName MajorTopicYN="Y" UI="D001943">Breast Neoplasms</DescriptorName>            </MeshHeading>        </MeshHeadingList>        <OtherID Source="CLML">4611:576g</OtherID>        <KeywordList Owner="NLM">            <Keyword MajorTopicYN="Y">BREAST/cancer</Keyword>            <Keyword MajorTopicYN="Y">CANCER/milk factor</Keyword>            <Keyword MajorTopicYN="Y">MILK FACTOR/in cancer</Keyword>        </KeywordList>    </MedlineCitation>    <PubmedData>        <History>            <PubMedPubDate PubStatus="entrez">                <Year>2010</Year>                <Month>10</Month>                <Day>29</Day>                <Hour>6</Hour>                <Minute>0</Minute>            </PubMedPubDate>            <PubMedPubDate PubStatus="pubmed">                <Year>1946</Year>                <Month>8</Month>                <Day>16</Day>                <Hour>0</Hour>                <Minute>0</Minute>            </PubMedPubDate>            <PubMedPubDate PubStatus="medline">                <Year>1946</Year>                <Month>8</Month>                <Day>16</Day>                <Hour>0</Hour>                <Minute>0</Minute>            </PubMedPubDate>        </History>        <PublicationStatus>ppublish</PublicationStatus>        <ArticleIdList>            <ArticleId IdType="pubmed">20994561</ArticleId>        </ArticleIdList>    </PubmedData></PubmedArticle><PubmedArticle>    <MedlineCitation Owner="NLM" Status="MEDLINE">        <PMID Version="1">20994560</PMID>        <DateCreated>            <Year>1946</Year>            <Month>12</Month>            <Day>01</Day>        </DateCreated>        <DateCompleted>            <Year>2010</Year>            <Month>10</Month>            <Day>28</Day>        </DateCompleted>        <DateRevised>            <Year>2014</Year>            <Month>08</Month>            <Day>12</Day>        </DateRevised>        <Article PubModel="Print">            <Journal>                <ISSN IssnType="Print">0036-8075</ISSN>                <JournalIssue CitedMedium="Print">                    <Volume>104</Volume>                    <Issue>2694</Issue>                    <PubDate>                        <Year>1946</Year>                        <Month>Aug</Month>                        <Day>16</Day>                    </PubDate>                </JournalIssue>                <Title>Science (New York, N.Y.)</Title>                <ISOAbbreviation>Science</ISOAbbreviation>            </Journal>            <ArticleTitle>Coordination of cancer research.</ArticleTitle>            <Pagination>                <MedlinePgn>167</MedlinePgn>            </Pagination>            <AuthorList CompleteYN="Y">                <Author ValidYN="Y">                    <LastName>PILCHER</LastName>                    <ForeName>K S</ForeName>                    <Initials>KS</Initials>                </Author>            </AuthorList>            <Language>eng</Language>            <PublicationTypeList>                <PublicationType UI="D016428">Journal Article</PublicationType>            </PublicationTypeList>        </Article>        <MedlineJournalInfo>            <Country>Not Available</Country>            <MedlineTA>Science</MedlineTA>            <NlmUniqueID>0404511</NlmUniqueID>            <ISSNLinking>0036-8075</ISSNLinking>        </MedlineJournalInfo>        <CitationSubset>OM</CitationSubset>        <MeshHeadingList>            <MeshHeading>                <DescriptorName MajorTopicYN="Y" UI="D009369">Neoplasms</DescriptorName>            </MeshHeading>            <MeshHeading>                <DescriptorName MajorTopicYN="Y" UI="D012106">Research</DescriptorName>            </MeshHeading>        </MeshHeadingList>        <OtherID Source="CLML">4611:576f</OtherID>        <KeywordList Owner="NLM">            <Keyword MajorTopicYN="Y">CANCER/research</Keyword>        </KeywordList>    </MedlineCitation>    <PubmedData>        <History>            <PubMedPubDate PubStatus="entrez">                <Year>2010</Year>                <Month>10</Month>                <Day>29</Day>                <Hour>6</Hour>                <Minute>0</Minute>            </PubMedPubDate>            <PubMedPubDate PubStatus="pubmed">                <Year>1946</Year>                <Month>8</Month>                <Day>16</Day>                <Hour>0</Hour>                <Minute>0</Minute>            </PubMedPubDate>            <PubMedPubDate PubStatus="medline">                <Year>2014</Year>                <Month>8</Month>                <Day>13</Day>                <Hour>6</Hour>                <Minute>0</Minute>            </PubMedPubDate>        </History>        <PublicationStatus>ppublish</PublicationStatus>        <ArticleIdList>            <ArticleId IdType="pubmed">20994560</ArticleId>        </ArticleIdList>    </PubmedData></PubmedArticle><PubmedArticle>    <MedlineCitation Owner="NLM" Status="PubMed-not-MEDLINE">        <PMID Version="1">17732392</PMID>        <DateCreated>            <Year>2010</Year>            <Month>06</Month>            <Day>03</Day>        </DateCreated>        <DateCompleted>            <Year>2010</Year>            <Month>07</Month>            <Day>02</Day>        </DateCompleted>        <Article PubModel="Print">            <Journal>                <ISSN IssnType="Print">0036-8075</ISSN>                <JournalIssue CitedMedium="Print">                    <Volume>104</Volume>                    <Issue>2694</Issue>                    <PubDate>                        <Year>1946</Year>                        <Month>Aug</Month>                        <Day>16</Day>                    </PubDate>                </JournalIssue>                <Title>Science (New York, N.Y.)</Title>                <ISOAbbreviation>Science</ISOAbbreviation>            </Journal>            <ArticleTitle>Human Breast Cancer and the Milk Factor.</ArticleTitle>            <Pagination>                <MedlinePgn>168-9</MedlinePgn>            </Pagination>            <AuthorList CompleteYN="Y">                <Author ValidYN="Y">                    <LastName>Macklin</LastName>                    <ForeName>M T</ForeName>                    <Initials>MT</Initials>                </Author>            </AuthorList>            <Language>eng</Language>            <PublicationTypeList>                <PublicationType UI="D016428">Journal Article</PublicationType>            </PublicationTypeList>        </Article>        <MedlineJournalInfo>            <Country>United States</Country>            <MedlineTA>Science</MedlineTA>            <NlmUniqueID>0404511</NlmUniqueID>            <ISSNLinking>0036-8075</ISSNLinking>        </MedlineJournalInfo>    </MedlineCitation>    <PubmedData>        <History>            <PubMedPubDate PubStatus="pubmed">                <Year>1946</Year>                <Month>8</Month>                <Day>16</Day>                <Hour>0</Hour>                <Minute>0</Minute>            </PubMedPubDate>            <PubMedPubDate PubStatus="medline">                <Year>1946</Year>                <Month>8</Month>                <Day>16</Day>                <Hour>0</Hour>                <Minute>1</Minute>            </PubMedPubDate>            <PubMedPubDate PubStatus="entrez">                <Year>1946</Year>                <Month>8</Month>                <Day>16</Day>                <Hour>0</Hour>                <Minute>0</Minute>            </PubMedPubDate>        </History>        <PublicationStatus>ppublish</PublicationStatus>        <ArticleIdList>            <ArticleId IdType="pii">104/2694/168</ArticleId>            <ArticleId IdType="doi">10.1126/science.104.2694.168</ArticleId>            <ArticleId IdType="pubmed">17732392</ArticleId>        </ArticleIdList>    </PubmedData></PubmedArticle><PubmedArticle>    <MedlineCitation Owner="NLM" Status="PubMed-not-MEDLINE">        <PMID Version="1">17732391</PMID>        <DateCreated>            <Year>2010</Year>            <Month>06</Month>            <Day>03</Day>        </DateCreated>        <DateCompleted>            <Year>2010</Year>            <Month>07</Month>            <Day>02</Day>        </DateCompleted>        <Article PubModel="Print">            <Journal>                <ISSN IssnType="Print">0036-8075</ISSN>                <JournalIssue CitedMedium="Print">                    <Volume>104</Volume>                    <Issue>2694</Issue>                    <PubDate>                        <Year>1946</Year>                        <Month>Aug</Month>                        <Day>16</Day>                    </PubDate>                </JournalIssue>                <Title>Science (New York, N.Y.)</Title>                <ISOAbbreviation>Science</ISOAbbreviation>            </Journal>            <ArticleTitle>Coordination of Cancer Research.</ArticleTitle>            <Pagination>                <MedlinePgn>167-8</MedlinePgn>            </Pagination>            <AuthorList CompleteYN="Y">                <Author ValidYN="Y">                    <LastName>Pilcher</LastName>                    <ForeName>K S</ForeName>                    <Initials>KS</Initials>                </Author>            </AuthorList>            <Language>eng</Language>            <PublicationTypeList>                <PublicationType UI="D016428">Journal Article</PublicationType>            </PublicationTypeList>        </Article>        <MedlineJournalInfo>            <Country>United States</Country>            <MedlineTA>Science</MedlineTA>            <NlmUniqueID>0404511</NlmUniqueID>            <ISSNLinking>0036-8075</ISSNLinking>        </MedlineJournalInfo>    </MedlineCitation>    <PubmedData>        <History>            <PubMedPubDate PubStatus="pubmed">                <Year>1946</Year>                <Month>8</Month>                <Day>16</Day>                <Hour>0</Hour>                <Minute>0</Minute>            </PubMedPubDate>            <PubMedPubDate PubStatus="medline">                <Year>1946</Year>                <Month>8</Month>                <Day>16</Day>                <Hour>0</Hour>                <Minute>1</Minute>            </PubMedPubDate>            <PubMedPubDate PubStatus="entrez">                <Year>1946</Year>                <Month>8</Month>                <Day>16</Day>                <Hour>0</Hour>                <Minute>0</Minute>            </PubMedPubDate>        </History>        <PublicationStatus>ppublish</PublicationStatus>        <ArticleIdList>            <ArticleId IdType="pii">104/2694/167</ArticleId>            <ArticleId IdType="doi">10.1126/science.104.2694.167</ArticleId>            <ArticleId IdType="pubmed">17732391</ArticleId>        </ArticleIdList>    </PubmedData></PubmedArticle><PubmedArticle>    <MedlineCitation Owner="NLM" Status="OLDMEDLINE">        <PMID Version="1">20987704</PMID>        <DateCreated>            <Year>1946</Year>            <Month>12</Month>            <Day>01</Day>        </DateCreated>        <DateCompleted>            <Year>2010</Year>            <Month>11</Month>            <Day>12</Day>        </DateCompleted>        <DateRevised>            <Year>2014</Year>            <Month>08</Month>            <Day>12</Day>        </DateRevised>        <Article PubModel="Print">            <Journal>                <ISSN IssnType="Print">0036-8075</ISSN>                <JournalIssue CitedMedium="Print">                    <Volume>103</Volume>                    <Issue>2687</Issue>                    <PubDate>                        <Year>1946</Year>                        <Month>Jun</Month>                        <Day>28</Day>                    </PubDate>                </JournalIssue>                <Title>Science (New York, N.Y.)</Title>                <ISOAbbreviation>Science</ISOAbbreviation>            </Journal>            <ArticleTitle>Thyroid adenomas in rats receiving selenium.</ArticleTitle>            <Pagination>                <MedlinePgn>762</MedlinePgn>            </Pagination>            <AuthorList CompleteYN="N">                <Author ValidYN="Y">                    <LastName>SEIFTER</LastName>                    <ForeName>J</ForeName>                    <Initials>J</Initials>                </Author>                <Author ValidYN="Y">                    <LastName>EHRICH</LastName>                    <ForeName>W E</ForeName>                    <Initials>WE</Initials>                </Author>            </AuthorList>            <Language>eng</Language>            <PublicationTypeList>                <PublicationType UI="D016428">Journal Article</PublicationType>            </PublicationTypeList>        </Article>        <MedlineJournalInfo>            <Country>Not Available</Country>            <MedlineTA>Science</MedlineTA>            <NlmUniqueID>0404511</NlmUniqueID>            <ISSNLinking>0036-8075</ISSNLinking>        </MedlineJournalInfo>        <CitationSubset>OM</CitationSubset>        <MeshHeadingList>            <MeshHeading>                <DescriptorName MajorTopicYN="Y" UI="D000236">Adenoma</DescriptorName>            </MeshHeading>            <MeshHeading>                <DescriptorName MajorTopicYN="Y" UI="D009369">Neoplasms</DescriptorName>            </MeshHeading>            <MeshHeading>                <DescriptorName MajorTopicYN="Y" UI="D013961">Thyroid Gland</DescriptorName>            </MeshHeading>        </MeshHeadingList>        <OtherID Source="CLML">4611:258p1</OtherID>        <KeywordList Owner="NLM">            <Keyword MajorTopicYN="Y">SELENIUM/effects</Keyword>            <Keyword MajorTopicYN="Y">THYROID/tumors</Keyword>            <Keyword MajorTopicYN="Y">TUMORS/adenoma</Keyword>        </KeywordList>    </MedlineCitation>    <PubmedData>        <History>            <PubMedPubDate PubStatus="entrez">                <Year>2010</Year>                <Month>10</Month>                <Day>29</Day>                <Hour>6</Hour>                <Minute>0</Minute>            </PubMedPubDate>            <PubMedPubDate PubStatus="pubmed">                <Year>1946</Year>                <Month>6</Month>                <Day>28</Day>                <Hour>0</Hour>                <Minute>0</Minute>            </PubMedPubDate>            <PubMedPubDate PubStatus="medline">                <Year>1946</Year>                <Month>6</Month>                <Day>28</Day>                <Hour>0</Hour>                <Minute>0</Minute>            </PubMedPubDate>        </History>        <PublicationStatus>ppublish</PublicationStatus>        <ArticleIdList>            <ArticleId IdType="pubmed">20987704</ArticleId>        </ArticleIdList>    </PubmedData></PubmedArticle><PubmedArticle>    <MedlineCitation Owner="NLM" Status="MEDLINE">        <PMID Version="1">20987698</PMID>        <DateCreated>            <Year>1946</Year>            <Month>12</Month>            <Day>01</Day>        </DateCreated>        <DateCompleted>            <Year>2010</Year>            <Month>11</Month>            <Day>12</Day>        </DateCompleted>        <DateRevised>            <Year>2014</Year>            <Month>08</Month>            <Day>12</Day>        </DateRevised>        <Article PubModel="Print">            <Journal>                <ISSN IssnType="Print">0036-8075</ISSN>                <JournalIssue CitedMedium="Print">                    <Volume>103</Volume>                    <Issue>2687</Issue>                    <PubDate>                        <Year>1946</Year>                        <Month>Jun</Month>                        <Day>28</Day>                    </PubDate>                </JournalIssue>                <Title>Science (New York, N.Y.)</Title>                <ISOAbbreviation>Science</ISOAbbreviation>            </Journal>            <ArticleTitle>The age factor in adaptability of a sarcoma virus to other animal species.</ArticleTitle>            <Pagination>                <MedlinePgn>748</MedlinePgn>            </Pagination>            <AuthorList CompleteYN="Y">                <Author ValidYN="Y">                    <LastName>DURAN-REYNALS</LastName>                    <ForeName>F</ForeName>                    <Initials>F</Initials>                </Author>            </AuthorList>            <Language>eng</Language>            <PublicationTypeList>                <PublicationType UI="D016428">Journal Article</PublicationType>            </PublicationTypeList>        </Article>        <MedlineJournalInfo>            <Country>Not Available</Country>            <MedlineTA>Science</MedlineTA>            <NlmUniqueID>0404511</NlmUniqueID>            <ISSNLinking>0036-8075</ISSNLinking>        </MedlineJournalInfo>        <CitationSubset>OM</CitationSubset>        <MeshHeadingList>            <MeshHeading>                <DescriptorName MajorTopicYN="Y" UI="D012509">Sarcoma</DescriptorName>            </MeshHeading>            <MeshHeading>                <DescriptorName MajorTopicYN="Y" UI="D014780">Viruses</DescriptorName>            </MeshHeading>        </MeshHeadingList>        <OtherID Source="CLML">4611:258l</OtherID>        <KeywordList Owner="NLM">            <Keyword MajorTopicYN="Y">SARCOMA/virus</Keyword>        </KeywordList>    </MedlineCitation>    <PubmedData>        <History>            <PubMedPubDate PubStatus="entrez">                <Year>2010</Year>                <Month>10</Month>                <Day>29</Day>                <Hour>6</Hour>                <Minute>0</Minute>            </PubMedPubDate>            <PubMedPubDate PubStatus="pubmed">                <Year>1946</Year>                <Month>6</Month>                <Day>28</Day>                <Hour>0</Hour>                <Minute>0</Minute>            </PubMedPubDate>            <PubMedPubDate PubStatus="medline">                <Year>2014</Year>                <Month>8</Month>                <Day>13</Day>                <Hour>6</Hour>                <Minute>0</Minute>            </PubMedPubDate>        </History>        <PublicationStatus>ppublish</PublicationStatus>        <ArticleIdList>            <ArticleId IdType="pubmed">20987698</ArticleId>        </ArticleIdList>    </PubmedData></PubmedArticle><PubmedArticle>    <MedlineCitation Owner="NLM" Status="MEDLINE">        <PMID Version="1">20985152</PMID>        <DateCreated>            <Year>1946</Year>            <Month>12</Month>            <Day>01</Day>        </DateCreated>        <DateCompleted>            <Year>2010</Year>            <Month>10</Month>            <Day>28</Day>        </DateCompleted>        <DateRevised>            <Year>2011</Year>            <Month>12</Month>            <Day>14</Day>        </DateRevised>        <Article PubModel="Print">            <Journal>                <ISSN IssnType="Print">0036-8075</ISSN>                <JournalIssue CitedMedium="Print">                    <Volume>103</Volume>                    <Issue>2685</Issue>                    <PubDate>                        <Year>1946</Year>                        <Month>Jun</Month>                        <Day>14</Day>                    </PubDate>                </JournalIssue>                <Title>Science (New York, N.Y.)</Title>                <ISOAbbreviation>Science</ISOAbbreviation>            </Journal>            <ArticleTitle>Cancer research and benefit to patients.</ArticleTitle>            <Pagination>                <MedlinePgn>714</MedlinePgn>            </Pagination>            <AuthorList CompleteYN="Y">                <Author ValidYN="Y">                    <LastName>HAMMETT</LastName>                    <ForeName>F S</ForeName>                    <Initials>FS</Initials>                </Author>            </AuthorList>            <Language>eng</Language>            <PublicationTypeList>                <PublicationType UI="D016428">Journal Article</PublicationType>            </PublicationTypeList>        </Article>        <MedlineJournalInfo>            <Country>Not Available</Country>            <MedlineTA>Science</MedlineTA>            <NlmUniqueID>0404511</NlmUniqueID>            <ISSNLinking>0036-8075</ISSNLinking>        </MedlineJournalInfo>        <CitationSubset>OM</CitationSubset>        <MeshHeadingList>            <MeshHeading>                <DescriptorName MajorTopicYN="Y" UI="D009369">Neoplasms</DescriptorName>            </MeshHeading>        </MeshHeadingList>        <OtherID Source="CLML">4611:143r</OtherID>        <KeywordList Owner="NLM">            <Keyword MajorTopicYN="Y">CANCER</Keyword>        </KeywordList>    </MedlineCitation>    <PubmedData>        <History>            <PubMedPubDate PubStatus="entrez">                <Year>2010</Year>                <Month>10</Month>                <Day>29</Day>                <Hour>6</Hour>                <Minute>0</Minute>            </PubMedPubDate>            <PubMedPubDate PubStatus="pubmed">                <Year>1946</Year>                <Month>6</Month>                <Day>14</Day>                <Hour>0</Hour>                <Minute>0</Minute>            </PubMedPubDate>            <PubMedPubDate PubStatus="medline">                <Year>2010</Year>                <Month>12</Month>                <Day>14</Day>                <Hour>6</Hour>                <Minute>0</Minute>            </PubMedPubDate>        </History>        <PublicationStatus>ppublish</PublicationStatus>        <ArticleIdList>            <ArticleId IdType="pubmed">20985152</ArticleId>        </ArticleIdList>    </PubmedData></PubmedArticle><PubmedArticle>    <MedlineCitation Owner="NLM" Status="PubMed-not-MEDLINE">        <PMID Version="1">17808058</PMID>        <DateCreated>            <Year>2010</Year>            <Month>06</Month>            <Day>03</Day>        </DateCreated>        <DateCompleted>            <Year>2010</Year>            <Month>07</Month>            <Day>02</Day>        </DateCompleted>        <Article PubModel="Print">            <Journal>                <ISSN IssnType="Print">0036-8075</ISSN>                <JournalIssue CitedMedium="Print">                    <Volume>103</Volume>                    <Issue>2685</Issue>                    <PubDate>                        <Year>1946</Year>                        <Month>Jun</Month>                        <Day>14</Day>                    </PubDate>                </JournalIssue>                <Title>Science (New York, N.Y.)</Title>                <ISOAbbreviation>Science</ISOAbbreviation>            </Journal>            <ArticleTitle>Cancer Research and Benefit to Patients.</ArticleTitle>            <Pagination>                <MedlinePgn>714</MedlinePgn>            </Pagination>            <AuthorList CompleteYN="Y">                <Author ValidYN="Y">                    <LastName>Hammett</LastName>                    <ForeName>F S</ForeName>                    <Initials>FS</Initials>                </Author>            </AuthorList>            <Language>eng</Language>            <PublicationTypeList>                <PublicationType UI="D016428">Journal Article</PublicationType>            </PublicationTypeList>        </Article>        <MedlineJournalInfo>            <Country>United States</Country>            <MedlineTA>Science</MedlineTA>            <NlmUniqueID>0404511</NlmUniqueID>            <ISSNLinking>0036-8075</ISSNLinking>        </MedlineJournalInfo>    </MedlineCitation>    <PubmedData>        <History>            <PubMedPubDate PubStatus="pubmed">                <Year>1946</Year>                <Month>6</Month>                <Day>14</Day>                <Hour>0</Hour>                <Minute>0</Minute>            </PubMedPubDate>            <PubMedPubDate PubStatus="medline">                <Year>1946</Year>                <Month>6</Month>                <Day>14</Day>                <Hour>0</Hour>                <Minute>1</Minute>            </PubMedPubDate>            <PubMedPubDate PubStatus="entrez">                <Year>1946</Year>                <Month>6</Month>                <Day>14</Day>                <Hour>0</Hour>                <Minute>0</Minute>            </PubMedPubDate>        </History>        <PublicationStatus>ppublish</PublicationStatus>        <ArticleIdList>            <ArticleId IdType="pii">103/2685/714</ArticleId>            <ArticleId IdType="doi">10.1126/science.103.2685.714</ArticleId>            <ArticleId IdType="pubmed">17808058</ArticleId>        </ArticleIdList>    </PubmedData></PubmedArticle></PubmedArticleSet>