<?xml version="1.0"?><!DOCTYPE PubmedArticleSet PUBLIC "-//NLM//DTD PubMedArticle, 1st January 2015//EN" "http://www.ncbi.nlm.nih.gov/corehtml/query/DTD/pubmed_150101.dtd">
<PubmedArticleSet>
	<PubmedArticle>
		<MedlineCitation Owner="NLM" Status="PubMed-not-MEDLINE">
			<PMID Version="1">17818508</PMID>
			<DateCreated>
				<Year>2010</Year>
				<Month>06</Month>
				<Day>09</Day>
			</DateCreated>
			<DateCompleted>
				<Year>2010</Year>
				<Month>07</Month>
				<Day>02</Day>
			</DateCompleted>
			<Article PubModel="Print">
				<Journal>
					<ISSN IssnType="Print">0036-8075</ISSN>
					<JournalIssue CitedMedium="Print">
						<Volume>42</Volume>
						<Issue>1095</Issue>
						<PubDate>
							<Year>1915</Year>
							<Month>Dec</Month>
							<Day>24</Day>
						</PubDate>
					</JournalIssue>
					<Title>Science (New York, N.Y.)</Title>
					<ISOAbbreviation>Science</ISOAbbreviation>
				</Journal>
				<ArticleTitle>HEREDITY AND INTERNAL SECRETION IN THE SPONTANEOUS
					DEVELOPMENT OF CANCER IN MICE.</ArticleTitle>
				<Pagination>
					<MedlinePgn>912-4</MedlinePgn>
				</Pagination>
				<AuthorList CompleteYN="Y">
					<Author ValidYN="Y">
						<LastName>Loeb</LastName>
						<ForeName>L</ForeName>
						<Initials>L</Initials>
					</Author>
				</AuthorList>
				<Language>eng</Language>
				<PublicationTypeList>
					<PublicationType UI="D016428">Journal Article</PublicationType>
				</PublicationTypeList>
			</Article>
			<MedlineJournalInfo>
				<Country>United States</Country>
				<MedlineTA>Science</MedlineTA>
				<NlmUniqueID>0404511</NlmUniqueID>
				<ISSNLinking>0036-8075</ISSNLinking>
			</MedlineJournalInfo>
		</MedlineCitation>
		<PubmedData>
			<History>
				<PubMedPubDate PubStatus="pubmed">
					<Year>1915</Year>
					<Month>12</Month>
					<Day>24</Day>
					<Hour>0</Hour>
					<Minute>0</Minute>
				</PubMedPubDate>
				<PubMedPubDate PubStatus="medline">
					<Year>1915</Year>
					<Month>12</Month>
					<Day>24</Day>
					<Hour>0</Hour>
					<Minute>1</Minute>
				</PubMedPubDate>
				<PubMedPubDate PubStatus="entrez">
					<Year>1915</Year>
					<Month>12</Month>
					<Day>24</Day>
					<Hour>0</Hour>
					<Minute>0</Minute>
				</PubMedPubDate>
			</History>
			<PublicationStatus>ppublish</PublicationStatus>
			<ArticleIdList>
				<ArticleId IdType="pii">42/1095/912-a</ArticleId>
				<ArticleId IdType="doi">10.1126/science.42.1095.912-a</ArticleId>
				<ArticleId IdType="pubmed">17818508</ArticleId>
			</ArticleIdList>
		</PubmedData>
	</PubmedArticle>
	<PubmedArticle>
		<MedlineCitation Owner="NLM" Status="PubMed-not-MEDLINE">
			<PMID Version="1">17745784</PMID>
			<DateCreated>
				<Year>2010</Year>
				<Month>06</Month>
				<Day>09</Day>
			</DateCreated>
			<DateCompleted>
				<Year>2010</Year>
				<Month>07</Month>
				<Day>02</Day>
			</DateCompleted>
			<Article PubModel="Print">
				<Journal>
					<ISSN IssnType="Print">0036-8075</ISSN>
					<JournalIssue CitedMedium="Print">
						<Volume>42</Volume>
						<Issue>1093</Issue>
						<PubDate>
							<Year>1915</Year>
							<Month>Dec</Month>
							<Day>10</Day>
						</PubDate>
					</JournalIssue>
					<Title>Science (New York, N.Y.)</Title>
					<ISOAbbreviation>Science</ISOAbbreviation>
				</Journal>
				<ArticleTitle>THE EFFECT OF X-RAY ON THE RESISTANCE TO CANCER IN
					MICE.</ArticleTitle>
				<Pagination>
					<MedlinePgn>842-3</MedlinePgn>
				</Pagination>
				<AuthorList CompleteYN="Y">
					<Author ValidYN="Y">
						<LastName>Murphy</LastName>
						<ForeName>J B</ForeName>
						<Initials>JB</Initials>
					</Author>
					<Author ValidYN="Y">
						<LastName>Norton</LastName>
						<ForeName>J J</ForeName>
						<Initials>JJ</Initials>
					</Author>
				</AuthorList>
				<Language>eng</Language>
				<PublicationTypeList>
					<PublicationType UI="D016428">Journal Article</PublicationType>
				</PublicationTypeList>
			</Article>
			<MedlineJournalInfo>
				<Country>United States</Country>
				<MedlineTA>Science</MedlineTA>
				<NlmUniqueID>0404511</NlmUniqueID>
				<ISSNLinking>0036-8075</ISSNLinking>
			</MedlineJournalInfo>
		</MedlineCitation>
		<PubmedData>
			<History>
				<PubMedPubDate PubStatus="pubmed">
					<Year>1915</Year>
					<Month>12</Month>
					<Day>10</Day>
					<Hour>0</Hour>
					<Minute>0</Minute>
				</PubMedPubDate>
				<PubMedPubDate PubStatus="medline">
					<Year>1915</Year>
					<Month>12</Month>
					<Day>10</Day>
					<Hour>0</Hour>
					<Minute>1</Minute>
				</PubMedPubDate>
				<PubMedPubDate PubStatus="entrez">
					<Year>1915</Year>
					<Month>12</Month>
					<Day>10</Day>
					<Hour>0</Hour>
					<Minute>0</Minute>
				</PubMedPubDate>
			</History>
			<PublicationStatus>ppublish</PublicationStatus>
			<ArticleIdList>
				<ArticleId IdType="pii">42/1093/842</ArticleId>
				<ArticleId IdType="doi">10.1126/science.42.1093.842</ArticleId>
				<ArticleId IdType="pubmed">17745784</ArticleId>
			</ArticleIdList>
		</PubmedData>
	</PubmedArticle>
	<PubmedArticle>
		<MedlineCitation Owner="NLM" Status="PubMed-not-MEDLINE">
			<PMID Version="1">17770909</PMID>
			<DateCreated>
				<Year>2010</Year>
				<Month>06</Month>
				<Day>09</Day>
			</DateCreated>
			<DateCompleted>
				<Year>2010</Year>
				<Month>07</Month>
				<Day>02</Day>
			</DateCompleted>
			<Article PubModel="Print">
				<Journal>
					<ISSN IssnType="Print">0036-8075</ISSN>
					<JournalIssue CitedMedium="Print">
						<Volume>42</Volume>
						<Issue>1084</Issue>
						<PubDate>
							<Year>1915</Year>
							<Month>Oct</Month>
							<Day>8</Day>
						</PubDate>
					</JournalIssue>
					<Title>Science (New York, N.Y.)</Title>
					<ISOAbbreviation>Science</ISOAbbreviation>
				</Journal>
				<ArticleTitle>THE INHERITANCE OF CANCER.</ArticleTitle>
				<Pagination>
					<MedlinePgn>494-5</MedlinePgn>
				</Pagination>
				<AuthorList CompleteYN="Y">
					<Author ValidYN="Y">
						<LastName>Little</LastName>
						<ForeName>C C</ForeName>
						<Initials>CC</Initials>
					</Author>
				</AuthorList>
				<Language>eng</Language>
				<PublicationTypeList>
					<PublicationType UI="D016428">Journal Article</PublicationType>
				</PublicationTypeList>
			</Article>
			<MedlineJournalInfo>
				<Country>United States</Country>
				<MedlineTA>Science</MedlineTA>
				<NlmUniqueID>0404511</NlmUniqueID>
				<ISSNLinking>0036-8075</ISSNLinking>
			</MedlineJournalInfo>
		</MedlineCitation>
		<PubmedData>
			<History>
				<PubMedPubDate PubStatus="pubmed">
					<Year>1915</Year>
					<Month>10</Month>
					<Day>8</Day>
					<Hour>0</Hour>
					<Minute>0</Minute>
				</PubMedPubDate>
				<PubMedPubDate PubStatus="medline">
					<Year>1915</Year>
					<Month>10</Month>
					<Day>8</Day>
					<Hour>0</Hour>
					<Minute>1</Minute>
				</PubMedPubDate>
				<PubMedPubDate PubStatus="entrez">
					<Year>1915</Year>
					<Month>10</Month>
					<Day>8</Day>
					<Hour>0</Hour>
					<Minute>0</Minute>
				</PubMedPubDate>
			</History>
			<PublicationStatus>ppublish</PublicationStatus>
			<ArticleIdList>
				<ArticleId IdType="pii">42/1084/494</ArticleId>
				<ArticleId IdType="doi">10.1126/science.42.1084.494</ArticleId>
				<ArticleId IdType="pubmed">17770909</ArticleId>
			</ArticleIdList>
		</PubmedData>
	</PubmedArticle>
	<PubmedArticle>
		<MedlineCitation Owner="NLM" Status="PubMed-not-MEDLINE">
			<PMID Version="1">17748498</PMID>
			<DateCreated>
				<Year>2010</Year>
				<Month>06</Month>
				<Day>09</Day>
			</DateCreated>
			<DateCompleted>
				<Year>2010</Year>
				<Month>07</Month>
				<Day>02</Day>
			</DateCompleted>
			<Article PubModel="Print">
				<Journal>
					<ISSN IssnType="Print">0036-8075</ISSN>
					<JournalIssue CitedMedium="Print">
						<Volume>42</Volume>
						<Issue>1076</Issue>
						<PubDate>
							<Year>1915</Year>
							<Month>Aug</Month>
							<Day>13</Day>
						</PubDate>
					</JournalIssue>
					<Title>Science (New York, N.Y.)</Title>
					<ISOAbbreviation>Science</ISOAbbreviation>
				</Journal>
				<ArticleTitle>CANCER AND HEREDITY.</ArticleTitle>
				<Pagination>
					<MedlinePgn>218-9</MedlinePgn>
				</Pagination>
				<AuthorList CompleteYN="Y">
					<Author ValidYN="Y">
						<LastName>Little</LastName>
						<ForeName>C C</ForeName>
						<Initials>CC</Initials>
					</Author>
				</AuthorList>
				<Language>eng</Language>
				<PublicationTypeList>
					<PublicationType UI="D016428">Journal Article</PublicationType>
				</PublicationTypeList>
			</Article>
			<MedlineJournalInfo>
				<Country>United States</Country>
				<MedlineTA>Science</MedlineTA>
				<NlmUniqueID>0404511</NlmUniqueID>
				<ISSNLinking>0036-8075</ISSNLinking>
			</MedlineJournalInfo>
		</MedlineCitation>
		<PubmedData>
			<History>
				<PubMedPubDate PubStatus="pubmed">
					<Year>1915</Year>
					<Month>8</Month>
					<Day>13</Day>
					<Hour>0</Hour>
					<Minute>0</Minute>
				</PubMedPubDate>
				<PubMedPubDate PubStatus="medline">
					<Year>1915</Year>
					<Month>8</Month>
					<Day>13</Day>
					<Hour>0</Hour>
					<Minute>1</Minute>
				</PubMedPubDate>
				<PubMedPubDate PubStatus="entrez">
					<Year>1915</Year>
					<Month>8</Month>
					<Day>13</Day>
					<Hour>0</Hour>
					<Minute>0</Minute>
				</PubMedPubDate>
			</History>
			<PublicationStatus>ppublish</PublicationStatus>
			<ArticleIdList>
				<ArticleId IdType="pii">42/1076/218-a</ArticleId>
				<ArticleId IdType="doi">10.1126/science.42.1076.218-a</ArticleId>
				<ArticleId IdType="pubmed">17748498</ArticleId>
			</ArticleIdList>
		</PubmedData>
	</PubmedArticle>
</PubmedArticleSet>