<?xml version="1.0"?><!DOCTYPE PubmedArticleSet PUBLIC "-//NLM//DTD PubMedArticle, 1st January 2015//EN" "http://www.ncbi.nlm.nih.gov/corehtml/query/DTD/pubmed_150101.dtd"><PubmedArticleSet><PubmedArticle>    <MedlineCitation Owner="NLM" Status="OLDMEDLINE">        <PMID Version="1">13028238</PMID>        <DateCreated>            <Year>1953</Year>            <Month>12</Month>            <Day>01</Day>        </DateCreated>        <DateCompleted>            <Year>2003</Year>            <Month>05</Month>            <Day>01</Day>        </DateCompleted>        <DateRevised>            <Year>2008</Year>            <Month>06</Month>            <Day>03</Day>        </DateRevised>        <Article PubModel="Print">            <Journal>                <ISSN IssnType="Print">0036-8075</ISSN>                <JournalIssue CitedMedium="Print">                    <Volume>116</Volume>                    <Issue>3024</Issue>                    <PubDate>                        <Year>1952</Year>                        <Month>Dec</Month>                        <Day>12</Day>                    </PubDate>                </JournalIssue>                <Title>Science (New York, N.Y.)</Title>                <ISOAbbreviation>Science</ISOAbbreviation>            </Journal>            <ArticleTitle>Influence of amino acids upon incidence of tumors in tu 50j stock of D. melanogaster.</ArticleTitle>            <Pagination>                <MedlinePgn>657-9</MedlinePgn>            </Pagination>            <AuthorList CompleteYN="Y">                <Author ValidYN="Y">                    <LastName>MITTLER</LastName>                    <ForeName>S</ForeName>                    <Initials>S</Initials>                </Author>            </AuthorList>            <Language>eng</Language>            <PublicationTypeList>                <PublicationType UI="D016428">Journal Article</PublicationType>            </PublicationTypeList>        </Article>        <MedlineJournalInfo>            <Country>Not Available</Country>            <MedlineTA>Science</MedlineTA>            <NlmUniqueID>0404511</NlmUniqueID>            <ISSNLinking>0036-8075</ISSNLinking>        </MedlineJournalInfo>        <CitationSubset>OM</CitationSubset>        <MeshHeadingList>            <MeshHeading>                <DescriptorName MajorTopicYN="Y" UI="D009374">Neoplasms, Experimental</DescriptorName>            </MeshHeading>        </MeshHeadingList>        <OtherID Source="CLML">5323:53216:24:362</OtherID>        <KeywordList Owner="NLM">            <Keyword MajorTopicYN="Y">AMINO ACIDS/effects</Keyword>            <Keyword MajorTopicYN="Y">NEOPLASMS/experimental</Keyword>        </KeywordList>    </MedlineCitation>    <PubmedData>        <History>            <PubMedPubDate PubStatus="pubmed">                <Year>1952</Year>                <Month>12</Month>                <Day>12</Day>            </PubMedPubDate>            <PubMedPubDate PubStatus="medline">                <Year>1952</Year>                <Month>12</Month>                <Day>12</Day>                <Hour>0</Hour>                <Minute>1</Minute>            </PubMedPubDate>            <PubMedPubDate PubStatus="entrez">                <Year>1952</Year>                <Month>12</Month>                <Day>12</Day>                <Hour>0</Hour>                <Minute>0</Minute>            </PubMedPubDate>        </History>        <PublicationStatus>ppublish</PublicationStatus>        <ArticleIdList>            <ArticleId IdType="pubmed">13028238</ArticleId>        </ArticleIdList>    </PubmedData></PubmedArticle><PubmedArticle>    <MedlineCitation Owner="NLM" Status="MEDLINE">        <PMID Version="1">13015110</PMID>        <DateCreated>            <Year>1953</Year>            <Month>12</Month>            <Day>01</Day>        </DateCreated>        <DateCompleted>            <Year>2003</Year>            <Month>05</Month>            <Day>01</Day>        </DateCompleted>        <DateRevised>            <Year>2012</Year>            <Month>04</Month>            <Day>16</Day>        </DateRevised>        <Article PubModel="Print">            <Journal>                <ISSN IssnType="Print">0036-8075</ISSN>                <JournalIssue CitedMedium="Print">                    <Volume>116</Volume>                    <Issue>3021</Issue>                    <PubDate>                        <Year>1952</Year>                        <Month>Nov</Month>                        <Day>21</Day>                    </PubDate>                </JournalIssue>                <Title>Science (New York, N.Y.)</Title>                <ISOAbbreviation>Science</ISOAbbreviation>            </Journal>            <ArticleTitle>Cigarette smoke and the incidence of primary neoplasm of the lung in the albino mouse.</ArticleTitle>            <Pagination>                <MedlinePgn>561-2</MedlinePgn>            </Pagination>            <AuthorList CompleteYN="Y">                <Author ValidYN="Y">                    <LastName>ESSENBERG</LastName>                    <ForeName>J M</ForeName>                    <Initials>JM</Initials>                </Author>            </AuthorList>            <Language>eng</Language>            <PublicationTypeList>                <PublicationType UI="D016428">Journal Article</PublicationType>            </PublicationTypeList>        </Article>        <MedlineJournalInfo>            <Country>Not Available</Country>            <MedlineTA>Science</MedlineTA>            <NlmUniqueID>0404511</NlmUniqueID>            <ISSNLinking>0036-8075</ISSNLinking>        </MedlineJournalInfo>        <CitationSubset>OM</CitationSubset>        <MeshHeadingList>            <MeshHeading>                <DescriptorName MajorTopicYN="Y" UI="D008175">Lung Neoplasms</DescriptorName>            </MeshHeading>            <MeshHeading>                <DescriptorName MajorTopicYN="Y" UI="D014026">Tobacco</DescriptorName>            </MeshHeading>        </MeshHeadingList>        <OtherID Source="CLML">5323:39870:318:552</OtherID>        <KeywordList Owner="NLM">            <Keyword MajorTopicYN="Y">LUNGS/neoplasms</Keyword>            <Keyword MajorTopicYN="Y">TOBACCO</Keyword>        </KeywordList>    </MedlineCitation>    <PubmedData>        <History>            <PubMedPubDate PubStatus="pubmed">                <Year>1952</Year>                <Month>11</Month>                <Day>21</Day>            </PubMedPubDate>            <PubMedPubDate PubStatus="medline">                <Year>1952</Year>                <Month>11</Month>                <Day>21</Day>                <Hour>0</Hour>                <Minute>1</Minute>            </PubMedPubDate>            <PubMedPubDate PubStatus="entrez">                <Year>1952</Year>                <Month>11</Month>                <Day>21</Day>                <Hour>0</Hour>                <Minute>0</Minute>            </PubMedPubDate>        </History>        <PublicationStatus>ppublish</PublicationStatus>        <ArticleIdList>            <ArticleId IdType="pubmed">13015110</ArticleId>        </ArticleIdList>    </PubmedData></PubmedArticle><PubmedArticle>    <MedlineCitation Owner="NLM" Status="MEDLINE">        <PMID Version="1">12984100</PMID>        <DateCreated>            <Year>1953</Year>            <Month>12</Month>            <Day>01</Day>        </DateCreated>        <DateCompleted>            <Year>2003</Year>            <Month>05</Month>            <Day>01</Day>        </DateCompleted>        <DateRevised>            <Year>2008</Year>            <Month>06</Month>            <Day>03</Day>        </DateRevised>        <Article PubModel="Print">            <Journal>                <ISSN IssnType="Print">0036-8075</ISSN>                <JournalIssue CitedMedium="Print">                    <Volume>116</Volume>                    <Issue>3011</Issue>                    <PubDate>                        <Year>1952</Year>                        <Month>Sep</Month>                        <Day>12</Day>                    </PubDate>                </JournalIssue>                <Title>Science (New York, N.Y.)</Title>                <ISOAbbreviation>Science</ISOAbbreviation>            </Journal>            <ArticleTitle>Effect of prior injection of non-mouse tissues on growth of tumor homoiografts in mice.</ArticleTitle>            <Pagination>                <MedlinePgn>279-80</MedlinePgn>            </Pagination>            <AuthorList CompleteYN="Y">                <Author ValidYN="Y">                    <LastName>KALISS</LastName>                    <ForeName>N</ForeName>                    <Initials>N</Initials>                </Author>            </AuthorList>            <Language>eng</Language>            <PublicationTypeList>                <PublicationType UI="D016428">Journal Article</PublicationType>            </PublicationTypeList>        </Article>        <MedlineJournalInfo>            <Country>Not Available</Country>            <MedlineTA>Science</MedlineTA>            <NlmUniqueID>0404511</NlmUniqueID>            <ISSNLinking>0036-8075</ISSNLinking>        </MedlineJournalInfo>        <CitationSubset>OM</CitationSubset>        <MeshHeadingList>            <MeshHeading>                <DescriptorName MajorTopicYN="Y" UI="D009374">Neoplasms, Experimental</DescriptorName>            </MeshHeading>        </MeshHeadingList>        <OtherID Source="CLML">5323:8340:362</OtherID>        <KeywordList Owner="NLM">            <Keyword MajorTopicYN="Y">NEOPLASMS/experimental</Keyword>        </KeywordList>    </MedlineCitation>    <PubmedData>        <History>            <PubMedPubDate PubStatus="pubmed">                <Year>1952</Year>                <Month>9</Month>                <Day>12</Day>            </PubMedPubDate>            <PubMedPubDate PubStatus="medline">                <Year>1952</Year>                <Month>9</Month>                <Day>12</Day>                <Hour>0</Hour>                <Minute>1</Minute>            </PubMedPubDate>            <PubMedPubDate PubStatus="entrez">                <Year>1952</Year>                <Month>9</Month>                <Day>12</Day>                <Hour>0</Hour>                <Minute>0</Minute>            </PubMedPubDate>        </History>        <PublicationStatus>ppublish</PublicationStatus>        <ArticleIdList>            <ArticleId IdType="pubmed">12984100</ArticleId>        </ArticleIdList>    </PubmedData></PubmedArticle><PubmedArticle>    <MedlineCitation Owner="NLM" Status="MEDLINE">        <PMID Version="1">12984095</PMID>        <DateCreated>            <Year>1953</Year>            <Month>12</Month>            <Day>01</Day>        </DateCreated>        <DateCompleted>            <Year>2003</Year>            <Month>05</Month>            <Day>01</Day>        </DateCompleted>        <DateRevised>            <Year>2014</Year>            <Month>08</Month>            <Day>12</Day>        </DateRevised>        <Article PubModel="Print">            <Journal>                <ISSN IssnType="Print">0036-8075</ISSN>                <JournalIssue CitedMedium="Print">                    <Volume>116</Volume>                    <Issue>3011</Issue>                    <PubDate>                        <Year>1952</Year>                        <Month>Sep</Month>                        <Day>12</Day>                    </PubDate>                </JournalIssue>                <Title>Science (New York, N.Y.)</Title>                <ISOAbbreviation>Science</ISOAbbreviation>            </Journal>            <ArticleTitle>Nucleic acid content of the squamous cancer cell.</ArticleTitle>            <Pagination>                <MedlinePgn>265-9</MedlinePgn>            </Pagination>            <AuthorList CompleteYN="Y">                <Author ValidYN="Y">                    <LastName>MELLORS</LastName>                    <ForeName>R C</ForeName>                    <Initials>RC</Initials>                </Author>                <Author ValidYN="Y">                    <LastName>KEANE</LastName>                    <ForeName>J F</ForeName>                    <Initials>JF</Initials>                    <Suffix>Jr</Suffix>                </Author>                <Author ValidYN="Y">                    <LastName>PAPANICOLAOU</LastName>                    <ForeName>G N</ForeName>                    <Initials>GN</Initials>                </Author>            </AuthorList>            <Language>eng</Language>            <PublicationTypeList>                <PublicationType UI="D016428">Journal Article</PublicationType>            </PublicationTypeList>        </Article>        <MedlineJournalInfo>            <Country>Not Available</Country>            <MedlineTA>Science</MedlineTA>            <NlmUniqueID>0404511</NlmUniqueID>            <ISSNLinking>0036-8075</ISSNLinking>        </MedlineJournalInfo>        <ChemicalList>            <Chemical>                <RegistryNumber>0</RegistryNumber>                <NameOfSubstance UI="D009696">Nucleic Acids</NameOfSubstance>            </Chemical>        </ChemicalList>        <CitationSubset>OM</CitationSubset>        <MeshHeadingList>            <MeshHeading>                <DescriptorName MajorTopicYN="Y" UI="D002294">Carcinoma, Squamous Cell</DescriptorName>            </MeshHeading>            <MeshHeading>                <DescriptorName MajorTopicYN="Y" UI="D002584">Cervix Uteri</DescriptorName>            </MeshHeading>            <MeshHeading>                <DescriptorName MajorTopicYN="Y" UI="D009369">Neoplasms</DescriptorName>            </MeshHeading>            <MeshHeading>                <DescriptorName MajorTopicYN="N" UI="D009696">Nucleic Acids</DescriptorName>                <QualifierName MajorTopicYN="Y" UI="Q000032">analysis</QualifierName>            </MeshHeading>        </MeshHeadingList>        <OtherID Source="CLML">5323:8335:103:114:379</OtherID>        <KeywordList Owner="NLM">            <Keyword MajorTopicYN="Y">CARCINOMA, EPIDERMOID</Keyword>            <Keyword MajorTopicYN="Y">CERVIX, UTERINE/neoplasms</Keyword>            <Keyword MajorTopicYN="Y">NUCLEIC ACIDS/determination</Keyword>        </KeywordList>    </MedlineCitation>    <PubmedData>        <History>            <PubMedPubDate PubStatus="pubmed">                <Year>1952</Year>                <Month>9</Month>                <Day>12</Day>            </PubMedPubDate>            <PubMedPubDate PubStatus="medline">                <Year>1952</Year>                <Month>9</Month>                <Day>12</Day>                <Hour>0</Hour>                <Minute>1</Minute>            </PubMedPubDate>            <PubMedPubDate PubStatus="entrez">                <Year>1952</Year>                <Month>9</Month>                <Day>12</Day>                <Hour>0</Hour>                <Minute>0</Minute>            </PubMedPubDate>        </History>        <PublicationStatus>ppublish</PublicationStatus>        <ArticleIdList>            <ArticleId IdType="pubmed">12984095</ArticleId>        </ArticleIdList>    </PubmedData></PubmedArticle><PubmedArticle>    <MedlineCitation Owner="NLM" Status="OLDMEDLINE">        <PMID Version="1">14950226</PMID>        <DateCreated>            <Year>1952</Year>            <Month>12</Month>            <Day>01</Day>        </DateCreated>        <DateCompleted>            <Year>2004</Year>            <Month>02</Month>            <Day>15</Day>        </DateCompleted>        <DateRevised>            <Year>2008</Year>            <Month>06</Month>            <Day>03</Day>        </DateRevised>        <Article PubModel="Print">            <Journal>                <ISSN IssnType="Print">0036-8075</ISSN>                <JournalIssue CitedMedium="Print">                    <Volume>116</Volume>                    <Issue>3007</Issue>                    <PubDate>                        <Year>1952</Year>                        <Month>Aug</Month>                        <Day>15</Day>                    </PubDate>                </JournalIssue>                <Title>Science (New York, N.Y.)</Title>                <ISOAbbreviation>Science</ISOAbbreviation>            </Journal>            <ArticleTitle>Systemic stress as an inhibitor of experimental tumors in Swiss mice.</ArticleTitle>            <Pagination>                <MedlinePgn>169-71</MedlinePgn>            </Pagination>            <AuthorList CompleteYN="Y">                <Author ValidYN="Y">                    <LastName>RASHKIS</LastName>                    <ForeName>H A</ForeName>                    <Initials>HA</Initials>                </Author>            </AuthorList>            <Language>eng</Language>            <PublicationTypeList>                <PublicationType UI="D016428">Journal Article</PublicationType>            </PublicationTypeList>        </Article>        <MedlineJournalInfo>            <Country>Not Available</Country>            <MedlineTA>Science</MedlineTA>            <NlmUniqueID>0404511</NlmUniqueID>            <ISSNLinking>0036-8075</ISSNLinking>        </MedlineJournalInfo>        <CitationSubset>OM</CitationSubset>        <MeshHeadingList>            <MeshHeading>                <DescriptorName MajorTopicYN="Y" UI="D009374">Neoplasms, Experimental</DescriptorName>            </MeshHeading>        </MeshHeadingList>        <OtherID Source="CLML">5222:36590:300:441</OtherID>        <KeywordList Owner="NLM">            <Keyword MajorTopicYN="Y">NEOPLASMS/experimental</Keyword>            <Keyword MajorTopicYN="Y">STRESS/effects</Keyword>        </KeywordList>    </MedlineCitation>    <PubmedData>        <History>            <PubMedPubDate PubStatus="pubmed">                <Year>1952</Year>                <Month>8</Month>                <Day>15</Day>            </PubMedPubDate>            <PubMedPubDate PubStatus="medline">                <Year>1952</Year>                <Month>8</Month>                <Day>15</Day>                <Hour>0</Hour>                <Minute>1</Minute>            </PubMedPubDate>            <PubMedPubDate PubStatus="entrez">                <Year>1952</Year>                <Month>8</Month>                <Day>15</Day>                <Hour>0</Hour>                <Minute>0</Minute>            </PubMedPubDate>        </History>        <PublicationStatus>ppublish</PublicationStatus>        <ArticleIdList>            <ArticleId IdType="pubmed">14950226</ArticleId>        </ArticleIdList>    </PubmedData></PubmedArticle><PubmedArticle>    <MedlineCitation Owner="NLM" Status="OLDMEDLINE">        <PMID Version="1">14950218</PMID>        <DateCreated>            <Year>1952</Year>            <Month>12</Month>            <Day>01</Day>        </DateCreated>        <DateCompleted>            <Year>2004</Year>            <Month>02</Month>            <Day>15</Day>        </DateCompleted>        <DateRevised>            <Year>2007</Year>            <Month>04</Month>            <Day>20</Day>        </DateRevised>        <Article PubModel="Print">            <Journal>                <ISSN IssnType="Print">0036-8075</ISSN>                <JournalIssue CitedMedium="Print">                    <Volume>116</Volume>                    <Issue>3006</Issue>                    <PubDate>                        <Year>1952</Year>                        <Month>Aug</Month>                        <Day>8</Day>                    </PubDate>                </JournalIssue>                <Title>Science (New York, N.Y.)</Title>                <ISOAbbreviation>Science</ISOAbbreviation>            </Journal>            <ArticleTitle>A method for quantitative evaluation of the effects of ionizing radiations on growth of adenocarcinoma in vivo.</ArticleTitle>            <Pagination>                <MedlinePgn>149-51</MedlinePgn>            </Pagination>            <AuthorList CompleteYN="Y">                <Author ValidYN="Y">                    <LastName>TING</LastName>                    <ForeName>T P</ForeName>                    <Initials>TP</Initials>                </Author>            </AuthorList>            <Language>eng</Language>            <PublicationTypeList>                <PublicationType UI="D016428">Journal Article</PublicationType>            </PublicationTypeList>        </Article>        <MedlineJournalInfo>            <Country>Not Available</Country>            <MedlineTA>Science</MedlineTA>            <NlmUniqueID>0404511</NlmUniqueID>            <ISSNLinking>0036-8075</ISSNLinking>        </MedlineJournalInfo>        <CitationSubset>OM</CitationSubset>        <MeshHeadingList>            <MeshHeading>                <DescriptorName MajorTopicYN="N" UI="D009369">Neoplasms</DescriptorName>                <QualifierName MajorTopicYN="Y" UI="Q000628">therapy</QualifierName>            </MeshHeading>        </MeshHeadingList>        <OtherID Source="CLML">5222:36582:302:405</OtherID>        <KeywordList Owner="NLM">            <Keyword MajorTopicYN="Y">NEOPLASMS/therapy</Keyword>            <Keyword MajorTopicYN="Y">ROENTGEN RAYS/effects</Keyword>        </KeywordList>    </MedlineCitation>    <PubmedData>        <History>            <PubMedPubDate PubStatus="pubmed">                <Year>1952</Year>                <Month>8</Month>                <Day>8</Day>            </PubMedPubDate>            <PubMedPubDate PubStatus="medline">                <Year>1952</Year>                <Month>8</Month>                <Day>8</Day>                <Hour>0</Hour>                <Minute>1</Minute>            </PubMedPubDate>            <PubMedPubDate PubStatus="entrez">                <Year>1952</Year>                <Month>8</Month>                <Day>8</Day>                <Hour>0</Hour>                <Minute>0</Minute>            </PubMedPubDate>        </History>        <PublicationStatus>ppublish</PublicationStatus>        <ArticleIdList>            <ArticleId IdType="pubmed">14950218</ArticleId>        </ArticleIdList>    </PubmedData></PubmedArticle><PubmedArticle>    <MedlineCitation Owner="NLM" Status="MEDLINE">        <PMID Version="1">14950203</PMID>        <DateCreated>            <Year>1952</Year>            <Month>12</Month>            <Day>01</Day>        </DateCreated>        <DateCompleted>            <Year>2004</Year>            <Month>02</Month>            <Day>15</Day>        </DateCompleted>        <DateRevised>            <Year>2013</Year>            <Month>11</Month>            <Day>21</Day>        </DateRevised>        <Article PubModel="Print">            <Journal>                <ISSN IssnType="Print">0036-8075</ISSN>                <JournalIssue CitedMedium="Print">                    <Volume>116</Volume>                    <Issue>3005</Issue>                    <PubDate>                        <Year>1952</Year>                        <Month>Aug</Month>                        <Day>1</Day>                    </PubDate>                </JournalIssue>                <Title>Science (New York, N.Y.)</Title>                <ISOAbbreviation>Science</ISOAbbreviation>            </Journal>            <ArticleTitle>The metabolism of betaine and sodium formate by leukemic mice.</ArticleTitle>            <Pagination>                <MedlinePgn>121-2</MedlinePgn>            </Pagination>            <AuthorList CompleteYN="Y">                <Author ValidYN="Y">                    <LastName>DINNING</LastName>                    <ForeName>J S</ForeName>                    <Initials>JS</Initials>                </Author>                <Author ValidYN="Y">                    <LastName>SEAGER</LastName>                    <ForeName>L D</ForeName>                    <Initials>LD</Initials>                </Author>                <Author ValidYN="Y">                    <LastName>PAYNE</LastName>                    <ForeName>L D</ForeName>                    <Initials>LD</Initials>                </Author>                <Author ValidYN="Y">                    <LastName>TOTTER</LastName>                    <ForeName>J R</ForeName>                    <Initials>JR</Initials>                </Author>            </AuthorList>            <Language>eng</Language>            <PublicationTypeList>                <PublicationType UI="D016428">Journal Article</PublicationType>            </PublicationTypeList>        </Article>        <MedlineJournalInfo>            <Country>Not Available</Country>            <MedlineTA>Science</MedlineTA>            <NlmUniqueID>0404511</NlmUniqueID>            <ISSNLinking>0036-8075</ISSNLinking>        </MedlineJournalInfo>        <ChemicalList>            <Chemical>                <RegistryNumber>0</RegistryNumber>                <NameOfSubstance UI="D005561">Formates</NameOfSubstance>            </Chemical>            <Chemical>                <RegistryNumber>N91BDP6H0X</RegistryNumber>                <NameOfSubstance UI="D002794">Choline</NameOfSubstance>            </Chemical>        </ChemicalList>        <CitationSubset>OM</CitationSubset>        <MeshHeadingList>            <MeshHeading>                <DescriptorName MajorTopicYN="N" UI="D002794">Choline</DescriptorName>                <QualifierName MajorTopicYN="Y" UI="Q000031">analogs &amp; derivatives</QualifierName>            </MeshHeading>            <MeshHeading>                <DescriptorName MajorTopicYN="N" UI="D005561">Formates</DescriptorName>                <QualifierName MajorTopicYN="Y" UI="Q000378">metabolism</QualifierName>            </MeshHeading>            <MeshHeading>                <DescriptorName MajorTopicYN="Y" UI="D007942">Leukemia, Experimental</DescriptorName>            </MeshHeading>        </MeshHeadingList>        <OtherID Source="CLML">5222:36567:104:178:252</OtherID>        <KeywordList Owner="NLM">            <Keyword MajorTopicYN="Y">CHOLINE/derivatives</Keyword>            <Keyword MajorTopicYN="Y">FORMATES/metabolism</Keyword>            <Keyword MajorTopicYN="Y">LEUKEMIA/experimental</Keyword>        </KeywordList>    </MedlineCitation>    <PubmedData>        <History>            <PubMedPubDate PubStatus="pubmed">                <Year>1952</Year>                <Month>8</Month>                <Day>1</Day>            </PubMedPubDate>            <PubMedPubDate PubStatus="medline">                <Year>1952</Year>                <Month>8</Month>                <Day>1</Day>                <Hour>0</Hour>                <Minute>1</Minute>            </PubMedPubDate>            <PubMedPubDate PubStatus="entrez">                <Year>1952</Year>                <Month>8</Month>                <Day>1</Day>                <Hour>0</Hour>                <Minute>0</Minute>            </PubMedPubDate>        </History>        <PublicationStatus>ppublish</PublicationStatus>        <ArticleIdList>            <ArticleId IdType="pubmed">14950203</ArticleId>        </ArticleIdList>    </PubmedData></PubmedArticle><PubmedArticle>    <MedlineCitation Owner="NLM" Status="MEDLINE">        <PMID Version="1">17749051</PMID>        <DateCreated>            <Year>2010</Year>            <Month>06</Month>            <Day>04</Day>        </DateCreated>        <DateCompleted>            <Year>2010</Year>            <Month>07</Month>            <Day>02</Day>        </DateCompleted>        <DateRevised>            <Year>2014</Year>            <Month>02</Month>            <Day>25</Day>        </DateRevised>        <Article PubModel="Print">            <Journal>                <ISSN IssnType="Print">0036-8075</ISSN>                <JournalIssue CitedMedium="Print">                    <Volume>115</Volume>                    <Issue>2991</Issue>                    <PubDate>                        <Year>1952</Year>                        <Month>Apr</Month>                        <Day>25</Day>                    </PubDate>                </JournalIssue>                <Title>Science (New York, N.Y.)</Title>                <ISOAbbreviation>Science</ISOAbbreviation>            </Journal>            <ArticleTitle>Survival and Growth of Human Tissues Transplanted to Hamster Cheek Pouch.</ArticleTitle>            <Pagination>                <MedlinePgn>461-5</MedlinePgn>            </Pagination>            <AuthorList CompleteYN="Y">                <Author ValidYN="Y">                    <LastName>Lemon</LastName>                    <ForeName>H M</ForeName>                    <Initials>HM</Initials>                </Author>                <Author ValidYN="Y">                    <LastName>Lutz</LastName>                    <ForeName>B R</ForeName>                    <Initials>BR</Initials>                </Author>                <Author ValidYN="Y">                    <LastName>Pope</LastName>                    <ForeName>R</ForeName>                    <Initials>R</Initials>                </Author>                <Author ValidYN="Y">                    <LastName>Parsons</LastName>                    <ForeName>L</ForeName>                    <Initials>L</Initials>                </Author>                <Author ValidYN="Y">                    <LastName>Handler</LastName>                    <ForeName>A H</ForeName>                    <Initials>AH</Initials>                </Author>                <Author ValidYN="Y">                    <LastName>Patt</LastName>                    <ForeName>D I</ForeName>                    <Initials>DI</Initials>                </Author>            </AuthorList>            <Language>eng</Language>            <PublicationTypeList>                <PublicationType UI="D016428">Journal Article</PublicationType>            </PublicationTypeList>        </Article>        <MedlineJournalInfo>            <Country>United States</Country>            <MedlineTA>Science</MedlineTA>            <NlmUniqueID>0404511</NlmUniqueID>            <ISSNLinking>0036-8075</ISSNLinking>        </MedlineJournalInfo>        <CitationSubset>OM</CitationSubset>        <MeshHeadingList>            <MeshHeading>                <DescriptorName MajorTopicYN="Y" UI="D009374">Neoplasms, Experimental</DescriptorName>            </MeshHeading>        </MeshHeadingList>        <OtherID Source="CLML">5222:28642:301</OtherID>        <KeywordList Owner="NLM">            <Keyword MajorTopicYN="Y">NEOPLASMS/experimental</Keyword>        </KeywordList>    </MedlineCitation>    <PubmedData>        <History>            <PubMedPubDate PubStatus="pubmed">                <Year>1952</Year>                <Month>4</Month>                <Day>25</Day>                <Hour>0</Hour>                <Minute>0</Minute>            </PubMedPubDate>            <PubMedPubDate PubStatus="medline">                <Year>1952</Year>                <Month>4</Month>                <Day>25</Day>                <Hour>0</Hour>                <Minute>1</Minute>            </PubMedPubDate>            <PubMedPubDate PubStatus="entrez">                <Year>1952</Year>                <Month>4</Month>                <Day>25</Day>                <Hour>0</Hour>                <Minute>0</Minute>            </PubMedPubDate>        </History>        <PublicationStatus>ppublish</PublicationStatus>        <ArticleIdList>            <ArticleId IdType="pii">115/2991/461</ArticleId>            <ArticleId IdType="doi">10.1126/science.115.2991.461</ArticleId>            <ArticleId IdType="pubmed">17749051</ArticleId>        </ArticleIdList>    </PubmedData></PubmedArticle><PubmedArticle>    <MedlineCitation Owner="NLM" Status="MEDLINE">        <PMID Version="1">17734571</PMID>        <DateCreated>            <Year>2010</Year>            <Month>06</Month>            <Day>04</Day>        </DateCreated>        <DateCompleted>            <Year>2010</Year>            <Month>07</Month>            <Day>02</Day>        </DateCompleted>        <DateRevised>            <Year>2014</Year>            <Month>08</Month>            <Day>12</Day>        </DateRevised>        <Article PubModel="Print">            <Journal>                <ISSN IssnType="Print">0036-8075</ISSN>                <JournalIssue CitedMedium="Print">                    <Volume>115</Volume>                    <Issue>2984</Issue>                    <PubDate>                        <Year>1952</Year>                        <Month>Mar</Month>                        <Day>7</Day>                    </PubDate>                </JournalIssue>                <Title>Science (New York, N.Y.)</Title>                <ISOAbbreviation>Science</ISOAbbreviation>            </Journal>            <ArticleTitle>Influence of Nutrition upon Appearance of Tumors in Tu50j Stock of D. melanogaster.</ArticleTitle>            <Pagination>                <MedlinePgn>271-2</MedlinePgn>            </Pagination>            <AuthorList CompleteYN="Y">                <Author ValidYN="Y">                    <LastName>Mittler</LastName>                    <ForeName>S</ForeName>                    <Initials>S</Initials>                </Author>            </AuthorList>            <Language>eng</Language>            <PublicationTypeList>                <PublicationType UI="D016428">Journal Article</PublicationType>            </PublicationTypeList>        </Article>        <MedlineJournalInfo>            <Country>United States</Country>            <MedlineTA>Science</MedlineTA>            <NlmUniqueID>0404511</NlmUniqueID>            <ISSNLinking>0036-8075</ISSNLinking>        </MedlineJournalInfo>        <CitationSubset>OM</CitationSubset>        <MeshHeadingList>            <MeshHeading>                <DescriptorName MajorTopicYN="Y" UI="D004175">Diptera</DescriptorName>            </MeshHeading>            <MeshHeading>                <DescriptorName MajorTopicYN="Y" UI="D009374">Neoplasms, Experimental</DescriptorName>            </MeshHeading>            <MeshHeading>                <DescriptorName MajorTopicYN="Y" UI="D015003">Yeasts</DescriptorName>            </MeshHeading>        </MeshHeadingList>        <OtherID Source="CLML">5222:16843:175:300:505</OtherID>        <KeywordList Owner="NLM">            <Keyword MajorTopicYN="Y">FLIES</Keyword>            <Keyword MajorTopicYN="Y">NEOPLASMS/experimental</Keyword>            <Keyword MajorTopicYN="Y">YEAST</Keyword>        </KeywordList>    </MedlineCitation>    <PubmedData>        <History>            <PubMedPubDate PubStatus="pubmed">                <Year>1952</Year>                <Month>3</Month>                <Day>7</Day>                <Hour>0</Hour>                <Minute>0</Minute>            </PubMedPubDate>            <PubMedPubDate PubStatus="medline">                <Year>1952</Year>                <Month>3</Month>                <Day>7</Day>                <Hour>0</Hour>                <Minute>1</Minute>            </PubMedPubDate>            <PubMedPubDate PubStatus="entrez">                <Year>1952</Year>                <Month>3</Month>                <Day>7</Day>                <Hour>0</Hour>                <Minute>0</Minute>            </PubMedPubDate>        </History>        <PublicationStatus>ppublish</PublicationStatus>        <ArticleIdList>            <ArticleId IdType="pii">115/2984/271</ArticleId>            <ArticleId IdType="doi">10.1126/science.115.2984.271</ArticleId>            <ArticleId IdType="pubmed">17734571</ArticleId>        </ArticleIdList>    </PubmedData></PubmedArticle><PubmedArticle>    <MedlineCitation Owner="NLM" Status="PubMed-not-MEDLINE">        <PMID Version="1">17799795</PMID>        <DateCreated>            <Year>2010</Year>            <Month>06</Month>            <Day>04</Day>        </DateCreated>        <DateCompleted>            <Year>2010</Year>            <Month>07</Month>            <Day>02</Day>        </DateCompleted>        <Article PubModel="Print">            <Journal>                <ISSN IssnType="Print">0036-8075</ISSN>                <JournalIssue CitedMedium="Print">                    <Volume>115</Volume>                    <Issue>2983</Issue>                    <PubDate>                        <Year>1952</Year>                        <Month>Feb</Month>                        <Day>29</Day>                    </PubDate>                </JournalIssue>                <Title>Science (New York, N.Y.)</Title>                <ISOAbbreviation>Science</ISOAbbreviation>            </Journal>            <ArticleTitle>Cancer Research.</ArticleTitle>            <Pagination>                <MedlinePgn>3</MedlinePgn>            </Pagination>            <AuthorList CompleteYN="Y">                <Author ValidYN="Y">                    <LastName>Spike</LastName>                    <ForeName>J E</ForeName>                    <Initials>JE</Initials>                    <Suffix>Jr</Suffix>                </Author>            </AuthorList>            <Language>eng</Language>            <PublicationTypeList>                <PublicationType UI="D016428">Journal Article</PublicationType>            </PublicationTypeList>        </Article>        <MedlineJournalInfo>            <Country>United States</Country>            <MedlineTA>Science</MedlineTA>            <NlmUniqueID>0404511</NlmUniqueID>            <ISSNLinking>0036-8075</ISSNLinking>        </MedlineJournalInfo>    </MedlineCitation>    <PubmedData>        <History>            <PubMedPubDate PubStatus="pubmed">                <Year>1952</Year>                <Month>2</Month>                <Day>29</Day>                <Hour>0</Hour>                <Minute>0</Minute>            </PubMedPubDate>            <PubMedPubDate PubStatus="medline">                <Year>1952</Year>                <Month>2</Month>                <Day>29</Day>                <Hour>0</Hour>                <Minute>1</Minute>            </PubMedPubDate>            <PubMedPubDate PubStatus="entrez">                <Year>1952</Year>                <Month>2</Month>                <Day>29</Day>                <Hour>0</Hour>                <Minute>0</Minute>            </PubMedPubDate>        </History>        <PublicationStatus>ppublish</PublicationStatus>        <ArticleIdList>            <ArticleId IdType="pii">115/2983/3</ArticleId>            <ArticleId IdType="doi">10.1126/science.115.2983.3</ArticleId>            <ArticleId IdType="pubmed">17799795</ArticleId>        </ArticleIdList>    </PubmedData></PubmedArticle><PubmedArticle>    <MedlineCitation Owner="NLM" Status="MEDLINE">        <PMID Version="1">14913217</PMID>        <DateCreated>            <Year>1952</Year>            <Month>12</Month>            <Day>01</Day>        </DateCreated>        <DateCompleted>            <Year>2004</Year>            <Month>02</Month>            <Day>15</Day>        </DateCompleted>        <DateRevised>            <Year>2007</Year>            <Month>03</Month>            <Day>19</Day>        </DateRevised>        <Article PubModel="Print">            <Journal>                <ISSN IssnType="Print">0036-8075</ISSN>                <JournalIssue CitedMedium="Print">                    <Volume>115</Volume>                    <Issue>2983</Issue>                    <PubDate>                        <Year>1952</Year>                        <Month>Feb</Month>                        <Day>29</Day>                    </PubDate>                </JournalIssue>                <Title>Science (New York, N.Y.)</Title>                <ISOAbbreviation>Science</ISOAbbreviation>            </Journal>            <ArticleTitle>Application of echo-ranging techniques to the determination of structure of biological tissues.</ArticleTitle>            <Pagination>                <MedlinePgn>226-30</MedlinePgn>            </Pagination>            <AuthorList CompleteYN="Y">                <Author ValidYN="Y">                    <LastName>WILD</LastName>                    <ForeName>J J</ForeName>                    <Initials>JJ</Initials>                </Author>                <Author ValidYN="Y">                    <LastName>REID</LastName>                    <ForeName>J M</ForeName>                    <Initials>JM</Initials>                </Author>            </AuthorList>            <Language>eng</Language>            <PublicationTypeList>                <PublicationType UI="D016428">Journal Article</PublicationType>            </PublicationTypeList>        </Article>        <MedlineJournalInfo>            <Country>Not Available</Country>            <MedlineTA>Science</MedlineTA>            <NlmUniqueID>0404511</NlmUniqueID>            <ISSNLinking>0036-8075</ISSNLinking>        </MedlineJournalInfo>        <CitationSubset>OM</CitationSubset>        <MeshHeadingList>            <MeshHeading>                <DescriptorName MajorTopicYN="N" UI="D006653">Histology</DescriptorName>                <QualifierName MajorTopicYN="Y" UI="Q000295">instrumentation</QualifierName>            </MeshHeading>            <MeshHeading>                <DescriptorName MajorTopicYN="N" UI="D009369">Neoplasms</DescriptorName>                <QualifierName MajorTopicYN="Y" UI="Q000175">diagnosis</QualifierName>            </MeshHeading>        </MeshHeadingList>        <OtherID Source="CLML">5221:43809:172:251</OtherID>        <KeywordList Owner="NLM">            <Keyword MajorTopicYN="Y">HISTOLOGY/apparatus and instruments</Keyword>            <Keyword MajorTopicYN="Y">NEOPLASMS/diagnosis</Keyword>        </KeywordList>    </MedlineCitation>    <PubmedData>        <History>            <PubMedPubDate PubStatus="pubmed">                <Year>1952</Year>                <Month>2</Month>                <Day>29</Day>            </PubMedPubDate>            <PubMedPubDate PubStatus="medline">                <Year>1952</Year>                <Month>2</Month>                <Day>29</Day>                <Hour>0</Hour>                <Minute>1</Minute>            </PubMedPubDate>            <PubMedPubDate PubStatus="entrez">                <Year>1952</Year>                <Month>2</Month>                <Day>29</Day>                <Hour>0</Hour>                <Minute>0</Minute>            </PubMedPubDate>        </History>        <PublicationStatus>ppublish</PublicationStatus>        <ArticleIdList>            <ArticleId IdType="pubmed">14913217</ArticleId>        </ArticleIdList>    </PubmedData></PubmedArticle><PubmedArticle>    <MedlineCitation Owner="NLM" Status="MEDLINE">        <PMID Version="1">14913186</PMID>        <DateCreated>            <Year>1952</Year>            <Month>12</Month>            <Day>01</Day>        </DateCreated>        <DateCompleted>            <Year>2004</Year>            <Month>02</Month>            <Day>15</Day>        </DateCompleted>        <DateRevised>            <Year>2008</Year>            <Month>06</Month>            <Day>03</Day>        </DateRevised>        <Article PubModel="Print">            <Journal>                <ISSN IssnType="Print">0036-8075</ISSN>                <JournalIssue CitedMedium="Print">                    <Volume>115</Volume>                    <Issue>2979</Issue>                    <PubDate>                        <Year>1952</Year>                        <Month>Feb</Month>                        <Day>1</Day>                    </PubDate>                </JournalIssue>                <Title>Science (New York, N.Y.)</Title>                <ISOAbbreviation>Science</ISOAbbreviation>            </Journal>            <ArticleTitle>Localization of brain tumors with radioiodide 131.</ArticleTitle>            <Pagination>                <MedlinePgn>119-20</MedlinePgn>            </Pagination>            <AuthorList CompleteYN="Y">                <Author ValidYN="Y">                    <LastName>CHOU</LastName>                    <ForeName>S N</ForeName>                    <Initials>SN</Initials>                </Author>                <Author ValidYN="Y">                    <LastName>MOORE</LastName>                    <ForeName>G E</ForeName>                    <Initials>GE</Initials>                </Author>                <Author ValidYN="Y">                    <LastName>MARVIN</LastName>                    <ForeName>J F</ForeName>                    <Initials>JF</Initials>                </Author>            </AuthorList>            <Language>eng</Language>            <PublicationTypeList>                <PublicationType UI="D016428">Journal Article</PublicationType>            </PublicationTypeList>        </Article>        <MedlineJournalInfo>            <Country>Not Available</Country>            <MedlineTA>Science</MedlineTA>            <NlmUniqueID>0404511</NlmUniqueID>            <ISSNLinking>0036-8075</ISSNLinking>        </MedlineJournalInfo>        <CitationSubset>OM</CitationSubset>        <MeshHeadingList>            <MeshHeading>                <DescriptorName MajorTopicYN="Y" UI="D001932">Brain Neoplasms</DescriptorName>            </MeshHeading>        </MeshHeadingList>        <OtherID Source="CLML">5221:43778:61</OtherID>        <KeywordList Owner="NLM">            <Keyword MajorTopicYN="Y">BRAIN/neoplasms</Keyword>        </KeywordList>    </MedlineCitation>    <PubmedData>        <History>            <PubMedPubDate PubStatus="pubmed">                <Year>1952</Year>                <Month>2</Month>                <Day>1</Day>            </PubMedPubDate>            <PubMedPubDate PubStatus="medline">                <Year>1952</Year>                <Month>2</Month>                <Day>1</Day>                <Hour>0</Hour>                <Minute>1</Minute>            </PubMedPubDate>            <PubMedPubDate PubStatus="entrez">                <Year>1952</Year>                <Month>2</Month>                <Day>1</Day>                <Hour>0</Hour>                <Minute>0</Minute>            </PubMedPubDate>        </History>        <PublicationStatus>ppublish</PublicationStatus>        <ArticleIdList>            <ArticleId IdType="pubmed">14913186</ArticleId>        </ArticleIdList>    </PubmedData></PubmedArticle></PubmedArticleSet>