<?xml version="1.0"?><!DOCTYPE PubmedArticleSet PUBLIC "-//NLM//DTD PubMedArticle, 1st January 2015//EN" "http://www.ncbi.nlm.nih.gov/corehtml/query/DTD/pubmed_150101.dtd"><PubmedArticleSet><PubmedArticle>    <MedlineCitation Owner="NLM" Status="PubMed-not-MEDLINE">        <PMID Version="1">17743690</PMID>        <DateCreated>            <Year>2010</Year>            <Month>06</Month>            <Day>07</Day>        </DateCreated>        <DateCompleted>            <Year>2010</Year>            <Month>07</Month>            <Day>02</Day>        </DateCompleted>        <Article PubModel="Print">            <Journal>                <ISSN IssnType="Print">0036-8075</ISSN>                <JournalIssue CitedMedium="Print">                    <Volume>130</Volume>                    <Issue>3388</Issue>                    <PubDate>                        <Year>1959</Year>                        <Month>Dec</Month>                        <Day>4</Day>                    </PubDate>                </JournalIssue>                <Title>Science (New York, N.Y.)</Title>                <ISOAbbreviation>Science</ISOAbbreviation>            </Journal>            <ArticleTitle>Radionuclides and Bone Cancer.</ArticleTitle>            <Pagination>                <MedlinePgn>1600</MedlinePgn>            </Pagination>            <AuthorList CompleteYN="Y">                <Author ValidYN="Y">                    <LastName>Mays</LastName>                    <ForeName>C W</ForeName>                    <Initials>CW</Initials>                </Author>            </AuthorList>            <Language>eng</Language>            <PublicationTypeList>                <PublicationType UI="D016428">Journal Article</PublicationType>            </PublicationTypeList>        </Article>        <MedlineJournalInfo>            <Country>United States</Country>            <MedlineTA>Science</MedlineTA>            <NlmUniqueID>0404511</NlmUniqueID>            <ISSNLinking>0036-8075</ISSNLinking>        </MedlineJournalInfo>    </MedlineCitation>    <PubmedData>        <History>            <PubMedPubDate PubStatus="pubmed">                <Year>1959</Year>                <Month>12</Month>                <Day>4</Day>                <Hour>0</Hour>                <Minute>0</Minute>            </PubMedPubDate>            <PubMedPubDate PubStatus="medline">                <Year>1959</Year>                <Month>12</Month>                <Day>4</Day>                <Hour>0</Hour>                <Minute>1</Minute>            </PubMedPubDate>            <PubMedPubDate PubStatus="entrez">                <Year>1959</Year>                <Month>12</Month>                <Day>4</Day>                <Hour>0</Hour>                <Minute>0</Minute>            </PubMedPubDate>        </History>        <PublicationStatus>ppublish</PublicationStatus>        <ArticleIdList>            <ArticleId IdType="pii">130/3388/1600</ArticleId>            <ArticleId IdType="doi">10.1126/science.130.3388.1600</ArticleId>            <ArticleId IdType="pubmed">17743690</ArticleId>        </ArticleIdList>    </PubmedData></PubmedArticle><PubmedArticle>    <MedlineCitation Owner="NLM" Status="MEDLINE">        <PMID Version="1">13801683</PMID>        <DateCreated>            <Year>1960</Year>            <Month>12</Month>            <Day>01</Day>        </DateCreated>        <DateCompleted>            <Year>1998</Year>            <Month>11</Month>            <Day>01</Day>        </DateCompleted>        <DateRevised>            <Year>2011</Year>            <Month>11</Month>            <Day>30</Day>        </DateRevised>        <Article PubModel="Print">            <Journal>                <ISSN IssnType="Print">0036-8075</ISSN>                <JournalIssue CitedMedium="Print">                    <Volume>130</Volume>                    <Issue>3388</Issue>                    <PubDate>                        <Year>1959</Year>                        <Month>Dec</Month>                        <Day>4</Day>                    </PubDate>                </JournalIssue>                <Title>Science (New York, N.Y.)</Title>                <ISOAbbreviation>Science</ISOAbbreviation>            </Journal>            <ArticleTitle>Environmental radiation and cancer.</ArticleTitle>            <Pagination>                <MedlinePgn>1545-7</MedlinePgn>            </Pagination>            <AuthorList CompleteYN="Y">                <Author ValidYN="Y">                    <LastName>BLUM</LastName>                    <ForeName>H F</ForeName>                    <Initials>HF</Initials>                </Author>            </AuthorList>            <Language>eng</Language>            <PublicationTypeList>                <PublicationType UI="D016428">Journal Article</PublicationType>            </PublicationTypeList>        </Article>        <MedlineJournalInfo>            <Country>Not Available</Country>            <MedlineTA>Science</MedlineTA>            <NlmUniqueID>0404511</NlmUniqueID>            <ISSNLinking>0036-8075</ISSNLinking>        </MedlineJournalInfo>        <CitationSubset>OM</CitationSubset>        <MeshHeadingList>            <MeshHeading>                <DescriptorName MajorTopicYN="N" UI="D009369">Neoplasms</DescriptorName>                <QualifierName MajorTopicYN="Y" UI="Q000209">etiology</QualifierName>            </MeshHeading>            <MeshHeading>                <DescriptorName MajorTopicYN="Y" UI="D014466">Ultraviolet Rays</DescriptorName>            </MeshHeading>        </MeshHeadingList>        <KeywordList Owner="NLM">            <Keyword MajorTopicYN="Y">NEOPLASMS/etiology</Keyword>            <Keyword MajorTopicYN="Y">ULTRAVIOLET RAYS</Keyword>        </KeywordList>    </MedlineCitation>    <PubmedData>        <History>            <PubMedPubDate PubStatus="pubmed">                <Year>1959</Year>                <Month>12</Month>                <Day>4</Day>            </PubMedPubDate>            <PubMedPubDate PubStatus="medline">                <Year>1959</Year>                <Month>12</Month>                <Day>4</Day>                <Hour>0</Hour>                <Minute>1</Minute>            </PubMedPubDate>            <PubMedPubDate PubStatus="entrez">                <Year>1959</Year>                <Month>12</Month>                <Day>4</Day>                <Hour>0</Hour>                <Minute>0</Minute>            </PubMedPubDate>        </History>        <PublicationStatus>ppublish</PublicationStatus>        <ArticleIdList>            <ArticleId IdType="pubmed">13801683</ArticleId>        </ArticleIdList>    </PubmedData></PubmedArticle><PubmedArticle>    <MedlineCitation Owner="NLM" Status="MEDLINE">        <PMID Version="1">13823184</PMID>        <DateCreated>            <Year>1960</Year>            <Month>12</Month>            <Day>01</Day>        </DateCreated>        <DateCompleted>            <Year>1998</Year>            <Month>11</Month>            <Day>01</Day>        </DateCompleted>        <DateRevised>            <Year>2011</Year>            <Month>11</Month>            <Day>30</Day>        </DateRevised>        <Article PubModel="Print">            <Journal>                <ISSN IssnType="Print">0036-8075</ISSN>                <JournalIssue CitedMedium="Print">                    <Volume>130</Volume>                    <Issue>3380</Issue>                    <PubDate>                        <Year>1959</Year>                        <Month>Oct</Month>                        <Day>9</Day>                    </PubDate>                </JournalIssue>                <Title>Science (New York, N.Y.)</Title>                <ISOAbbreviation>Science</ISOAbbreviation>            </Journal>            <ArticleTitle>Experimental evidence in support of the dormant tumor cell.</ArticleTitle>            <Pagination>                <MedlinePgn>918-9</MedlinePgn>            </Pagination>            <Abstract>                <AbstractText>When rats were injected intraportally with as few as 50 Walker-256 carcinosarcoma cells aarcoma cells and then examined 5 months later for hepatic tumor growth, none was evident. If, however, 3 months after injection the rats were subjected to repeated laparotomy and liver examination at 7-day intervals, 100 percent had a tumor within a few weeks.</AbstractText>            </Abstract>            <AuthorList CompleteYN="Y">                <Author ValidYN="Y">                    <LastName>FISHER</LastName>                    <ForeName>B</ForeName>                    <Initials>B</Initials>                </Author>                <Author ValidYN="Y">                    <LastName>FISHER</LastName>                    <ForeName>E R</ForeName>                    <Initials>ER</Initials>                </Author>            </AuthorList>            <Language>eng</Language>            <PublicationTypeList>                <PublicationType UI="D016428">Journal Article</PublicationType>            </PublicationTypeList>        </Article>        <MedlineJournalInfo>            <Country>Not Available</Country>            <MedlineTA>Science</MedlineTA>            <NlmUniqueID>0404511</NlmUniqueID>            <ISSNLinking>0036-8075</ISSNLinking>        </MedlineJournalInfo>        <CitationSubset>OM</CitationSubset>        <MeshHeadingList>            <MeshHeading>                <DescriptorName MajorTopicYN="N" UI="D009369">Neoplasms</DescriptorName>                <QualifierName MajorTopicYN="Y" UI="Q000209">etiology</QualifierName>            </MeshHeading>        </MeshHeadingList>        <KeywordList Owner="NLM">            <Keyword MajorTopicYN="Y">NEOPLASMS/etiology</Keyword>        </KeywordList>    </MedlineCitation>    <PubmedData>        <History>            <PubMedPubDate PubStatus="pubmed">                <Year>1959</Year>                <Month>10</Month>                <Day>9</Day>            </PubMedPubDate>            <PubMedPubDate PubStatus="medline">                <Year>1959</Year>                <Month>10</Month>                <Day>9</Day>                <Hour>0</Hour>                <Minute>1</Minute>            </PubMedPubDate>            <PubMedPubDate PubStatus="entrez">                <Year>1959</Year>                <Month>10</Month>                <Day>9</Day>                <Hour>0</Hour>                <Minute>0</Minute>            </PubMedPubDate>        </History>        <PublicationStatus>ppublish</PublicationStatus>        <ArticleIdList>            <ArticleId IdType="pubmed">13823184</ArticleId>        </ArticleIdList>    </PubmedData></PubmedArticle><PubmedArticle>    <MedlineCitation Owner="NLM" Status="MEDLINE">        <PMID Version="1">13675762</PMID>        <DateCreated>            <Year>1959</Year>            <Month>12</Month>            <Day>01</Day>        </DateCreated>        <DateCompleted>            <Year>2000</Year>            <Month>07</Month>            <Day>01</Day>        </DateCompleted>        <DateRevised>            <Year>2008</Year>            <Month>06</Month>            <Day>03</Day>        </DateRevised>        <Article PubModel="Print">            <Journal>                <ISSN IssnType="Print">0036-8075</ISSN>                <JournalIssue CitedMedium="Print">                    <Volume>130</Volume>                    <Issue>3372</Issue>                    <PubDate>                        <Year>1959</Year>                        <Month>Aug</Month>                        <Day>14</Day>                    </PubDate>                </JournalIssue>                <Title>Science (New York, N.Y.)</Title>                <ISOAbbreviation>Science</ISOAbbreviation>            </Journal>            <ArticleTitle>Biophysical approach toward tumor regression in mice.</ArticleTitle>            <Pagination>                <MedlinePgn>388-90</MedlinePgn>            </Pagination>            <Abstract>                <AbstractText>An external electrical source of low magnitude was used in a series of experiments to alter inherent tumor potentials in mice. While no significant increase of tumor growth was noted in the acceleration group, total tumor regressions were obtained in the inhibition group. Preliminary studies with leukemia did not yield significant results.</AbstractText>            </Abstract>            <AuthorList CompleteYN="Y">                <Author ValidYN="Y">                    <LastName>HUMPHREY</LastName>                    <ForeName>C E</ForeName>                    <Initials>CE</Initials>                </Author>                <Author ValidYN="Y">                    <LastName>SEAL</LastName>                    <ForeName>E H</ForeName>                    <Initials>EH</Initials>                </Author>            </AuthorList>            <Language>eng</Language>            <PublicationTypeList>                <PublicationType UI="D016428">Journal Article</PublicationType>            </PublicationTypeList>        </Article>        <MedlineJournalInfo>            <Country>Not Available</Country>            <MedlineTA>Science</MedlineTA>            <NlmUniqueID>0404511</NlmUniqueID>            <ISSNLinking>0036-8075</ISSNLinking>        </MedlineJournalInfo>        <CitationSubset>OM</CitationSubset>        <MeshHeadingList>            <MeshHeading>                <DescriptorName MajorTopicYN="Y" UI="D009374">Neoplasms, Experimental</DescriptorName>            </MeshHeading>        </MeshHeadingList>        <OtherID Source="CLML">5936:49897:364</OtherID>        <KeywordList Owner="NLM">            <Keyword MajorTopicYN="Y">NEOPLASMS/experimental</Keyword>        </KeywordList>    </MedlineCitation>    <PubmedData>        <History>            <PubMedPubDate PubStatus="pubmed">                <Year>1959</Year>                <Month>8</Month>                <Day>14</Day>            </PubMedPubDate>            <PubMedPubDate PubStatus="medline">                <Year>1959</Year>                <Month>8</Month>                <Day>14</Day>                <Hour>0</Hour>                <Minute>1</Minute>            </PubMedPubDate>            <PubMedPubDate PubStatus="entrez">                <Year>1959</Year>                <Month>8</Month>                <Day>14</Day>                <Hour>0</Hour>                <Minute>0</Minute>            </PubMedPubDate>        </History>        <PublicationStatus>ppublish</PublicationStatus>        <ArticleIdList>            <ArticleId IdType="pubmed">13675762</ArticleId>        </ArticleIdList>    </PubmedData></PubmedArticle><PubmedArticle>    <MedlineCitation Owner="NLM" Status="OLDMEDLINE">        <PMID Version="1">13675761</PMID>        <DateCreated>            <Year>1959</Year>            <Month>12</Month>            <Day>01</Day>        </DateCreated>        <DateCompleted>            <Year>2000</Year>            <Month>07</Month>            <Day>01</Day>        </DateCompleted>        <DateRevised>            <Year>2008</Year>            <Month>06</Month>            <Day>03</Day>        </DateRevised>        <Article PubModel="Print">            <Journal>                <ISSN IssnType="Print">0036-8075</ISSN>                <JournalIssue CitedMedium="Print">                    <Volume>130</Volume>                    <Issue>3372</Issue>                    <PubDate>                        <Year>1959</Year>                        <Month>Aug</Month>                        <Day>14</Day>                    </PubDate>                </JournalIssue>                <Title>Science (New York, N.Y.)</Title>                <ISOAbbreviation>Science</ISOAbbreviation>            </Journal>            <ArticleTitle>Leukemogenic activity of filtrates from radiation-induced lymphoid tumors of mice.</ArticleTitle>            <Pagination>                <MedlinePgn>387-8</MedlinePgn>            </Pagination>            <Abstract>                <AbstractText>Cell-free filtrates of x-ray-induced lymphoid tumors of strain C57BL/ Ka mice have elicited, on injection into newborn isologous hosts, a lymphoma incidence of 15 to 19 percent. In control mice of the same subline, the incidence of spontaneous lymphoma is about 1 percent. No leukemogenic activity could be detected in filtrates from thymi harvested at 2 to 32 days following completion of x-ray treatment. Activity was evident at 64 days and was perhaps somewhat greater at 128 days. Serial cell-free passage of filtrates in newborn F(1) hybrid mice resulted in a marked increase in lymphoma incidence (69 percent), coupled with a shortening of the median latency. Supplementary x-irradiation failed to enhance the activity of filtrates after neonatal injection.</AbstractText>            </Abstract>            <AuthorList CompleteYN="Y">                <Author ValidYN="Y">                    <LastName>LIEBERMAN</LastName>                    <ForeName>M</ForeName>                    <Initials>M</Initials>                </Author>                <Author ValidYN="Y">                    <LastName>KAPLAN</LastName>                    <ForeName>H S</ForeName>                    <Initials>HS</Initials>                </Author>            </AuthorList>            <Language>eng</Language>            <PublicationTypeList>                <PublicationType UI="D016428">Journal Article</PublicationType>            </PublicationTypeList>        </Article>        <MedlineJournalInfo>            <Country>Not Available</Country>            <MedlineTA>Science</MedlineTA>            <NlmUniqueID>0404511</NlmUniqueID>            <ISSNLinking>0036-8075</ISSNLinking>        </MedlineJournalInfo>        <CitationSubset>OM</CitationSubset>        <MeshHeadingList>            <MeshHeading>                <DescriptorName MajorTopicYN="Y" UI="D007942">Leukemia, Experimental</DescriptorName>            </MeshHeading>            <MeshHeading>                <DescriptorName MajorTopicYN="Y" UI="D009374">Neoplasms, Experimental</DescriptorName>            </MeshHeading>        </MeshHeadingList>        <OtherID Source="CLML">5936:49896:308:365:475</OtherID>        <KeywordList Owner="NLM">            <Keyword MajorTopicYN="Y">LEUKEMIA/experimental</Keyword>            <Keyword MajorTopicYN="Y">NEOPLASMS/experimental</Keyword>            <Keyword MajorTopicYN="Y">ROENTGEN RAYS/effects</Keyword>        </KeywordList>    </MedlineCitation>    <PubmedData>        <History>            <PubMedPubDate PubStatus="pubmed">                <Year>1959</Year>                <Month>8</Month>                <Day>14</Day>            </PubMedPubDate>            <PubMedPubDate PubStatus="medline">                <Year>1959</Year>                <Month>8</Month>                <Day>14</Day>                <Hour>0</Hour>                <Minute>1</Minute>            </PubMedPubDate>            <PubMedPubDate PubStatus="entrez">                <Year>1959</Year>                <Month>8</Month>                <Day>14</Day>                <Hour>0</Hour>                <Minute>0</Minute>            </PubMedPubDate>        </History>        <PublicationStatus>ppublish</PublicationStatus>        <ArticleIdList>            <ArticleId IdType="pubmed">13675761</ArticleId>        </ArticleIdList>    </PubmedData></PubmedArticle><PubmedArticle>    <MedlineCitation Owner="NLM" Status="PubMed-not-MEDLINE">        <PMID Version="1">17738596</PMID>        <DateCreated>            <Year>2010</Year>            <Month>06</Month>            <Day>07</Day>        </DateCreated>        <DateCompleted>            <Year>2010</Year>            <Month>07</Month>            <Day>02</Day>        </DateCompleted>        <Article PubModel="Print">            <Journal>                <ISSN IssnType="Print">0036-8075</ISSN>                <JournalIssue CitedMedium="Print">                    <Volume>130</Volume>                    <Issue>3367</Issue>                    <PubDate>                        <Year>1959</Year>                        <Month>Jul</Month>                        <Day>10</Day>                    </PubDate>                </JournalIssue>                <Title>Science (New York, N.Y.)</Title>                <ISOAbbreviation>Science</ISOAbbreviation>            </Journal>            <ArticleTitle>J. P. Greenstein, Biochemist and Investigator of Cancer.</ArticleTitle>            <Pagination>                <MedlinePgn>83-5</MedlinePgn>            </Pagination>            <AuthorList CompleteYN="Y">                <Author ValidYN="Y">                    <LastName>Edsall</LastName>                    <ForeName>J T</ForeName>                    <Initials>JT</Initials>                </Author>            </AuthorList>            <Language>eng</Language>            <PublicationTypeList>                <PublicationType UI="D016428">Journal Article</PublicationType>            </PublicationTypeList>        </Article>        <MedlineJournalInfo>            <Country>United States</Country>            <MedlineTA>Science</MedlineTA>            <NlmUniqueID>0404511</NlmUniqueID>            <ISSNLinking>0036-8075</ISSNLinking>        </MedlineJournalInfo>    </MedlineCitation>    <PubmedData>        <History>            <PubMedPubDate PubStatus="pubmed">                <Year>1959</Year>                <Month>7</Month>                <Day>10</Day>                <Hour>0</Hour>                <Minute>0</Minute>            </PubMedPubDate>            <PubMedPubDate PubStatus="medline">                <Year>1959</Year>                <Month>7</Month>                <Day>10</Day>                <Hour>0</Hour>                <Minute>1</Minute>            </PubMedPubDate>            <PubMedPubDate PubStatus="entrez">                <Year>1959</Year>                <Month>7</Month>                <Day>10</Day>                <Hour>0</Hour>                <Minute>0</Minute>            </PubMedPubDate>        </History>        <PublicationStatus>ppublish</PublicationStatus>        <ArticleIdList>            <ArticleId IdType="pii">130/3367/83</ArticleId>            <ArticleId IdType="doi">10.1126/science.130.3367.83</ArticleId>            <ArticleId IdType="pubmed">17738596</ArticleId>        </ArticleIdList>    </PubmedData></PubmedArticle><PubmedArticle>    <MedlineCitation Owner="NLM" Status="MEDLINE">        <PMID Version="1">13646635</PMID>        <DateCreated>            <Year>1959</Year>            <Month>12</Month>            <Day>01</Day>        </DateCreated>        <DateCompleted>            <Year>2000</Year>            <Month>07</Month>            <Day>01</Day>        </DateCompleted>        <DateRevised>            <Year>2008</Year>            <Month>06</Month>            <Day>03</Day>        </DateRevised>        <Article PubModel="Print">            <Journal>                <ISSN IssnType="Print">0036-8075</ISSN>                <JournalIssue CitedMedium="Print">                    <Volume>129</Volume>                    <Issue>3355</Issue>                    <PubDate>                        <Year>1959</Year>                        <Month>Apr</Month>                        <Day>17</Day>                    </PubDate>                </JournalIssue>                <Title>Science (New York, N.Y.)</Title>                <ISOAbbreviation>Science</ISOAbbreviation>            </Journal>            <ArticleTitle>Factors contributing to production of virus-free tumors in turkeys by Rous sarcoma virus.</ArticleTitle>            <Pagination>                <MedlinePgn>1022-3</MedlinePgn>            </Pagination>            <Abstract>                <AbstractText>Virus-neutralizing factors in tumor extracts and sera, age of the tumor, and the infecting dose of virus are important factors contributing to the infective titer of tumor tissue. Tumors produced with small amounts of virus may contain no demonstrable infective virus, and detectable inhibitory factors may or may not be present in tumor extracts or sera.</AbstractText>            </Abstract>            <AuthorList CompleteYN="Y">                <Author ValidYN="Y">                    <LastName>GROUPE</LastName>                    <ForeName>V</ForeName>                    <Initials>V</Initials>                </Author>                <Author ValidYN="Y">                    <LastName>RAUSCHER</LastName>                    <ForeName>F J</ForeName>                    <Initials>FJ</Initials>                </Author>            </AuthorList>            <Language>eng</Language>            <PublicationTypeList>                <PublicationType UI="D016428">Journal Article</PublicationType>            </PublicationTypeList>        </Article>        <MedlineJournalInfo>            <Country>Not Available</Country>            <MedlineTA>Science</MedlineTA>            <NlmUniqueID>0404511</NlmUniqueID>            <ISSNLinking>0036-8075</ISSNLinking>        </MedlineJournalInfo>        <CitationSubset>OM</CitationSubset>        <MeshHeadingList>            <MeshHeading>                <DescriptorName MajorTopicYN="Y" UI="D009374">Neoplasms, Experimental</DescriptorName>            </MeshHeading>            <MeshHeading>                <DescriptorName MajorTopicYN="Y" UI="D014780">Viruses</DescriptorName>            </MeshHeading>        </MeshHeadingList>        <OtherID Source="CLML">5936:20533:365:567</OtherID>        <KeywordList Owner="NLM">            <Keyword MajorTopicYN="Y">NEOPLASMS/experimental</Keyword>            <Keyword MajorTopicYN="Y">VIRUSES</Keyword>        </KeywordList>    </MedlineCitation>    <PubmedData>        <History>            <PubMedPubDate PubStatus="pubmed">                <Year>1959</Year>                <Month>4</Month>                <Day>17</Day>            </PubMedPubDate>            <PubMedPubDate PubStatus="medline">                <Year>1959</Year>                <Month>4</Month>                <Day>17</Day>                <Hour>0</Hour>                <Minute>1</Minute>            </PubMedPubDate>            <PubMedPubDate PubStatus="entrez">                <Year>1959</Year>                <Month>4</Month>                <Day>17</Day>                <Hour>0</Hour>                <Minute>0</Minute>            </PubMedPubDate>        </History>        <PublicationStatus>ppublish</PublicationStatus>        <ArticleIdList>            <ArticleId IdType="pubmed">13646635</ArticleId>        </ArticleIdList>    </PubmedData></PubmedArticle><PubmedArticle>    <MedlineCitation Owner="NLM" Status="MEDLINE">        <PMID Version="1">13635023</PMID>        <DateCreated>            <Year>1959</Year>            <Month>12</Month>            <Day>01</Day>        </DateCreated>        <DateCompleted>            <Year>2000</Year>            <Month>07</Month>            <Day>01</Day>        </DateCompleted>        <DateRevised>            <Year>2007</Year>            <Month>03</Month>            <Day>19</Day>        </DateRevised>        <Article PubModel="Print">            <Journal>                <ISSN IssnType="Print">0036-8075</ISSN>                <JournalIssue CitedMedium="Print">                    <Volume>129</Volume>                    <Issue>3352</Issue>                    <PubDate>                        <Year>1959</Year>                        <Month>Mar</Month>                        <Day>27</Day>                    </PubDate>                </JournalIssue>                <Title>Science (New York, N.Y.)</Title>                <ISOAbbreviation>Science</ISOAbbreviation>            </Journal>            <ArticleTitle>Transient memory in albino rats.</ArticleTitle>            <Pagination>                <MedlinePgn>842-3</MedlinePgn>            </Pagination>            <AuthorList CompleteYN="Y">                <Author ValidYN="Y">                    <LastName>THOMPSON</LastName>                    <ForeName>R</ForeName>                    <Initials>R</Initials>                </Author>            </AuthorList>            <Language>eng</Language>            <Language>rus</Language>            <PublicationTypeList>                <PublicationType UI="D016428">Journal Article</PublicationType>            </PublicationTypeList>        </Article>        <MedlineJournalInfo>            <Country>Not Available</Country>            <MedlineTA>Science</MedlineTA>            <NlmUniqueID>0404511</NlmUniqueID>            <ISSNLinking>0036-8075</ISSNLinking>        </MedlineJournalInfo>        <CitationSubset>OM</CitationSubset>        <MeshHeadingList>            <MeshHeading>                <DescriptorName MajorTopicYN="Y" UI="D008568">Memory</DescriptorName>            </MeshHeading>            <MeshHeading>                <DescriptorName MajorTopicYN="N" UI="D002583">Uterine Cervical Neoplasms</DescriptorName>                <QualifierName MajorTopicYN="Y" UI="Q000628">therapy</QualifierName>            </MeshHeading>        </MeshHeadingList>        <OtherID Source="CLML">5936:8854:122:334</OtherID>        <KeywordList Owner="NLM">            <Keyword MajorTopicYN="Y">CERVIX NEOPLASMS/therapy</Keyword>            <Keyword MajorTopicYN="Y">MEMORY</Keyword>        </KeywordList>    </MedlineCitation>    <PubmedData>        <History>            <PubMedPubDate PubStatus="pubmed">                <Year>1959</Year>                <Month>3</Month>                <Day>27</Day>            </PubMedPubDate>            <PubMedPubDate PubStatus="medline">                <Year>1959</Year>                <Month>3</Month>                <Day>27</Day>                <Hour>0</Hour>                <Minute>1</Minute>            </PubMedPubDate>            <PubMedPubDate PubStatus="entrez">                <Year>1959</Year>                <Month>3</Month>                <Day>27</Day>                <Hour>0</Hour>                <Minute>0</Minute>            </PubMedPubDate>        </History>        <PublicationStatus>ppublish</PublicationStatus>        <ArticleIdList>            <ArticleId IdType="pubmed">13635023</ArticleId>        </ArticleIdList>    </PubmedData></PubmedArticle><PubmedArticle>    <MedlineCitation Owner="NLM" Status="MEDLINE">        <PMID Version="1">13635004</PMID>        <DateCreated>            <Year>1959</Year>            <Month>12</Month>            <Day>01</Day>        </DateCreated>        <DateCompleted>            <Year>2000</Year>            <Month>07</Month>            <Day>01</Day>        </DateCompleted>        <DateRevised>            <Year>2007</Year>            <Month>08</Month>            <Day>17</Day>        </DateRevised>        <Article PubModel="Print">            <Journal>                <ISSN IssnType="Print">0036-8075</ISSN>                <JournalIssue CitedMedium="Print">                    <Volume>129</Volume>                    <Issue>3350</Issue>                    <PubDate>                        <Year>1959</Year>                        <Month>Mar</Month>                        <Day>13</Day>                    </PubDate>                </JournalIssue>                <Title>Science (New York, N.Y.)</Title>                <ISOAbbreviation>Science</ISOAbbreviation>            </Journal>            <ArticleTitle>Spectroscopic evidence of metabolic control.</ArticleTitle>            <Pagination>                <MedlinePgn>700-8</MedlinePgn>            </Pagination>            <Abstract>                <AbstractText>The Pasteur and Crabtree effects demonstrate that changes at the beginning of the metabolic sequence for glucose metabolism give rise to effects at the end, and vice versa. We have presented here three additional responses of the ascites tumor cell suspensions, and presumably more will be uncovered. Each one of these responses is a manifestation of factors in the underlying mechanism that are in the nature of chemical feedback of a linear or nonlinear nature. The metabolic reactions are sufficiently complex that it is unlikely that any single component or step need control metabolism in different types of cells or under all conditions for a particular cell. However, it is due to a favorable circumstance that, in an appropriate type of cell and with the use of a direct intracellular indicator for changes in ADP concentration, we can state that the respiratory metabolism of the ascites tumor cell suspension, as freshly withdrawn from the mouse abdomen, is limited by the intracellular ADP concentration, and that this is why these cells show a predominance of glycolytic over respiratory activity. The response of the metabolism to small and large additions of glucose illustrates aspects of the metabolic mechanism which involve control of endogenous metabolism and compartmentalization of ATP formed in oxidative phosphorylation, the net result being a depression of the respiratory activity. The results of this approach emphasize the importance of chemical assays of localized portions of the living cell in its physiological state (61).</AbstractText>            </Abstract>            <AuthorList CompleteYN="Y">                <Author ValidYN="Y">                    <LastName>CHANCE</LastName>                    <ForeName>B</ForeName>                    <Initials>B</Initials>                </Author>                <Author ValidYN="Y">                    <LastName>HESS</LastName>                    <ForeName>B</ForeName>                    <Initials>B</Initials>                </Author>            </AuthorList>            <Language>eng</Language>            <PublicationTypeList>                <PublicationType UI="D016428">Journal Article</PublicationType>            </PublicationTypeList>        </Article>        <MedlineJournalInfo>            <Country>Not Available</Country>            <MedlineTA>Science</MedlineTA>            <NlmUniqueID>0404511</NlmUniqueID>            <ISSNLinking>0036-8075</ISSNLinking>        </MedlineJournalInfo>        <CitationSubset>OM</CitationSubset>        <MeshHeadingList>            <MeshHeading>                <DescriptorName MajorTopicYN="Y" UI="D008660">Metabolism</DescriptorName>            </MeshHeading>            <MeshHeading>                <DescriptorName MajorTopicYN="N" UI="D009369">Neoplasms</DescriptorName>                <QualifierName MajorTopicYN="Y" UI="Q000378">metabolism</QualifierName>            </MeshHeading>        </MeshHeadingList>        <OtherID Source="CLML">5936:8835:341:367</OtherID>        <KeywordList Owner="NLM">            <Keyword MajorTopicYN="Y">METABOLISM, TISSUE</Keyword>            <Keyword MajorTopicYN="Y">NEOPLASMS/metabolism</Keyword>        </KeywordList>    </MedlineCitation>    <PubmedData>        <History>            <PubMedPubDate PubStatus="pubmed">                <Year>1959</Year>                <Month>3</Month>                <Day>13</Day>            </PubMedPubDate>            <PubMedPubDate PubStatus="medline">                <Year>1959</Year>                <Month>3</Month>                <Day>13</Day>                <Hour>0</Hour>                <Minute>1</Minute>            </PubMedPubDate>            <PubMedPubDate PubStatus="entrez">                <Year>1959</Year>                <Month>3</Month>                <Day>13</Day>                <Hour>0</Hour>                <Minute>0</Minute>            </PubMedPubDate>        </History>        <PublicationStatus>ppublish</PublicationStatus>        <ArticleIdList>            <ArticleId IdType="pubmed">13635004</ArticleId>        </ArticleIdList>    </PubmedData></PubmedArticle><PubmedArticle>    <MedlineCitation Owner="NLM" Status="MEDLINE">        <PMID Version="1">13634987</PMID>        <DateCreated>            <Year>1959</Year>            <Month>12</Month>            <Day>01</Day>        </DateCreated>        <DateCompleted>            <Year>2000</Year>            <Month>07</Month>            <Day>01</Day>        </DateCompleted>        <DateRevised>            <Year>2007</Year>            <Month>08</Month>            <Day>17</Day>        </DateRevised>        <Article PubModel="Print">            <Journal>                <ISSN IssnType="Print">0036-8075</ISSN>                <JournalIssue CitedMedium="Print">                    <Volume>129</Volume>                    <Issue>3347</Issue>                    <PubDate>                        <Year>1959</Year>                        <Month>Feb</Month>                        <Day>20</Day>                    </PubDate>                </JournalIssue>                <Title>Science (New York, N.Y.)</Title>                <ISOAbbreviation>Science</ISOAbbreviation>            </Journal>            <ArticleTitle>Aggregate replication, a factor in the growth of cancer.</ArticleTitle>            <Pagination>                <MedlinePgn>466-7</MedlinePgn>            </Pagination>            <Abstract>                <AbstractText>Microscopically, most clinical carcinomas appear as aggregates of neoplastic cells in a matrix of connective tissue. As the tumor grows, increasing numbers of nests of cells are seen. Studies in which matrix tissue culture techniques are used implicate factors intrinsic to the aggregate in the continuing propagation of new nests of cells.</AbstractText>            </Abstract>            <AuthorList CompleteYN="Y">                <Author ValidYN="Y">                    <LastName>LEIGHTON</LastName>                    <ForeName>J</ForeName>                    <Initials>J</Initials>                </Author>            </AuthorList>            <Language>eng</Language>            <PublicationTypeList>                <PublicationType UI="D016428">Journal Article</PublicationType>            </PublicationTypeList>        </Article>        <MedlineJournalInfo>            <Country>Not Available</Country>            <MedlineTA>Science</MedlineTA>            <NlmUniqueID>0404511</NlmUniqueID>            <ISSNLinking>0036-8075</ISSNLinking>        </MedlineJournalInfo>        <CitationSubset>OM</CitationSubset>        <MeshHeadingList>            <MeshHeading>                <DescriptorName MajorTopicYN="N" UI="D009369">Neoplasms</DescriptorName>                <QualifierName MajorTopicYN="Y" UI="Q000502">physiology</QualifierName>            </MeshHeading>        </MeshHeadingList>        <OtherID Source="CLML">5936:8818:367</OtherID>        <KeywordList Owner="NLM">            <Keyword MajorTopicYN="Y">NEOPLASMS/physiology</Keyword>        </KeywordList>    </MedlineCitation>    <PubmedData>        <History>            <PubMedPubDate PubStatus="pubmed">                <Year>1959</Year>                <Month>2</Month>                <Day>20</Day>            </PubMedPubDate>            <PubMedPubDate PubStatus="medline">                <Year>1959</Year>                <Month>2</Month>                <Day>20</Day>                <Hour>0</Hour>                <Minute>1</Minute>            </PubMedPubDate>            <PubMedPubDate PubStatus="entrez">                <Year>1959</Year>                <Month>2</Month>                <Day>20</Day>                <Hour>0</Hour>                <Minute>0</Minute>            </PubMedPubDate>        </History>        <PublicationStatus>ppublish</PublicationStatus>        <ArticleIdList>            <ArticleId IdType="pubmed">13634987</ArticleId>        </ArticleIdList>    </PubmedData></PubmedArticle></PubmedArticleSet>