<?xml version="1.0"?><!DOCTYPE PubmedArticleSet PUBLIC "-//NLM//DTD PubMedArticle, 1st January 2015//EN" "http://www.ncbi.nlm.nih.gov/corehtml/query/DTD/pubmed_150101.dtd"><PubmedArticleSet><PubmedArticle>    <MedlineCitation Owner="NLM" Status="OLDMEDLINE">        <PMID Version="1">13615310</PMID>        <DateCreated>            <Year>1959</Year>            <Month>12</Month>            <Day>01</Day>        </DateCreated>        <DateCompleted>            <Year>2000</Year>            <Month>07</Month>            <Day>01</Day>        </DateCompleted>        <DateRevised>            <Year>2007</Year>            <Month>03</Month>            <Day>19</Day>        </DateRevised>        <Article PubModel="Print">            <Journal>                <ISSN IssnType="Print">0036-8075</ISSN>                <JournalIssue CitedMedium="Print">                    <Volume>128</Volume>                    <Issue>3338</Issue>                    <PubDate>                        <Year>1958</Year>                        <Month>Dec</Month>                        <Day>19</Day>                    </PubDate>                </JournalIssue>                <Title>Science (New York, N.Y.)</Title>                <ISOAbbreviation>Science</ISOAbbreviation>            </Journal>            <ArticleTitle>Correlation of drug penetration of brain and chemical structure.</ArticleTitle>            <Pagination>                <MedlinePgn>1572-4</MedlinePgn>            </Pagination>            <AuthorList CompleteYN="Y">                <Author ValidYN="Y">                    <LastName>SOLOWAY</LastName>                    <ForeName>A H</ForeName>                    <Initials>AH</Initials>                </Author>            </AuthorList>            <Language>eng</Language>            <PublicationTypeList>                <PublicationType UI="D016428">Journal Article</PublicationType>            </PublicationTypeList>        </Article>        <MedlineJournalInfo>            <Country>Not Available</Country>            <MedlineTA>Science</MedlineTA>            <NlmUniqueID>0404511</NlmUniqueID>            <ISSNLinking>0036-8075</ISSNLinking>        </MedlineJournalInfo>        <CitationSubset>OM</CitationSubset>        <MeshHeadingList>            <MeshHeading>                <DescriptorName MajorTopicYN="N" UI="D001921">Brain</DescriptorName>                <QualifierName MajorTopicYN="Y" UI="Q000187">drug effects</QualifierName>            </MeshHeading>        </MeshHeadingList>        <OtherID Source="CLML">5935:44960:100:102:104</OtherID>        <KeywordList Owner="NLM">            <Keyword MajorTopicYN="Y">BORON/effects</Keyword>            <Keyword MajorTopicYN="Y">BRAIN NEOPLASMS/experimental</Keyword>            <Keyword MajorTopicYN="Y">BRAIN/effect of drugs on</Keyword>        </KeywordList>    </MedlineCitation>    <PubmedData>        <History>            <PubMedPubDate PubStatus="pubmed">                <Year>1958</Year>                <Month>12</Month>                <Day>19</Day>            </PubMedPubDate>            <PubMedPubDate PubStatus="medline">                <Year>1958</Year>                <Month>12</Month>                <Day>19</Day>                <Hour>0</Hour>                <Minute>1</Minute>            </PubMedPubDate>            <PubMedPubDate PubStatus="entrez">                <Year>1958</Year>                <Month>12</Month>                <Day>19</Day>                <Hour>0</Hour>                <Minute>0</Minute>            </PubMedPubDate>        </History>        <PublicationStatus>ppublish</PublicationStatus>        <ArticleIdList>            <ArticleId IdType="pubmed">13615310</ArticleId>        </ArticleIdList>    </PubmedData></PubmedArticle><PubmedArticle>    <MedlineCitation Owner="NLM" Status="MEDLINE">        <PMID Version="1">13602809</PMID>        <DateCreated>            <Year>1959</Year>            <Month>12</Month>            <Day>01</Day>        </DateCreated>        <DateCompleted>            <Year>2000</Year>            <Month>07</Month>            <Day>01</Day>        </DateCompleted>        <DateRevised>            <Year>2014</Year>            <Month>08</Month>            <Day>12</Day>        </DateRevised>        <Article PubModel="Print">            <Journal>                <ISSN IssnType="Print">0036-8075</ISSN>                <JournalIssue CitedMedium="Print">                    <Volume>128</Volume>                    <Issue>3336</Issue>                    <PubDate>                        <Year>1958</Year>                        <Month>Dec</Month>                        <Day>5</Day>                    </PubDate>                </JournalIssue>                <Title>Science (New York, N.Y.)</Title>                <ISOAbbreviation>Science</ISOAbbreviation>            </Journal>            <ArticleTitle>Nuclear sex of patients with testicular tumors.</ArticleTitle>            <Pagination>                <MedlinePgn>1434-5</MedlinePgn>            </Pagination>            <AuthorList CompleteYN="Y">                <Author ValidYN="Y">                    <LastName>ASHLEY</LastName>                    <ForeName>D J</ForeName>                    <Initials>DJ</Initials>                </Author>                <Author ValidYN="Y">                    <LastName>THEISS</LastName>                    <ForeName>E A</ForeName>                    <Initials>EA</Initials>                </Author>            </AuthorList>            <Language>eng</Language>            <PublicationTypeList>                <PublicationType UI="D016428">Journal Article</PublicationType>            </PublicationTypeList>        </Article>        <MedlineJournalInfo>            <Country>Not Available</Country>            <MedlineTA>Science</MedlineTA>            <NlmUniqueID>0404511</NlmUniqueID>            <ISSNLinking>0036-8075</ISSNLinking>        </MedlineJournalInfo>        <CitationSubset>OM</CitationSubset>        <MeshHeadingList>            <MeshHeading>                <DescriptorName MajorTopicYN="Y" UI="D002875">Chromosomes</DescriptorName>            </MeshHeading>            <MeshHeading>                <DescriptorName MajorTopicYN="Y" UI="D009369">Neoplasms</DescriptorName>            </MeshHeading>            <MeshHeading>                <DescriptorName MajorTopicYN="Y" UI="D012727">Sex Characteristics</DescriptorName>            </MeshHeading>            <MeshHeading>                <DescriptorName MajorTopicYN="Y" UI="D013737">Testis</DescriptorName>            </MeshHeading>        </MeshHeadingList>        <OtherID Source="CLML">5935:32353:142:534:575</OtherID>        <KeywordList Owner="NLM">            <Keyword MajorTopicYN="Y">CHROMOSOMES</Keyword>            <Keyword MajorTopicYN="Y">SEX CHARACTERISTICS</Keyword>            <Keyword MajorTopicYN="Y">TESTES/neoplasms</Keyword>        </KeywordList>    </MedlineCitation>    <PubmedData>        <History>            <PubMedPubDate PubStatus="pubmed">                <Year>1958</Year>                <Month>12</Month>                <Day>5</Day>            </PubMedPubDate>            <PubMedPubDate PubStatus="medline">                <Year>1958</Year>                <Month>12</Month>                <Day>5</Day>                <Hour>0</Hour>                <Minute>1</Minute>            </PubMedPubDate>            <PubMedPubDate PubStatus="entrez">                <Year>1958</Year>                <Month>12</Month>                <Day>5</Day>                <Hour>0</Hour>                <Minute>0</Minute>            </PubMedPubDate>        </History>        <PublicationStatus>ppublish</PublicationStatus>        <ArticleIdList>            <ArticleId IdType="pubmed">13602809</ArticleId>        </ArticleIdList>    </PubmedData></PubmedArticle><PubmedArticle>    <MedlineCitation Owner="NLM" Status="OLDMEDLINE">        <PMID Version="1">13592303</PMID>        <DateCreated>            <Year>1959</Year>            <Month>12</Month>            <Day>01</Day>        </DateCreated>        <DateCompleted>            <Year>2000</Year>            <Month>07</Month>            <Day>01</Day>        </DateCompleted>        <DateRevised>            <Year>2007</Year>            <Month>08</Month>            <Day>17</Day>        </DateRevised>        <Article PubModel="Print">            <Journal>                <ISSN IssnType="Print">0036-8075</ISSN>                <JournalIssue CitedMedium="Print">                    <Volume>128</Volume>                    <Issue>3333</Issue>                    <PubDate>                        <Year>1958</Year>                        <Month>Nov</Month>                        <Day>14</Day>                    </PubDate>                </JournalIssue>                <Title>Science (New York, N.Y.)</Title>                <ISOAbbreviation>Science</ISOAbbreviation>            </Journal>            <ArticleTitle>Genetic and somatic effects of carbon-14.</ArticleTitle>            <Pagination>                <MedlinePgn>1183-6</MedlinePgn>            </Pagination>            <Abstract>                <AbstractText>On the basis of information about carbon-14 given by Libby, calculations are made of the predicted genetic and somatic effects of the carbon-14 produced by the testing of nuclear weapons. It is concluded that 1 year of testing (30 megatons of fission plus fusion) is expected to cause in the world (stimated future number of births per year 5 times the present number) an estimated total of about 55,000 children with gross physical or mental defects, 170,000 stillbirths and childhood deaths, and 425,000 embryonic and neonatal deaths. (There is an unknown amount of overlap of these three categories.) These numbers are about 17 times the numbers usually estimated as the probable effects of the fallout fission products from 1 year of testing. In addition, the somatic effects of bomb-test carbon-14 are expected to be about equal to those of fission products, including strontium-90, with respect to leukemia and bone cancer and greater than those of fission products with respect to diseases resulting from radiation damage to tissues other than bone tissue and bone marrow. All of the estimated numbers are subject to great uncertainty; they may be as much as 5 times too high or 5 times too low. The uncertainty in the estimation of the relative effects of carbon-14 and fission products in world-wide fallout is not so great.</AbstractText>            </Abstract>            <AuthorList CompleteYN="Y">                <Author ValidYN="Y">                    <LastName>PAULING</LastName>                    <ForeName>L</ForeName>                    <Initials>L</Initials>                </Author>            </AuthorList>            <Language>eng</Language>            <PublicationTypeList>                <PublicationType UI="D016428">Journal Article</PublicationType>            </PublicationTypeList>        </Article>        <MedlineJournalInfo>            <Country>Not Available</Country>            <MedlineTA>Science</MedlineTA>            <NlmUniqueID>0404511</NlmUniqueID>            <ISSNLinking>0036-8075</ISSNLinking>        </MedlineJournalInfo>        <CitationSubset>OM</CitationSubset>        <MeshHeadingList>            <MeshHeading>                <DescriptorName MajorTopicYN="Y" UI="D005823">Genetics</DescriptorName>            </MeshHeading>            <MeshHeading>                <DescriptorName MajorTopicYN="Y" UI="D009689">Nuclear Warfare</DescriptorName>            </MeshHeading>        </MeshHeadingList>        <OtherID Source="CLML">5935:21716:66:115:238</OtherID>        <KeywordList Owner="NLM">            <Keyword MajorTopicYN="Y">ATOMIC WARFARE</Keyword>            <Keyword MajorTopicYN="Y">CARBON/radioactive</Keyword>            <Keyword MajorTopicYN="Y">GENETICS</Keyword>        </KeywordList>    </MedlineCitation>    <PubmedData>        <History>            <PubMedPubDate PubStatus="pubmed">                <Year>1958</Year>                <Month>11</Month>                <Day>14</Day>            </PubMedPubDate>            <PubMedPubDate PubStatus="medline">                <Year>1958</Year>                <Month>11</Month>                <Day>14</Day>                <Hour>0</Hour>                <Minute>1</Minute>            </PubMedPubDate>            <PubMedPubDate PubStatus="entrez">                <Year>1958</Year>                <Month>11</Month>                <Day>14</Day>                <Hour>0</Hour>                <Minute>0</Minute>            </PubMedPubDate>        </History>        <PublicationStatus>ppublish</PublicationStatus>        <ArticleIdList>            <ArticleId IdType="pubmed">13592303</ArticleId>        </ArticleIdList>    </PubmedData></PubmedArticle><PubmedArticle>    <MedlineCitation Owner="NLM" Status="OLDMEDLINE">        <PMID Version="1">13592301</PMID>        <DateCreated>            <Year>1959</Year>            <Month>12</Month>            <Day>01</Day>        </DateCreated>        <DateCompleted>            <Year>2000</Year>            <Month>07</Month>            <Day>01</Day>        </DateCompleted>        <DateRevised>            <Year>2007</Year>            <Month>03</Month>            <Day>19</Day>        </DateRevised>        <Article PubModel="Print">            <Journal>                <ISSN IssnType="Print">0036-8075</ISSN>                <JournalIssue CitedMedium="Print">                    <Volume>128</Volume>                    <Issue>3332</Issue>                    <PubDate>                        <Year>1958</Year>                        <Month>Nov</Month>                        <Day>7</Day>                    </PubDate>                </JournalIssue>                <Title>Science (New York, N.Y.)</Title>                <ISOAbbreviation>Science</ISOAbbreviation>            </Journal>            <ArticleTitle>On the effect of inorganic phosphate on hexose phosphate metabolism.</ArticleTitle>            <Pagination>                <MedlinePgn>1139-40</MedlinePgn>            </Pagination>            <AuthorList CompleteYN="Y">                <Author ValidYN="Y">                    <LastName>KRAVITZ</LastName>                    <ForeName>E A</ForeName>                    <Initials>EA</Initials>                </Author>                <Author ValidYN="Y">                    <LastName>GUARINO</LastName>                    <ForeName>A J</ForeName>                    <Initials>AJ</Initials>                </Author>            </AuthorList>            <Language>eng</Language>            <PublicationTypeList>                <PublicationType UI="D016428">Journal Article</PublicationType>            </PublicationTypeList>        </Article>        <MedlineJournalInfo>            <Country>Not Available</Country>            <MedlineTA>Science</MedlineTA>            <NlmUniqueID>0404511</NlmUniqueID>            <ISSNLinking>0036-8075</ISSNLinking>        </MedlineJournalInfo>        <ChemicalList>            <Chemical>                <RegistryNumber>0</RegistryNumber>                <NameOfSubstance UI="D006600">Hexosephosphates</NameOfSubstance>            </Chemical>        </ChemicalList>        <CitationSubset>OM</CitationSubset>        <MeshHeadingList>            <MeshHeading>                <DescriptorName MajorTopicYN="N" UI="D004679">Encephalomyelitis</DescriptorName>                <QualifierName MajorTopicYN="Y" UI="Q000175">diagnosis</QualifierName>            </MeshHeading>            <MeshHeading>                <DescriptorName MajorTopicYN="N" UI="D006600">Hexosephosphates</DescriptorName>                <QualifierName MajorTopicYN="Y" UI="Q000378">metabolism</QualifierName>            </MeshHeading>            <MeshHeading>                <DescriptorName MajorTopicYN="N" UI="D009369">Neoplasms</DescriptorName>                <QualifierName MajorTopicYN="Y" UI="Q000378">metabolism</QualifierName>            </MeshHeading>        </MeshHeadingList>        <OtherID Source="CLML">5935:21714:196:269:396:450</OtherID>        <KeywordList Owner="NLM">            <Keyword MajorTopicYN="Y">ENCEPHALOMYELITIS/diagnosis</Keyword>            <Keyword MajorTopicYN="Y">HEXOSEPHOSPHATES/metabolism</Keyword>            <Keyword MajorTopicYN="Y">NEOPLASMS/metabolism</Keyword>            <Keyword MajorTopicYN="Y">PHOSPHATES/effects</Keyword>        </KeywordList>    </MedlineCitation>    <PubmedData>        <History>            <PubMedPubDate PubStatus="pubmed">                <Year>1958</Year>                <Month>11</Month>                <Day>7</Day>            </PubMedPubDate>            <PubMedPubDate PubStatus="medline">                <Year>1958</Year>                <Month>11</Month>                <Day>7</Day>                <Hour>0</Hour>                <Minute>1</Minute>            </PubMedPubDate>            <PubMedPubDate PubStatus="entrez">                <Year>1958</Year>                <Month>11</Month>                <Day>7</Day>                <Hour>0</Hour>                <Minute>0</Minute>            </PubMedPubDate>        </History>        <PublicationStatus>ppublish</PublicationStatus>        <ArticleIdList>            <ArticleId IdType="pubmed">13592301</ArticleId>        </ArticleIdList>    </PubmedData></PubmedArticle><PubmedArticle>    <MedlineCitation Owner="NLM" Status="MEDLINE">        <PMID Version="1">13592286</PMID>        <DateCreated>            <Year>1959</Year>            <Month>12</Month>            <Day>01</Day>        </DateCreated>        <DateCompleted>            <Year>2000</Year>            <Month>07</Month>            <Day>01</Day>        </DateCompleted>        <DateRevised>            <Year>2012</Year>            <Month>04</Month>            <Day>16</Day>        </DateRevised>        <Article PubModel="Print">            <Journal>                <ISSN IssnType="Print">0036-8075</ISSN>                <JournalIssue CitedMedium="Print">                    <Volume>128</Volume>                    <Issue>3330</Issue>                    <PubDate>                        <Year>1958</Year>                        <Month>Oct</Month>                        <Day>24</Day>                    </PubDate>                </JournalIssue>                <Title>Science (New York, N.Y.)</Title>                <ISOAbbreviation>Science</ISOAbbreviation>            </Journal>            <ArticleTitle>Quantitative technique for analysis of radiation-induced tumorization in fern prothalli.</ArticleTitle>            <Pagination>                <MedlinePgn>1006-7</MedlinePgn>            </Pagination>            <AuthorList CompleteYN="Y">                <Author ValidYN="Y">                    <LastName>PARTANEN</LastName>                    <ForeName>C R</ForeName>                    <Initials>CR</Initials>                </Author>            </AuthorList>            <Language>eng</Language>            <PublicationTypeList>                <PublicationType UI="D016428">Journal Article</PublicationType>            </PublicationTypeList>        </Article>        <MedlineJournalInfo>            <Country>Not Available</Country>            <MedlineTA>Science</MedlineTA>            <NlmUniqueID>0404511</NlmUniqueID>            <ISSNLinking>0036-8075</ISSNLinking>        </MedlineJournalInfo>        <CitationSubset>OM</CitationSubset>        <MeshHeadingList>            <MeshHeading>                <DescriptorName MajorTopicYN="Y" UI="D009374">Neoplasms, Experimental</DescriptorName>            </MeshHeading>            <MeshHeading>                <DescriptorName MajorTopicYN="Y" UI="D010944">Plants</DescriptorName>            </MeshHeading>            <MeshHeading>                <DescriptorName MajorTopicYN="Y" UI="D011830">Radiation Effects</DescriptorName>            </MeshHeading>        </MeshHeadingList>        <OtherID Source="CLML">5935:21699:395:459:499</OtherID>        <KeywordList Owner="NLM">            <Keyword MajorTopicYN="Y">NEOPLASMS/experimental</Keyword>            <Keyword MajorTopicYN="Y">PLANTS</Keyword>            <Keyword MajorTopicYN="Y">RADIATIONS/effects</Keyword>        </KeywordList>    </MedlineCitation>    <PubmedData>        <History>            <PubMedPubDate PubStatus="pubmed">                <Year>1958</Year>                <Month>10</Month>                <Day>24</Day>            </PubMedPubDate>            <PubMedPubDate PubStatus="medline">                <Year>1958</Year>                <Month>10</Month>                <Day>24</Day>                <Hour>0</Hour>                <Minute>1</Minute>            </PubMedPubDate>            <PubMedPubDate PubStatus="entrez">                <Year>1958</Year>                <Month>10</Month>                <Day>24</Day>                <Hour>0</Hour>                <Minute>0</Minute>            </PubMedPubDate>        </History>        <PublicationStatus>ppublish</PublicationStatus>        <ArticleIdList>            <ArticleId IdType="pubmed">13592286</ArticleId>        </ArticleIdList>    </PubmedData></PubmedArticle><PubmedArticle>    <MedlineCitation Owner="NLM" Status="OLDMEDLINE">        <PMID Version="1">13580239</PMID>        <DateCreated>            <Year>1959</Year>            <Month>12</Month>            <Day>01</Day>        </DateCreated>        <DateCompleted>            <Year>2000</Year>            <Month>07</Month>            <Day>01</Day>        </DateCompleted>        <DateRevised>            <Year>2008</Year>            <Month>06</Month>            <Day>03</Day>        </DateRevised>        <Article PubModel="Print">            <Journal>                <ISSN IssnType="Print">0036-8075</ISSN>                <JournalIssue CitedMedium="Print">                    <Volume>128</Volume>                    <Issue>3326</Issue>                    <PubDate>                        <Year>1958</Year>                        <Month>Sep</Month>                        <Day>26</Day>                    </PubDate>                </JournalIssue>                <Title>Science (New York, N.Y.)</Title>                <ISOAbbreviation>Science</ISOAbbreviation>            </Journal>            <ArticleTitle>Critique of the linear theory of carcinogenesis.</ArticleTitle>            <Pagination>                <MedlinePgn>693-9</MedlinePgn>            </Pagination>            <Abstract>                <AbstractText>1) Present data on human leukemogenesis by radiation fail to indicate a linear relation between dose and effect. Because data are scanty, such a hypothesis cannot be ruled out statistically, but it is less probable than a nonlinear or threshold relation. 2) Other instances in which carcinogenic agents have been examined from the standpoint of dose and dose-rate relations show many clear instances where the relation is nonlinear and none in which linearity is unquestionably demonstrated. 3) Theoretical consideration of the probability that a single critical molecular event, such as a mutation, will give rise to cancer indicate that a malignant change must be an extraordinarily improbable result of such a perturbation. It is also very difficult to reconcile this mechanism with the rather comparable spontaneous and induced-cancer incidences in species with greatly different numbers of cells. 4) Any scheme in which multiple events caused by the carcinogen are required to produce a tumor is incompatible with a linear relation, while, if a disordered state of tissue is an important factor, a true threshold may even occur. There is much evidence, from cancer research of all sorts, indicating that one or both of these conditions is involved in the carcinogenic process.</AbstractText>            </Abstract>            <AuthorList CompleteYN="Y">                <Author ValidYN="Y">                    <LastName>BRUES</LastName>                    <ForeName>A M</ForeName>                    <Initials>AM</Initials>                </Author>            </AuthorList>            <Language>eng</Language>            <PublicationTypeList>                <PublicationType UI="D016428">Journal Article</PublicationType>            </PublicationTypeList>        </Article>        <MedlineJournalInfo>            <Country>Not Available</Country>            <MedlineTA>Science</MedlineTA>            <NlmUniqueID>0404511</NlmUniqueID>            <ISSNLinking>0036-8075</ISSNLinking>        </MedlineJournalInfo>        <CitationSubset>OM</CitationSubset>        <MeshHeadingList>            <MeshHeading>                <DescriptorName MajorTopicYN="Y" UI="D009374">Neoplasms, Experimental</DescriptorName>            </MeshHeading>        </MeshHeadingList>        <OtherID Source="CLML">5935:9577:330:393</OtherID>        <KeywordList Owner="NLM">            <Keyword MajorTopicYN="Y">LEUKEMIA/etiology and pathogenesis</Keyword>            <Keyword MajorTopicYN="Y">NEOPLASMS/experimental</Keyword>        </KeywordList>    </MedlineCitation>    <PubmedData>        <History>            <PubMedPubDate PubStatus="pubmed">                <Year>1958</Year>                <Month>9</Month>                <Day>26</Day>            </PubMedPubDate>            <PubMedPubDate PubStatus="medline">                <Year>1958</Year>                <Month>9</Month>                <Day>26</Day>                <Hour>0</Hour>                <Minute>1</Minute>            </PubMedPubDate>            <PubMedPubDate PubStatus="entrez">                <Year>1958</Year>                <Month>9</Month>                <Day>26</Day>                <Hour>0</Hour>                <Minute>0</Minute>            </PubMedPubDate>        </History>        <PublicationStatus>ppublish</PublicationStatus>        <ArticleIdList>            <ArticleId IdType="pubmed">13580239</ArticleId>        </ArticleIdList>    </PubmedData></PubmedArticle><PubmedArticle>    <MedlineCitation Owner="NLM" Status="MEDLINE">        <PMID Version="1">13580218</PMID>        <DateCreated>            <Year>1959</Year>            <Month>12</Month>            <Day>01</Day>        </DateCreated>        <DateCompleted>            <Year>2000</Year>            <Month>07</Month>            <Day>01</Day>        </DateCompleted>        <DateRevised>            <Year>2013</Year>            <Month>11</Month>            <Day>21</Day>        </DateRevised>        <Article PubModel="Print">            <Journal>                <ISSN IssnType="Print">0036-8075</ISSN>                <JournalIssue CitedMedium="Print">                    <Volume>128</Volume>                    <Issue>3323</Issue>                    <PubDate>                        <Year>1958</Year>                        <Month>Sep</Month>                        <Day>5</Day>                    </PubDate>                </JournalIssue>                <Title>Science (New York, N.Y.)</Title>                <ISOAbbreviation>Science</ISOAbbreviation>            </Journal>            <ArticleTitle>New metabolites of serotonin in carcinoid urine.</ArticleTitle>            <Pagination>                <MedlinePgn>537</MedlinePgn>            </Pagination>            <AuthorList CompleteYN="Y">                <Author ValidYN="Y">                    <LastName>McISAAC</LastName>                    <ForeName>W M</ForeName>                    <Initials>WM</Initials>                </Author>                <Author ValidYN="Y">                    <LastName>PAGE</LastName>                    <ForeName>I H</ForeName>                    <Initials>IH</Initials>                </Author>            </AuthorList>            <Language>eng</Language>            <PublicationTypeList>                <PublicationType UI="D016428">Journal Article</PublicationType>            </PublicationTypeList>        </Article>        <MedlineJournalInfo>            <Country>Not Available</Country>            <MedlineTA>Science</MedlineTA>            <NlmUniqueID>0404511</NlmUniqueID>            <ISSNLinking>0036-8075</ISSNLinking>        </MedlineJournalInfo>        <ChemicalList>            <Chemical>                <RegistryNumber>333DO1RDJY</RegistryNumber>                <NameOfSubstance UI="D012701">Serotonin</NameOfSubstance>            </Chemical>        </ChemicalList>        <CitationSubset>OM</CitationSubset>        <MeshHeadingList>            <MeshHeading>                <DescriptorName MajorTopicYN="N" UI="D008303">Malignant Carcinoid Syndrome</DescriptorName>                <QualifierName MajorTopicYN="Y" UI="Q000652">urine</QualifierName>            </MeshHeading>            <MeshHeading>                <DescriptorName MajorTopicYN="N" UI="D012701">Serotonin</DescriptorName>                <QualifierName MajorTopicYN="Y" UI="Q000378">metabolism</QualifierName>            </MeshHeading>        </MeshHeadingList>        <OtherID Source="CLML">5935:9556:354:533</OtherID>        <KeywordList Owner="NLM">            <Keyword MajorTopicYN="Y">MALIGNANT CARCINOID SYNDROME/urine in</Keyword>            <Keyword MajorTopicYN="Y">SEROTONIN/metabolism</Keyword>        </KeywordList>    </MedlineCitation>    <PubmedData>        <History>            <PubMedPubDate PubStatus="pubmed">                <Year>1958</Year>                <Month>9</Month>                <Day>5</Day>            </PubMedPubDate>            <PubMedPubDate PubStatus="medline">                <Year>1958</Year>                <Month>9</Month>                <Day>5</Day>                <Hour>0</Hour>                <Minute>1</Minute>            </PubMedPubDate>            <PubMedPubDate PubStatus="entrez">                <Year>1958</Year>                <Month>9</Month>                <Day>5</Day>                <Hour>0</Hour>                <Minute>0</Minute>            </PubMedPubDate>        </History>        <PublicationStatus>ppublish</PublicationStatus>        <ArticleIdList>            <ArticleId IdType="pubmed">13580218</ArticleId>        </ArticleIdList>    </PubmedData></PubmedArticle><PubmedArticle>    <MedlineCitation Owner="NLM" Status="MEDLINE">        <PMID Version="1">13555861</PMID>        <DateCreated>            <Year>1958</Year>            <Month>12</Month>            <Day>01</Day>        </DateCreated>        <DateCompleted>            <Year>2000</Year>            <Month>07</Month>            <Day>01</Day>        </DateCompleted>        <DateRevised>            <Year>2007</Year>            <Month>03</Month>            <Day>19</Day>        </DateRevised>        <Article PubModel="Print">            <Journal>                <ISSN IssnType="Print">0036-8075</ISSN>                <JournalIssue CitedMedium="Print">                    <Volume>127</Volume>                    <Issue>3307</Issue>                    <PubDate>                        <Year>1958</Year>                        <Month>May</Month>                        <Day>16</Day>                    </PubDate>                </JournalIssue>                <Title>Science (New York, N.Y.)</Title>                <ISOAbbreviation>Science</ISOAbbreviation>            </Journal>            <ArticleTitle>A new phospholipid, malignolipin, in human malignant tumors.</ArticleTitle>            <Pagination>                <MedlinePgn>1176-7</MedlinePgn>            </Pagination>            <AuthorList CompleteYN="Y">                <Author ValidYN="Y">                    <LastName>KOSAKI</LastName>                    <ForeName>T</ForeName>                    <Initials>T</Initials>                </Author>                <Author ValidYN="Y">                    <LastName>IKODA</LastName>                    <ForeName>T</ForeName>                    <Initials>T</Initials>                </Author>                <Author ValidYN="Y">                    <LastName>KOTANI</LastName>                    <ForeName>Y</ForeName>                    <Initials>Y</Initials>                </Author>                <Author ValidYN="Y">                    <LastName>NAKAGAWA</LastName>                    <ForeName>S</ForeName>                    <Initials>S</Initials>                </Author>                <Author ValidYN="Y">                    <LastName>SAKA</LastName>                    <ForeName>T</ForeName>                    <Initials>T</Initials>                </Author>            </AuthorList>            <Language>eng</Language>            <PublicationTypeList>                <PublicationType UI="D016428">Journal Article</PublicationType>            </PublicationTypeList>        </Article>        <MedlineJournalInfo>            <Country>Not Available</Country>            <MedlineTA>Science</MedlineTA>            <NlmUniqueID>0404511</NlmUniqueID>            <ISSNLinking>0036-8075</ISSNLinking>        </MedlineJournalInfo>        <ChemicalList>            <Chemical>                <RegistryNumber>0</RegistryNumber>                <NameOfSubstance UI="D010743">Phospholipids</NameOfSubstance>            </Chemical>        </ChemicalList>        <CitationSubset>OM</CitationSubset>        <MeshHeadingList>            <MeshHeading>                <DescriptorName MajorTopicYN="N" UI="D009369">Neoplasms</DescriptorName>                <QualifierName MajorTopicYN="Y" UI="Q000378">metabolism</QualifierName>            </MeshHeading>            <MeshHeading>                <DescriptorName MajorTopicYN="N" UI="D010743">Phospholipids</DescriptorName>                <QualifierName MajorTopicYN="Y" UI="Q000378">metabolism</QualifierName>            </MeshHeading>        </MeshHeadingList>        <OtherID Source="CLML">5834:48512:404:462</OtherID>        <KeywordList Owner="NLM">            <Keyword MajorTopicYN="Y">NEOPLASMS/metabolism</Keyword>            <Keyword MajorTopicYN="Y">PHOSPHOLIPIDS/metabolism</Keyword>        </KeywordList>    </MedlineCitation>    <PubmedData>        <History>            <PubMedPubDate PubStatus="pubmed">                <Year>1958</Year>                <Month>5</Month>                <Day>16</Day>            </PubMedPubDate>            <PubMedPubDate PubStatus="medline">                <Year>1958</Year>                <Month>5</Month>                <Day>16</Day>                <Hour>0</Hour>                <Minute>1</Minute>            </PubMedPubDate>            <PubMedPubDate PubStatus="entrez">                <Year>1958</Year>                <Month>5</Month>                <Day>16</Day>                <Hour>0</Hour>                <Minute>0</Minute>            </PubMedPubDate>        </History>        <PublicationStatus>ppublish</PublicationStatus>        <ArticleIdList>            <ArticleId IdType="pubmed">13555861</ArticleId>        </ArticleIdList>    </PubmedData></PubmedArticle><PubmedArticle>    <MedlineCitation Owner="NLM" Status="MEDLINE">        <PMID Version="1">13543342</PMID>        <DateCreated>            <Year>1958</Year>            <Month>12</Month>            <Day>01</Day>        </DateCreated>        <DateCompleted>            <Year>2000</Year>            <Month>07</Month>            <Day>01</Day>        </DateCompleted>        <DateRevised>            <Year>2013</Year>            <Month>11</Month>            <Day>21</Day>        </DateRevised>        <Article PubModel="Print">            <Journal>                <ISSN IssnType="Print">0036-8075</ISSN>                <JournalIssue CitedMedium="Print">                    <Volume>127</Volume>                    <Issue>3303</Issue>                    <PubDate>                        <Year>1958</Year>                        <Month>Apr</Month>                        <Day>18</Day>                    </PubDate>                </JournalIssue>                <Title>Science (New York, N.Y.)</Title>                <ISOAbbreviation>Science</ISOAbbreviation>            </Journal>            <ArticleTitle>Demonstration of the 3-methoxy analog of norepinephrine in man.</ArticleTitle>            <Pagination>                <MedlinePgn>876</MedlinePgn>            </Pagination>            <AuthorList CompleteYN="Y">                <Author ValidYN="Y">                    <LastName>SJOERDSMA</LastName>                    <ForeName>A</ForeName>                    <Initials>A</Initials>                </Author>                <Author ValidYN="Y">                    <LastName>KING</LastName>                    <ForeName>W M</ForeName>                    <Initials>WM</Initials>                </Author>                <Author ValidYN="Y">                    <LastName>LEEPER</LastName>                    <ForeName>L C</ForeName>                    <Initials>LC</Initials>                </Author>                <Author ValidYN="Y">                    <LastName>UDENFRIEND</LastName>                    <ForeName>S</ForeName>                    <Initials>S</Initials>                </Author>            </AuthorList>            <Language>eng</Language>            <PublicationTypeList>                <PublicationType UI="D016428">Journal Article</PublicationType>            </PublicationTypeList>        </Article>        <MedlineJournalInfo>            <Country>Not Available</Country>            <MedlineTA>Science</MedlineTA>            <NlmUniqueID>0404511</NlmUniqueID>            <ISSNLinking>0036-8075</ISSNLinking>        </MedlineJournalInfo>        <ChemicalList>            <Chemical>                <RegistryNumber>X4W3ENH1CV</RegistryNumber>                <NameOfSubstance UI="D009638">Norepinephrine</NameOfSubstance>            </Chemical>        </ChemicalList>        <CitationSubset>OM</CitationSubset>        <MeshHeadingList>            <MeshHeading>                <DescriptorName MajorTopicYN="N" UI="D009638">Norepinephrine</DescriptorName>                <QualifierName MajorTopicYN="Y" UI="Q000032">analysis</QualifierName>            </MeshHeading>            <MeshHeading>                <DescriptorName MajorTopicYN="N" UI="D010673">Pheochromocytoma</DescriptorName>                <QualifierName MajorTopicYN="Y" UI="Q000378">metabolism</QualifierName>            </MeshHeading>        </MeshHeadingList>        <OtherID Source="CLML">5834:35900:59:459</OtherID>        <KeywordList Owner="NLM">            <Keyword MajorTopicYN="Y">ARTERENOL/determination</Keyword>            <Keyword MajorTopicYN="Y">PHEOCHROMOCYTOMA/metabolism</Keyword>        </KeywordList>    </MedlineCitation>    <PubmedData>        <History>            <PubMedPubDate PubStatus="pubmed">                <Year>1958</Year>                <Month>4</Month>                <Day>18</Day>            </PubMedPubDate>            <PubMedPubDate PubStatus="medline">                <Year>1958</Year>                <Month>4</Month>                <Day>18</Day>                <Hour>0</Hour>                <Minute>1</Minute>            </PubMedPubDate>            <PubMedPubDate PubStatus="entrez">                <Year>1958</Year>                <Month>4</Month>                <Day>18</Day>                <Hour>0</Hour>                <Minute>0</Minute>            </PubMedPubDate>        </History>        <PublicationStatus>ppublish</PublicationStatus>        <ArticleIdList>            <ArticleId IdType="pubmed">13543342</ArticleId>        </ArticleIdList>    </PubmedData></PubmedArticle><PubmedArticle>    <MedlineCitation Owner="NLM" Status="MEDLINE">        <PMID Version="1">13529014</PMID>        <DateCreated>            <Year>1958</Year>            <Month>12</Month>            <Day>01</Day>        </DateCreated>        <DateCompleted>            <Year>2000</Year>            <Month>07</Month>            <Day>01</Day>        </DateCompleted>        <DateRevised>            <Year>2007</Year>            <Month>03</Month>            <Day>19</Day>        </DateRevised>        <Article PubModel="Print">            <Journal>                <ISSN IssnType="Print">0036-8075</ISSN>                <JournalIssue CitedMedium="Print">                    <Volume>127</Volume>                    <Issue>3297</Issue>                    <PubDate>                        <Year>1958</Year>                        <Month>Mar</Month>                        <Day>7</Day>                    </PubDate>                </JournalIssue>                <Title>Science (New York, N.Y.)</Title>                <ISOAbbreviation>Science</ISOAbbreviation>            </Journal>            <ArticleTitle>A new strain of the mouse mammary tumor virus.</ArticleTitle>            <Pagination>                <MedlinePgn>518</MedlinePgn>            </Pagination>            <AuthorList CompleteYN="Y">                <Author ValidYN="Y">                    <LastName>BLAIR</LastName>                    <ForeName>P B</ForeName>                    <Initials>PB</Initials>                </Author>            </AuthorList>            <Language>eng</Language>            <PublicationTypeList>                <PublicationType UI="D016428">Journal Article</PublicationType>            </PublicationTypeList>        </Article>        <MedlineJournalInfo>            <Country>Not Available</Country>            <MedlineTA>Science</MedlineTA>            <NlmUniqueID>0404511</NlmUniqueID>            <ISSNLinking>0036-8075</ISSNLinking>        </MedlineJournalInfo>        <CitationSubset>OM</CitationSubset>        <MeshHeadingList>            <MeshHeading>                <DescriptorName MajorTopicYN="Y" UI="D009369">Neoplasms</DescriptorName>            </MeshHeading>        </MeshHeadingList>        <OtherID Source="CLML">5834:21486:401</OtherID>        <KeywordList Owner="NLM">            <Keyword MajorTopicYN="Y">NEOPLASMS</Keyword>        </KeywordList>    </MedlineCitation>    <PubmedData>        <History>            <PubMedPubDate PubStatus="pubmed">                <Year>1958</Year>                <Month>3</Month>                <Day>7</Day>            </PubMedPubDate>            <PubMedPubDate PubStatus="medline">                <Year>1958</Year>                <Month>3</Month>                <Day>7</Day>                <Hour>0</Hour>                <Minute>1</Minute>            </PubMedPubDate>            <PubMedPubDate PubStatus="entrez">                <Year>1958</Year>                <Month>3</Month>                <Day>7</Day>                <Hour>0</Hour>                <Minute>0</Minute>            </PubMedPubDate>        </History>        <PublicationStatus>ppublish</PublicationStatus>        <ArticleIdList>            <ArticleId IdType="pubmed">13529014</ArticleId>        </ArticleIdList>    </PubmedData></PubmedArticle><PubmedArticle>    <MedlineCitation Owner="NLM" Status="PubMed-not-MEDLINE">        <PMID Version="1">17837055</PMID>        <DateCreated>            <Year>2010</Year>            <Month>06</Month>            <Day>04</Day>        </DateCreated>        <DateCompleted>            <Year>2010</Year>            <Month>07</Month>            <Day>02</Day>        </DateCompleted>        <Article PubModel="Print">            <Journal>                <ISSN IssnType="Print">0036-8075</ISSN>                <JournalIssue CitedMedium="Print">                    <Volume>127</Volume>                    <Issue>3296</Issue>                    <PubDate>                        <Year>1958</Year>                        <Month>Feb</Month>                        <Day>28</Day>                    </PubDate>                </JournalIssue>                <Title>Science (New York, N.Y.)</Title>                <ISOAbbreviation>Science</ISOAbbreviation>            </Journal>            <ArticleTitle>Cancer Research.</ArticleTitle>            <Pagination>                <MedlinePgn>480</MedlinePgn>            </Pagination>            <AuthorList CompleteYN="Y">                <Author ValidYN="Y">                    <LastName>Macklin</LastName>                    <ForeName>M T</ForeName>                    <Initials>MT</Initials>                </Author>            </AuthorList>            <Language>eng</Language>            <PublicationTypeList>                <PublicationType UI="D016428">Journal Article</PublicationType>            </PublicationTypeList>        </Article>        <MedlineJournalInfo>            <Country>United States</Country>            <MedlineTA>Science</MedlineTA>            <NlmUniqueID>0404511</NlmUniqueID>            <ISSNLinking>0036-8075</ISSNLinking>        </MedlineJournalInfo>    </MedlineCitation>    <PubmedData>        <History>            <PubMedPubDate PubStatus="pubmed">                <Year>1958</Year>                <Month>2</Month>                <Day>28</Day>                <Hour>0</Hour>                <Minute>0</Minute>            </PubMedPubDate>            <PubMedPubDate PubStatus="medline">                <Year>1958</Year>                <Month>2</Month>                <Day>28</Day>                <Hour>0</Hour>                <Minute>1</Minute>            </PubMedPubDate>            <PubMedPubDate PubStatus="entrez">                <Year>1958</Year>                <Month>2</Month>                <Day>28</Day>                <Hour>0</Hour>                <Minute>0</Minute>            </PubMedPubDate>        </History>        <PublicationStatus>ppublish</PublicationStatus>        <ArticleIdList>            <ArticleId IdType="pii">127/3296/480-c</ArticleId>            <ArticleId IdType="doi">10.1126/science.127.3296.480-c</ArticleId>            <ArticleId IdType="pubmed">17837055</ArticleId>        </ArticleIdList>    </PubmedData></PubmedArticle></PubmedArticleSet>