<?xml version="1.0"?><!DOCTYPE PubmedArticleSet PUBLIC "-//NLM//DTD PubMedArticle, 1st January 2015//EN" "http://www.ncbi.nlm.nih.gov/corehtml/query/DTD/pubmed_150101.dtd"><PubmedArticleSet><PubmedArticle>    <MedlineCitation Owner="NLM" Status="PubMed-not-MEDLINE">        <PMID Version="1">17773799</PMID>        <DateCreated>            <Year>2010</Year>            <Month>06</Month>            <Day>11</Day>        </DateCreated>        <DateCompleted>            <Year>2010</Year>            <Month>07</Month>            <Day>02</Day>        </DateCompleted>        <Article PubModel="Print">            <Journal>                <ISSN IssnType="Print">0036-8075</ISSN>                <JournalIssue CitedMedium="Print">                    <Volume>97</Volume>                    <Issue>2529</Issue>                    <PubDate>                        <Year>1943</Year>                        <Month>Jun</Month>                        <Day>18</Day>                    </PubDate>                </JournalIssue>                <Title>Science (New York, N.Y.)</Title>                <ISOAbbreviation>Science</ISOAbbreviation>            </Journal>            <ArticleTitle>ENDOCRINE CONTROL OF PROSTATIC CANCER.</ArticleTitle>            <Pagination>                <MedlinePgn>541-4</MedlinePgn>            </Pagination>            <AuthorList CompleteYN="Y">                <Author ValidYN="Y">                    <LastName>Huggins</LastName>                    <ForeName>C</ForeName>                    <Initials>C</Initials>                </Author>            </AuthorList>            <Language>eng</Language>            <PublicationTypeList>                <PublicationType UI="D016428">Journal Article</PublicationType>            </PublicationTypeList>        </Article>        <MedlineJournalInfo>            <Country>United States</Country>            <MedlineTA>Science</MedlineTA>            <NlmUniqueID>0404511</NlmUniqueID>            <ISSNLinking>0036-8075</ISSNLinking>        </MedlineJournalInfo>    </MedlineCitation>    <PubmedData>        <History>            <PubMedPubDate PubStatus="pubmed">                <Year>1943</Year>                <Month>6</Month>                <Day>18</Day>                <Hour>0</Hour>                <Minute>0</Minute>            </PubMedPubDate>            <PubMedPubDate PubStatus="medline">                <Year>1943</Year>                <Month>6</Month>                <Day>18</Day>                <Hour>0</Hour>                <Minute>1</Minute>            </PubMedPubDate>            <PubMedPubDate PubStatus="entrez">                <Year>1943</Year>                <Month>6</Month>                <Day>18</Day>                <Hour>0</Hour>                <Minute>0</Minute>            </PubMedPubDate>        </History>        <PublicationStatus>ppublish</PublicationStatus>        <ArticleIdList>            <ArticleId IdType="pii">97/2529/541</ArticleId>            <ArticleId IdType="doi">10.1126/science.97.2529.541</ArticleId>            <ArticleId IdType="pubmed">17773799</ArticleId>        </ArticleIdList>    </PubmedData></PubmedArticle><PubmedArticle>    <MedlineCitation Owner="NLM" Status="PubMed-not-MEDLINE">        <PMID Version="1">17831836</PMID>        <DateCreated>            <Year>2010</Year>            <Month>06</Month>            <Day>11</Day>        </DateCreated>        <DateCompleted>            <Year>2010</Year>            <Month>07</Month>            <Day>02</Day>        </DateCompleted>        <Article PubModel="Print">            <Journal>                <ISSN IssnType="Print">0036-8075</ISSN>                <JournalIssue CitedMedium="Print">                    <Volume>97</Volume>                    <Issue>2517</Issue>                    <PubDate>                        <Year>1943</Year>                        <Month>Mar</Month>                        <Day>26</Day>                    </PubDate>                </JournalIssue>                <Title>Science (New York, N.Y.)</Title>                <ISOAbbreviation>Science</ISOAbbreviation>            </Journal>            <ArticleTitle>GONADECTOMY AND ADRENAL NEOPLASMS.</ArticleTitle>            <Pagination>                <MedlinePgn>291</MedlinePgn>            </Pagination>            <AuthorList CompleteYN="Y">                <Author ValidYN="Y">                    <LastName>Woolley</LastName>                    <ForeName>G W</ForeName>                    <Initials>GW</Initials>                </Author>                <Author ValidYN="Y">                    <LastName>Fekete</LastName>                    <ForeName>E</ForeName>                    <Initials>E</Initials>                </Author>                <Author ValidYN="Y">                    <LastName>Little</LastName>                    <ForeName>C C</ForeName>                    <Initials>CC</Initials>                </Author>            </AuthorList>            <Language>eng</Language>            <PublicationTypeList>                <PublicationType UI="D016428">Journal Article</PublicationType>            </PublicationTypeList>        </Article>        <MedlineJournalInfo>            <Country>United States</Country>            <MedlineTA>Science</MedlineTA>            <NlmUniqueID>0404511</NlmUniqueID>            <ISSNLinking>0036-8075</ISSNLinking>        </MedlineJournalInfo>    </MedlineCitation>    <PubmedData>        <History>            <PubMedPubDate PubStatus="pubmed">                <Year>1943</Year>                <Month>3</Month>                <Day>26</Day>                <Hour>0</Hour>                <Minute>0</Minute>            </PubMedPubDate>            <PubMedPubDate PubStatus="medline">                <Year>1943</Year>                <Month>3</Month>                <Day>26</Day>                <Hour>0</Hour>                <Minute>1</Minute>            </PubMedPubDate>            <PubMedPubDate PubStatus="entrez">                <Year>1943</Year>                <Month>3</Month>                <Day>26</Day>                <Hour>0</Hour>                <Minute>0</Minute>            </PubMedPubDate>        </History>        <PublicationStatus>ppublish</PublicationStatus>        <ArticleIdList>            <ArticleId IdType="pii">97/2517/291</ArticleId>            <ArticleId IdType="doi">10.1126/science.97.2517.291</ArticleId>            <ArticleId IdType="pubmed">17831836</ArticleId>        </ArticleIdList>    </PubmedData></PubmedArticle></PubmedArticleSet>