<?xml version="1.0"?><!DOCTYPE PubmedArticleSet PUBLIC "-//NLM//DTD PubMedArticle, 1st January 2015//EN" "http://www.ncbi.nlm.nih.gov/corehtml/query/DTD/pubmed_150101.dtd"><PubmedArticleSet><PubmedArticle>    <MedlineCitation Owner="NLM" Status="MEDLINE">        <PMID Version="1">13760551</PMID>        <DateCreated>            <Year>1961</Year>            <Month>12</Month>            <Day>01</Day>        </DateCreated>        <DateCompleted>            <Year>1998</Year>            <Month>11</Month>            <Day>01</Day>        </DateCompleted>        <DateRevised>            <Year>2011</Year>            <Month>12</Month>            <Day>02</Day>        </DateRevised>        <Article PubModel="Print">            <Journal>                <ISSN IssnType="Print">0036-8075</ISSN>                <JournalIssue CitedMedium="Print">                    <Volume>132</Volume>                    <Issue>3441</Issue>                    <PubDate>                        <Year>1960</Year>                        <Month>Dec</Month>                        <Day>9</Day>                    </PubDate>                </JournalIssue>                <Title>Science (New York, N.Y.)</Title>                <ISOAbbreviation>Science</ISOAbbreviation>            </Journal>            <ArticleTitle>Transplantation and malignancy in a companion-host system on the chorioallantoic membrane.</ArticleTitle>            <Pagination>                <MedlinePgn>1763-5</MedlinePgn>            </Pagination>            <Abstract>                <AbstractText>Pairs of tissue fragments in contact with one another were transplanted onto the chorioallantois. Ten days after transplantation, embryonic lung and liver were found to be accepted, without obvious infiltration of one another. When Walker tumor was substituted for either of the normal tissues, the pair of transplants was also accepted by the chorioallantois, and in addition there was extensive invasive replacement of the normal tissue by the cancer transplant.</AbstractText>            </Abstract>            <AuthorList CompleteYN="Y">                <Author ValidYN="Y">                    <LastName>LEIGHTON</LastName>                    <ForeName>J</ForeName>                    <Initials>J</Initials>                </Author>                <Author ValidYN="Y">                    <LastName>DREYER</LastName>                    <ForeName>D A</ForeName>                    <Initials>DA</Initials>                </Author>                <Author ValidYN="Y">                    <LastName>MAHONEY</LastName>                    <ForeName>M J</ForeName>                    <Initials>MJ</Initials>                </Author>            </AuthorList>            <Language>eng</Language>            <PublicationTypeList>                <PublicationType UI="D016428">Journal Article</PublicationType>            </PublicationTypeList>        </Article>        <MedlineJournalInfo>            <Country>Not Available</Country>            <MedlineTA>Science</MedlineTA>            <NlmUniqueID>0404511</NlmUniqueID>            <ISSNLinking>0036-8075</ISSNLinking>        </MedlineJournalInfo>        <CitationSubset>OM</CitationSubset>        <MeshHeadingList>            <MeshHeading>                <DescriptorName MajorTopicYN="Y" UI="D009374">Neoplasms, Experimental</DescriptorName>            </MeshHeading>        </MeshHeadingList>        <KeywordList Owner="NLM">            <Keyword MajorTopicYN="Y">NEOPLASMS/experimental</Keyword>        </KeywordList>    </MedlineCitation>    <PubmedData>        <History>            <PubMedPubDate PubStatus="pubmed">                <Year>1960</Year>                <Month>12</Month>                <Day>9</Day>            </PubMedPubDate>            <PubMedPubDate PubStatus="medline">                <Year>1960</Year>                <Month>12</Month>                <Day>9</Day>                <Hour>0</Hour>                <Minute>1</Minute>            </PubMedPubDate>            <PubMedPubDate PubStatus="entrez">                <Year>1960</Year>                <Month>12</Month>                <Day>9</Day>                <Hour>0</Hour>                <Minute>0</Minute>            </PubMedPubDate>        </History>        <PublicationStatus>ppublish</PublicationStatus>        <ArticleIdList>            <ArticleId IdType="pubmed">13760551</ArticleId>        </ArticleIdList>    </PubmedData></PubmedArticle><PubmedArticle>    <MedlineCitation Owner="NLM" Status="MEDLINE">        <PMID Version="1">13744001</PMID>        <DateCreated>            <Year>1961</Year>            <Month>12</Month>            <Day>01</Day>        </DateCreated>        <DateCompleted>            <Year>1998</Year>            <Month>11</Month>            <Day>01</Day>        </DateCompleted>        <DateRevised>            <Year>2011</Year>            <Month>11</Month>            <Day>30</Day>        </DateRevised>        <Article PubModel="Print">            <Journal>                <ISSN IssnType="Print">0036-8075</ISSN>                <JournalIssue CitedMedium="Print">                    <Volume>132</Volume>                    <Issue>3439</Issue>                    <PubDate>                        <Year>1960</Year>                        <Month>Nov</Month>                        <Day>25</Day>                    </PubDate>                </JournalIssue>                <Title>Science (New York, N.Y.)</Title>                <ISOAbbreviation>Science</ISOAbbreviation>            </Journal>            <ArticleTitle>Charles OBERLING, research worker on the nature of cancer.</ArticleTitle>            <Pagination>                <MedlinePgn>1534-5</MedlinePgn>            </Pagination>            <AuthorList CompleteYN="Y">                <Author ValidYN="Y">                    <LastName>ROUS</LastName>                    <ForeName>P</ForeName>                    <Initials>P</Initials>                </Author>            </AuthorList>            <Language>eng</Language>            <PublicationTypeList>                <PublicationType UI="D019215">Biography</PublicationType>                <PublicationType UI="D016428">Journal Article</PublicationType>            </PublicationTypeList>        </Article>        <MedlineJournalInfo>            <Country>Not Available</Country>            <MedlineTA>Science</MedlineTA>            <NlmUniqueID>0404511</NlmUniqueID>            <ISSNLinking>0036-8075</ISSNLinking>        </MedlineJournalInfo>        <CitationSubset>OM</CitationSubset>        <MeshHeadingList>            <MeshHeading>                <DescriptorName MajorTopicYN="Y" UI="D006664">History</DescriptorName>            </MeshHeading>        </MeshHeadingList>        <PersonalNameSubjectList>            <PersonalNameSubject>                <LastName>OBERLING</LastName>                <ForeName>C</ForeName>                <Initials>C</Initials>            </PersonalNameSubject>        </PersonalNameSubjectList>        <KeywordList Owner="NLM">            <Keyword MajorTopicYN="Y">OBITUARIES</Keyword>        </KeywordList>    </MedlineCitation>    <PubmedData>        <History>            <PubMedPubDate PubStatus="pubmed">                <Year>1960</Year>                <Month>11</Month>                <Day>25</Day>            </PubMedPubDate>            <PubMedPubDate PubStatus="medline">                <Year>1960</Year>                <Month>11</Month>                <Day>25</Day>                <Hour>0</Hour>                <Minute>1</Minute>            </PubMedPubDate>            <PubMedPubDate PubStatus="entrez">                <Year>1960</Year>                <Month>11</Month>                <Day>25</Day>                <Hour>0</Hour>                <Minute>0</Minute>            </PubMedPubDate>        </History>        <PublicationStatus>ppublish</PublicationStatus>        <ArticleIdList>            <ArticleId IdType="pubmed">13744001</ArticleId>        </ArticleIdList>    </PubmedData></PubmedArticle><PubmedArticle>    <MedlineCitation Owner="NLM" Status="MEDLINE">        <PMID Version="1">13687571</PMID>        <DateCreated>            <Year>1961</Year>            <Month>12</Month>            <Day>01</Day>        </DateCreated>        <DateCompleted>            <Year>1998</Year>            <Month>11</Month>            <Day>01</Day>        </DateCompleted>        <DateRevised>            <Year>2011</Year>            <Month>12</Month>            <Day>02</Day>        </DateRevised>        <Article PubModel="Print">            <Journal>                <ISSN IssnType="Print">0036-8075</ISSN>                <JournalIssue CitedMedium="Print">                    <Volume>132</Volume>                    <Issue>3432</Issue>                    <PubDate>                        <Year>1960</Year>                        <Month>Oct</Month>                        <Day>7</Day>                    </PubDate>                </JournalIssue>                <Title>Science (New York, N.Y.)</Title>                <ISOAbbreviation>Science</ISOAbbreviation>            </Journal>            <ArticleTitle>Increased incidence of tumor metastases in female mice.</ArticleTitle>            <Pagination>                <MedlinePgn>956-7</MedlinePgn>            </Pagination>            <Abstract>                <AbstractText>Most of the tumor cells injected into the tail vein of mice fail to survive at the site of arrest in the lungs, but the percentage of surviving cells is higher in females than in males. The surviving cells, however, grow at a similar and constant rate in both sexes.</AbstractText>            </Abstract>            <AuthorList CompleteYN="Y">                <Author ValidYN="Y">                    <LastName>BASERGA</LastName>                    <ForeName>R</ForeName>                    <Initials>R</Initials>                </Author>                <Author ValidYN="Y">                    <LastName>KISIELESKI</LastName>                    <ForeName>W E</ForeName>                    <Initials>WE</Initials>                </Author>            </AuthorList>            <Language>eng</Language>            <PublicationTypeList>                <PublicationType UI="D016428">Journal Article</PublicationType>            </PublicationTypeList>        </Article>        <MedlineJournalInfo>            <Country>Not Available</Country>            <MedlineTA>Science</MedlineTA>            <NlmUniqueID>0404511</NlmUniqueID>            <ISSNLinking>0036-8075</ISSNLinking>        </MedlineJournalInfo>        <CitationSubset>OM</CitationSubset>        <MeshHeadingList>            <MeshHeading>                <DescriptorName MajorTopicYN="Y" UI="D009374">Neoplasms, Experimental</DescriptorName>            </MeshHeading>        </MeshHeadingList>        <KeywordList Owner="NLM">            <Keyword MajorTopicYN="Y">NEOPLASMS/experimental</Keyword>        </KeywordList>    </MedlineCitation>    <PubmedData>        <History>            <PubMedPubDate PubStatus="pubmed">                <Year>1960</Year>                <Month>10</Month>                <Day>7</Day>            </PubMedPubDate>            <PubMedPubDate PubStatus="medline">                <Year>1960</Year>                <Month>10</Month>                <Day>7</Day>                <Hour>0</Hour>                <Minute>1</Minute>            </PubMedPubDate>            <PubMedPubDate PubStatus="entrez">                <Year>1960</Year>                <Month>10</Month>                <Day>7</Day>                <Hour>0</Hour>                <Minute>0</Minute>            </PubMedPubDate>        </History>        <PublicationStatus>ppublish</PublicationStatus>        <ArticleIdList>            <ArticleId IdType="pubmed">13687571</ArticleId>        </ArticleIdList>    </PubmedData></PubmedArticle><PubmedArticle>    <MedlineCitation Owner="NLM" Status="PubMed-not-MEDLINE">        <PMID Version="1">17798830</PMID>        <DateCreated>            <Year>2010</Year>            <Month>06</Month>            <Day>07</Day>        </DateCreated>        <DateCompleted>            <Year>2010</Year>            <Month>07</Month>            <Day>02</Day>        </DateCompleted>        <Article PubModel="Print">            <Journal>                <ISSN IssnType="Print">0036-8075</ISSN>                <JournalIssue CitedMedium="Print">                    <Volume>132</Volume>                    <Issue>3426</Issue>                    <PubDate>                        <Year>1960</Year>                        <Month>Aug</Month>                        <Day>26</Day>                    </PubDate>                </JournalIssue>                <Title>Science (New York, N.Y.)</Title>                <ISOAbbreviation>Science</ISOAbbreviation>            </Journal>            <ArticleTitle>Transmissible Agent Associated with 26 Types of Experimental Mouse Neoplasms.</ArticleTitle>            <Pagination>                <MedlinePgn>545-7</MedlinePgn>            </Pagination>            <Abstract>                <AbstractText>A transmissible agent or factor has been found to be associated with all transplanted and spontaneous experimental tumors examined. This observation was made possible by utilization of a biochemical response of normal animals when inoculated with plasma or organ extracts from tumor-bearing hosts. This transmissible enzymic &quot;lesion&quot; is expressed by a five- to tenfold increase in the plasma lactic dehydrogenase activity of the injected normal test animals. The factor is heat labile, passes through bacteria-retaining filters, but is nondialyzable. It is partially sedimented by centrifugation at 100,000g for 1 hour.</AbstractText>            </Abstract>            <AuthorList CompleteYN="Y">                <Author ValidYN="Y">                    <LastName>Riley</LastName>                    <ForeName>V</ForeName>                    <Initials>V</Initials>                </Author>                <Author ValidYN="Y">                    <LastName>Lilly</LastName>                    <ForeName>F</ForeName>                    <Initials>F</Initials>                </Author>                <Author ValidYN="Y">                    <LastName>Huerto</LastName>                    <ForeName>E</ForeName>                    <Initials>E</Initials>                </Author>                <Author ValidYN="Y">                    <LastName>Bardell</LastName>                    <ForeName>D</ForeName>                    <Initials>D</Initials>                </Author>            </AuthorList>            <Language>eng</Language>            <PublicationTypeList>                <PublicationType UI="D016428">Journal Article</PublicationType>            </PublicationTypeList>        </Article>        <MedlineJournalInfo>            <Country>United States</Country>            <MedlineTA>Science</MedlineTA>            <NlmUniqueID>0404511</NlmUniqueID>            <ISSNLinking>0036-8075</ISSNLinking>        </MedlineJournalInfo>    </MedlineCitation>    <PubmedData>        <History>            <PubMedPubDate PubStatus="pubmed">                <Year>1960</Year>                <Month>8</Month>                <Day>26</Day>                <Hour>0</Hour>                <Minute>0</Minute>            </PubMedPubDate>            <PubMedPubDate PubStatus="medline">                <Year>1960</Year>                <Month>8</Month>                <Day>26</Day>                <Hour>0</Hour>                <Minute>1</Minute>            </PubMedPubDate>            <PubMedPubDate PubStatus="entrez">                <Year>1960</Year>                <Month>8</Month>                <Day>26</Day>                <Hour>0</Hour>                <Minute>0</Minute>            </PubMedPubDate>        </History>        <PublicationStatus>ppublish</PublicationStatus>        <ArticleIdList>            <ArticleId IdType="pii">132/3426/545</ArticleId>            <ArticleId IdType="doi">10.1126/science.132.3426.545</ArticleId>            <ArticleId IdType="pubmed">17798830</ArticleId>        </ArticleIdList>    </PubmedData></PubmedArticle><PubmedArticle>    <MedlineCitation Owner="NLM" Status="PubMed-not-MEDLINE">        <PMID Version="1">17756967</PMID>        <DateCreated>            <Year>2010</Year>            <Month>06</Month>            <Day>07</Day>        </DateCreated>        <DateCompleted>            <Year>2010</Year>            <Month>07</Month>            <Day>02</Day>        </DateCompleted>        <Article PubModel="Print">            <Journal>                <ISSN IssnType="Print">0036-8075</ISSN>                <JournalIssue CitedMedium="Print">                    <Volume>132</Volume>                    <Issue>3424</Issue>                    <PubDate>                        <Year>1960</Year>                        <Month>Aug</Month>                        <Day>12</Day>                    </PubDate>                </JournalIssue>                <Title>Science (New York, N.Y.)</Title>                <ISOAbbreviation>Science</ISOAbbreviation>            </Journal>            <ArticleTitle>Jury Decides Cigarettes Caused Lung Cancer But Company Is Not Liable.</ArticleTitle>            <Pagination>                <MedlinePgn>404-7</MedlinePgn>            </Pagination>            <Language>eng</Language>            <PublicationTypeList>                <PublicationType UI="D016428">Journal Article</PublicationType>            </PublicationTypeList>        </Article>        <MedlineJournalInfo>            <Country>United States</Country>            <MedlineTA>Science</MedlineTA>            <NlmUniqueID>0404511</NlmUniqueID>            <ISSNLinking>0036-8075</ISSNLinking>        </MedlineJournalInfo>    </MedlineCitation>    <PubmedData>        <History>            <PubMedPubDate PubStatus="pubmed">                <Year>1960</Year>                <Month>8</Month>                <Day>12</Day>                <Hour>0</Hour>                <Minute>0</Minute>            </PubMedPubDate>            <PubMedPubDate PubStatus="medline">                <Year>1960</Year>                <Month>8</Month>                <Day>12</Day>                <Hour>0</Hour>                <Minute>1</Minute>            </PubMedPubDate>            <PubMedPubDate PubStatus="entrez">                <Year>1960</Year>                <Month>8</Month>                <Day>12</Day>                <Hour>0</Hour>                <Minute>0</Minute>            </PubMedPubDate>        </History>        <PublicationStatus>ppublish</PublicationStatus>        <ArticleIdList>            <ArticleId IdType="pii">132/3424/404-a</ArticleId>            <ArticleId IdType="doi">10.1126/science.132.3424.404-a</ArticleId>            <ArticleId IdType="pubmed">17756967</ArticleId>        </ArticleIdList>    </PubmedData></PubmedArticle><PubmedArticle>    <MedlineCitation Owner="NLM" Status="MEDLINE">        <PMID Version="1">14408116</PMID>        <DateCreated>            <Year>1960</Year>            <Month>12</Month>            <Day>01</Day>        </DateCreated>        <DateCompleted>            <Year>1998</Year>            <Month>11</Month>            <Day>01</Day>        </DateCompleted>        <DateRevised>            <Year>2011</Year>            <Month>12</Month>            <Day>02</Day>        </DateRevised>        <Article PubModel="Print">            <Journal>                <ISSN IssnType="Print">0036-8075</ISSN>                <JournalIssue CitedMedium="Print">                    <Volume>132</Volume>                    <Issue>3422</Issue>                    <PubDate>                        <Year>1960</Year>                        <Month>Jul</Month>                        <Day>29</Day>                    </PubDate>                </JournalIssue>                <Title>Science (New York, N.Y.)</Title>                <ISOAbbreviation>Science</ISOAbbreviation>            </Journal>            <ArticleTitle>Antithyroid effects of aminotriazole.</ArticleTitle>            <Pagination>                <MedlinePgn>296-7</MedlinePgn>            </Pagination>            <Abstract>                <AbstractText>Aminotriazole, Like other antithyroid compounds and low-iodine diets, produces adenomatous changes in the thyroid glands of rats when fed continuously for long periods. Such changes are reversible if the antithyroid regime is discontinued. The antithyroid compounds that are naturally present in food are not regarded as causes of cancer.</AbstractText>            </Abstract>            <AuthorList CompleteYN="Y">                <Author ValidYN="Y">                    <LastName>JUKES</LastName>                    <ForeName>T H</ForeName>                    <Initials>TH</Initials>                </Author>                <Author ValidYN="Y">                    <LastName>SHAFFER</LastName>                    <ForeName>C B</ForeName>                    <Initials>CB</Initials>                </Author>            </AuthorList>            <Language>eng</Language>            <PublicationTypeList>                <PublicationType UI="D016428">Journal Article</PublicationType>            </PublicationTypeList>        </Article>        <MedlineJournalInfo>            <Country>Not Available</Country>            <MedlineTA>Science</MedlineTA>            <NlmUniqueID>0404511</NlmUniqueID>            <ISSNLinking>0036-8075</ISSNLinking>        </MedlineJournalInfo>        <ChemicalList>            <Chemical>                <RegistryNumber>0</RegistryNumber>                <NameOfSubstance UI="D006540">Herbicides</NameOfSubstance>            </Chemical>        </ChemicalList>        <CitationSubset>OM</CitationSubset>        <MeshHeadingList>            <MeshHeading>                <DescriptorName MajorTopicYN="N" UI="D006540">Herbicides</DescriptorName>                <QualifierName MajorTopicYN="Y" UI="Q000494">pharmacology</QualifierName>            </MeshHeading>            <MeshHeading>                <DescriptorName MajorTopicYN="N" UI="D013961">Thyroid Gland</DescriptorName>                <QualifierName MajorTopicYN="Y" UI="Q000494">pharmacology</QualifierName>            </MeshHeading>        </MeshHeadingList>        <KeywordList Owner="NLM">            <Keyword MajorTopicYN="Y">HERBICIDES/pharmacology</Keyword>            <Keyword MajorTopicYN="Y">THYROID GLAND/pharmacology</Keyword>        </KeywordList>    </MedlineCitation>    <PubmedData>        <History>            <PubMedPubDate PubStatus="pubmed">                <Year>1960</Year>                <Month>7</Month>                <Day>29</Day>            </PubMedPubDate>            <PubMedPubDate PubStatus="medline">                <Year>1960</Year>                <Month>7</Month>                <Day>29</Day>                <Hour>0</Hour>                <Minute>1</Minute>            </PubMedPubDate>            <PubMedPubDate PubStatus="entrez">                <Year>1960</Year>                <Month>7</Month>                <Day>29</Day>                <Hour>0</Hour>                <Minute>0</Minute>            </PubMedPubDate>        </History>        <PublicationStatus>ppublish</PublicationStatus>        <ArticleIdList>            <ArticleId IdType="pubmed">14408116</ArticleId>        </ArticleIdList>    </PubmedData></PubmedArticle><PubmedArticle>    <MedlineCitation Owner="NLM" Status="MEDLINE">        <PMID Version="1">13799157</PMID>        <DateCreated>            <Year>1960</Year>            <Month>12</Month>            <Day>01</Day>        </DateCreated>        <DateCompleted>            <Year>1998</Year>            <Month>11</Month>            <Day>01</Day>        </DateCompleted>        <DateRevised>            <Year>2011</Year>            <Month>12</Month>            <Day>02</Day>        </DateRevised>        <Article PubModel="Print">            <Journal>                <ISSN IssnType="Print">0036-8075</ISSN>                <JournalIssue CitedMedium="Print">                    <Volume>132</Volume>                    <Issue>3418</Issue>                    <PubDate>                        <Year>1960</Year>                        <Month>Jul</Month>                        <Day>1</Day>                    </PubDate>                </JournalIssue>                <Title>Science (New York, N.Y.)</Title>                <ISOAbbreviation>Science</ISOAbbreviation>            </Journal>            <ArticleTitle>Possible two-stage mechanism in experimental leukemogenesis.</ArticleTitle>            <Pagination>                <MedlinePgn>40-1</MedlinePgn>            </Pagination>            <Abstract>                <AbstractText>The augmenting influence of urethan on leukemogenesis by x-radiation in mice has been found to operate when the urethan treatment follows the radiation, but not when the sequence is reversed. The result is in keeping with the idea that urethan acts as a promoting factor in leukemogenesis, as defined by the twostage mechanism hypothesis of carcinogenesis. It may also have a practical bearing on leukemia development in man.</AbstractText>            </Abstract>            <AuthorList CompleteYN="Y">                <Author ValidYN="Y">                    <LastName>BERENBLUM</LastName>                    <ForeName>I</ForeName>                    <Initials>I</Initials>                </Author>                <Author ValidYN="Y">                    <LastName>TRAININ</LastName>                    <ForeName>N</ForeName>                    <Initials>N</Initials>                </Author>            </AuthorList>            <Language>eng</Language>            <PublicationTypeList>                <PublicationType UI="D016428">Journal Article</PublicationType>            </PublicationTypeList>        </Article>        <MedlineJournalInfo>            <Country>Not Available</Country>            <MedlineTA>Science</MedlineTA>            <NlmUniqueID>0404511</NlmUniqueID>            <ISSNLinking>0036-8075</ISSNLinking>        </MedlineJournalInfo>        <CitationSubset>OM</CitationSubset>        <MeshHeadingList>            <MeshHeading>                <DescriptorName MajorTopicYN="Y" UI="D007942">Leukemia, Experimental</DescriptorName>            </MeshHeading>        </MeshHeadingList>        <KeywordList Owner="NLM">            <Keyword MajorTopicYN="Y">LEUKEMIA/experimental</Keyword>        </KeywordList>    </MedlineCitation>    <PubmedData>        <History>            <PubMedPubDate PubStatus="pubmed">                <Year>1960</Year>                <Month>7</Month>                <Day>1</Day>            </PubMedPubDate>            <PubMedPubDate PubStatus="medline">                <Year>1960</Year>                <Month>7</Month>                <Day>1</Day>                <Hour>0</Hour>                <Minute>1</Minute>            </PubMedPubDate>            <PubMedPubDate PubStatus="entrez">                <Year>1960</Year>                <Month>7</Month>                <Day>1</Day>                <Hour>0</Hour>                <Minute>0</Minute>            </PubMedPubDate>        </History>        <PublicationStatus>ppublish</PublicationStatus>        <ArticleIdList>            <ArticleId IdType="pubmed">13799157</ArticleId>        </ArticleIdList>    </PubmedData></PubmedArticle><PubmedArticle>    <MedlineCitation Owner="NLM" Status="MEDLINE">        <PMID Version="1">13794080</PMID>        <DateCreated>            <Year>1960</Year>            <Month>12</Month>            <Day>01</Day>        </DateCreated>        <DateCompleted>            <Year>1998</Year>            <Month>11</Month>            <Day>01</Day>        </DateCompleted>        <DateRevised>            <Year>2013</Year>            <Month>11</Month>            <Day>21</Day>        </DateRevised>        <Article PubModel="Print">            <Journal>                <ISSN IssnType="Print">0036-8075</ISSN>                <JournalIssue CitedMedium="Print">                    <Volume>131</Volume>                    <Issue>3416</Issue>                    <PubDate>                        <Year>1960</Year>                        <Month>Jun</Month>                        <Day>17</Day>                    </PubDate>                </JournalIssue>                <Title>Science (New York, N.Y.)</Title>                <ISOAbbreviation>Science</ISOAbbreviation>            </Journal>            <ArticleTitle>Life shortening and tumor production by strontium-90.</ArticleTitle>            <Pagination>                <MedlinePgn>1808-9</MedlinePgn>            </Pagination>            <Abstract>                <AbstractText>A linear relationship between dose of internal radiation and two effects, which implies no threshold, is shown to be a possible interpretation of data given by Finkel in &quot;Mice, men and fallout&quot; (1). This interpretation is at variance with that offered by Finkel, which was that the dose-effect relationship is nonlinear and indicates a threshold.</AbstractText>            </Abstract>            <AuthorList CompleteYN="Y">                <Author ValidYN="Y">                    <LastName>ARCHER</LastName>                    <ForeName>V E</ForeName>                    <Initials>VE</Initials>                </Author>                <Author ValidYN="Y">                    <LastName>CARROLL</LastName>                    <ForeName>B E</ForeName>                    <Initials>BE</Initials>                </Author>            </AuthorList>            <Language>eng</Language>            <PublicationTypeList>                <PublicationType UI="D016428">Journal Article</PublicationType>            </PublicationTypeList>        </Article>        <MedlineJournalInfo>            <Country>Not Available</Country>            <MedlineTA>Science</MedlineTA>            <NlmUniqueID>0404511</NlmUniqueID>            <ISSNLinking>0036-8075</ISSNLinking>        </MedlineJournalInfo>        <ChemicalList>            <Chemical>                <RegistryNumber>YZS2RPE8LE</RegistryNumber>                <NameOfSubstance UI="D013324">Strontium</NameOfSubstance>            </Chemical>        </ChemicalList>        <CitationSubset>OM</CitationSubset>        <MeshHeadingList>            <MeshHeading>                <DescriptorName MajorTopicYN="Y" UI="D009374">Neoplasms, Experimental</DescriptorName>            </MeshHeading>            <MeshHeading>                <DescriptorName MajorTopicYN="N" UI="D013324">Strontium</DescriptorName>                <QualifierName MajorTopicYN="Y" UI="Q000633">toxicity</QualifierName>            </MeshHeading>        </MeshHeadingList>        <KeywordList Owner="NLM">            <Keyword MajorTopicYN="Y">NEOPLASMS/experimental</Keyword>            <Keyword MajorTopicYN="Y">STRONTIUM/toxicology</Keyword>        </KeywordList>    </MedlineCitation>    <PubmedData>        <History>            <PubMedPubDate PubStatus="pubmed">                <Year>1960</Year>                <Month>6</Month>                <Day>17</Day>            </PubMedPubDate>            <PubMedPubDate PubStatus="medline">                <Year>1960</Year>                <Month>6</Month>                <Day>17</Day>                <Hour>0</Hour>                <Minute>1</Minute>            </PubMedPubDate>            <PubMedPubDate PubStatus="entrez">                <Year>1960</Year>                <Month>6</Month>                <Day>17</Day>                <Hour>0</Hour>                <Minute>0</Minute>            </PubMedPubDate>        </History>        <PublicationStatus>ppublish</PublicationStatus>        <ArticleIdList>            <ArticleId IdType="pubmed">13794080</ArticleId>        </ArticleIdList>    </PubmedData></PubmedArticle><PubmedArticle>    <MedlineCitation Owner="NLM" Status="MEDLINE">        <PMID Version="1">14409713</PMID>        <DateCreated>            <Year>1960</Year>            <Month>12</Month>            <Day>01</Day>        </DateCreated>        <DateCompleted>            <Year>1998</Year>            <Month>11</Month>            <Day>01</Day>        </DateCompleted>        <DateRevised>            <Year>2011</Year>            <Month>12</Month>            <Day>01</Day>        </DateRevised>        <Article PubModel="Print">            <Journal>                <ISSN IssnType="Print">0036-8075</ISSN>                <JournalIssue CitedMedium="Print">                    <Volume>131</Volume>                    <Issue>3413</Issue>                    <PubDate>                        <Year>1960</Year>                        <Month>May</Month>                        <Day>27</Day>                    </PubDate>                </JournalIssue>                <Title>Science (New York, N.Y.)</Title>                <ISOAbbreviation>Science</ISOAbbreviation>            </Journal>            <ArticleTitle>On the presumed sterile induction of plant tumors.</ArticleTitle>            <Pagination>                <MedlinePgn>1612</MedlinePgn>            </Pagination>            <Abstract>                <AbstractText>A cooperative reinvestigation of the possibility that filtrates of crowngall bacterial cultures can induce autonomous tumors in plants has been conducted. The results indicate that the neoplasms formed after treatment do not fulfill the criteria for crown gall since they are not autonomous.</AbstractText>            </Abstract>            <AuthorList CompleteYN="Y">                <Author ValidYN="Y">                    <LastName>KLEIN</LastName>                    <ForeName>R M</ForeName>                    <Initials>RM</Initials>                </Author>                <Author ValidYN="Y">                    <LastName>BRAUN</LastName>                    <ForeName>A C</ForeName>                    <Initials>AC</Initials>                </Author>            </AuthorList>            <Language>eng</Language>            <PublicationTypeList>                <PublicationType UI="D016428">Journal Article</PublicationType>            </PublicationTypeList>        </Article>        <MedlineJournalInfo>            <Country>Not Available</Country>            <MedlineTA>Science</MedlineTA>            <NlmUniqueID>0404511</NlmUniqueID>            <ISSNLinking>0036-8075</ISSNLinking>        </MedlineJournalInfo>        <CitationSubset>OM</CitationSubset>        <MeshHeadingList>            <MeshHeading>                <DescriptorName MajorTopicYN="Y" UI="D009374">Neoplasms, Experimental</DescriptorName>            </MeshHeading>            <MeshHeading>                <DescriptorName MajorTopicYN="Y" UI="D010944">Plants</DescriptorName>            </MeshHeading>        </MeshHeadingList>        <KeywordList Owner="NLM">            <Keyword MajorTopicYN="Y">NEOPLASMS/experimental</Keyword>            <Keyword MajorTopicYN="Y">PLANTS</Keyword>        </KeywordList>    </MedlineCitation>    <PubmedData>        <History>            <PubMedPubDate PubStatus="pubmed">                <Year>1960</Year>                <Month>5</Month>                <Day>27</Day>            </PubMedPubDate>            <PubMedPubDate PubStatus="medline">                <Year>1960</Year>                <Month>5</Month>                <Day>27</Day>                <Hour>0</Hour>                <Minute>1</Minute>            </PubMedPubDate>            <PubMedPubDate PubStatus="entrez">                <Year>1960</Year>                <Month>5</Month>                <Day>27</Day>                <Hour>0</Hour>                <Minute>0</Minute>            </PubMedPubDate>        </History>        <PublicationStatus>ppublish</PublicationStatus>        <ArticleIdList>            <ArticleId IdType="pubmed">14409713</ArticleId>        </ArticleIdList>    </PubmedData></PubmedArticle><PubmedArticle>    <MedlineCitation Owner="NLM" Status="OLDMEDLINE">        <PMID Version="1">13838835</PMID>        <DateCreated>            <Year>1960</Year>            <Month>12</Month>            <Day>01</Day>        </DateCreated>        <DateCompleted>            <Year>1998</Year>            <Month>11</Month>            <Day>01</Day>        </DateCompleted>        <DateRevised>            <Year>2011</Year>            <Month>12</Month>            <Day>02</Day>        </DateRevised>        <Article PubModel="Print">            <Journal>                <ISSN IssnType="Print">0036-8075</ISSN>                <JournalIssue CitedMedium="Print">                    <Volume>131</Volume>                    <Issue>3411</Issue>                    <PubDate>                        <Year>1960</Year>                        <Month>May</Month>                        <Day>13</Day>                    </PubDate>                </JournalIssue>                <Title>Science (New York, N.Y.)</Title>                <ISOAbbreviation>Science</ISOAbbreviation>            </Journal>            <ArticleTitle>Experimental production of mongoloid hamsters.</ArticleTitle>            <Pagination>                <MedlinePgn>1446-8</MedlinePgn>            </Pagination>            <Abstract>                <AbstractText>Hamsters injected at birth with fractions or cell-free filtrates of transplantable human tumor cells as well as certain tissues derived from human beings and rats carrying spontaneous cancers have developed a mongoloid deformity.</AbstractText>            </Abstract>            <AuthorList CompleteYN="Y">                <Author ValidYN="Y">                    <LastName>TOOLAN</LastName>                    <ForeName>H W</ForeName>                    <Initials>HW</Initials>                </Author>            </AuthorList>            <Language>eng</Language>            <PublicationTypeList>                <PublicationType UI="D016428">Journal Article</PublicationType>            </PublicationTypeList>        </Article>        <MedlineJournalInfo>            <Country>Not Available</Country>            <MedlineTA>Science</MedlineTA>            <NlmUniqueID>0404511</NlmUniqueID>            <ISSNLinking>0036-8075</ISSNLinking>        </MedlineJournalInfo>        <CitationSubset>OM</CitationSubset>        <MeshHeadingList>            <MeshHeading>                <DescriptorName MajorTopicYN="Y" UI="D009374">Neoplasms, Experimental</DescriptorName>            </MeshHeading>        </MeshHeadingList>        <KeywordList Owner="NLM">            <Keyword MajorTopicYN="Y">MONGOLISM/experimental</Keyword>            <Keyword MajorTopicYN="Y">NEOPLASMS/experimental</Keyword>        </KeywordList>    </MedlineCitation>    <PubmedData>        <History>            <PubMedPubDate PubStatus="pubmed">                <Year>1960</Year>                <Month>5</Month>                <Day>13</Day>            </PubMedPubDate>            <PubMedPubDate PubStatus="medline">                <Year>1960</Year>                <Month>5</Month>                <Day>13</Day>                <Hour>0</Hour>                <Minute>1</Minute>            </PubMedPubDate>            <PubMedPubDate PubStatus="entrez">                <Year>1960</Year>                <Month>5</Month>                <Day>13</Day>                <Hour>0</Hour>                <Minute>0</Minute>            </PubMedPubDate>        </History>        <PublicationStatus>ppublish</PublicationStatus>        <ArticleIdList>            <ArticleId IdType="pubmed">13838835</ArticleId>        </ArticleIdList>    </PubmedData></PubmedArticle><PubmedArticle>    <MedlineCitation Owner="NLM" Status="OLDMEDLINE">        <PMID Version="1">13799605</PMID>        <DateCreated>            <Year>1960</Year>            <Month>12</Month>            <Day>01</Day>        </DateCreated>        <DateCompleted>            <Year>1998</Year>            <Month>11</Month>            <Day>01</Day>        </DateCompleted>        <DateRevised>            <Year>2011</Year>            <Month>12</Month>            <Day>02</Day>        </DateRevised>        <Article PubModel="Print">            <Journal>                <ISSN IssnType="Print">0036-8075</ISSN>                <JournalIssue CitedMedium="Print">                    <Volume>131</Volume>                    <Issue>3406</Issue>                    <PubDate>                        <Year>1960</Year>                        <Month>Apr</Month>                        <Day>8</Day>                    </PubDate>                </JournalIssue>                <Title>Science (New York, N.Y.)</Title>                <ISOAbbreviation>Science</ISOAbbreviation>            </Journal>            <ArticleTitle>Nature of the hormonal influence in mouse mammary cancer.</ArticleTitle>            <Pagination>                <MedlinePgn>1039-40</MedlinePgn>            </Pagination>            <Abstract>                <AbstractText>New findings indicate that hormones may play a permissive role, rather than an inductive one, in mammary tumorigenesis. Hormones supporting normal gland development may result in the emergence of precancerous lesions; hormones maintaining such hyperplastic lesions may result in the emergence of tumors. The &quot;inherited hormonal influence&quot; may rest in genetically determined sensitivity of mammary tissue to somatotropin.</AbstractText>            </Abstract>            <AuthorList CompleteYN="Y">                <Author ValidYN="Y">                    <LastName>BERN</LastName>                    <ForeName>H A</ForeName>                    <Initials>HA</Initials>                </Author>            </AuthorList>            <Language>eng</Language>            <PublicationTypeList>                <PublicationType UI="D016428">Journal Article</PublicationType>            </PublicationTypeList>        </Article>        <MedlineJournalInfo>            <Country>Not Available</Country>            <MedlineTA>Science</MedlineTA>            <NlmUniqueID>0404511</NlmUniqueID>            <ISSNLinking>0036-8075</ISSNLinking>        </MedlineJournalInfo>        <ChemicalList>            <Chemical>                <RegistryNumber>0</RegistryNumber>                <NameOfSubstance UI="D006728">Hormones</NameOfSubstance>            </Chemical>        </ChemicalList>        <CitationSubset>OM</CitationSubset>        <MeshHeadingList>            <MeshHeading>                <DescriptorName MajorTopicYN="N" UI="D006728">Hormones</DescriptorName>                <QualifierName MajorTopicYN="Y" UI="Q000494">pharmacology</QualifierName>            </MeshHeading>        </MeshHeadingList>        <KeywordList Owner="NLM">            <Keyword MajorTopicYN="Y">BREAST NEOPLASMS/experimental</Keyword>            <Keyword MajorTopicYN="Y">CARCINOMA, DUCTAL/experimental</Keyword>            <Keyword MajorTopicYN="Y">HORMONES/pharmacology</Keyword>        </KeywordList>    </MedlineCitation>    <PubmedData>        <History>            <PubMedPubDate PubStatus="pubmed">                <Year>1960</Year>                <Month>4</Month>                <Day>8</Day>            </PubMedPubDate>            <PubMedPubDate PubStatus="medline">                <Year>1960</Year>                <Month>4</Month>                <Day>8</Day>                <Hour>0</Hour>                <Minute>1</Minute>            </PubMedPubDate>            <PubMedPubDate PubStatus="entrez">                <Year>1960</Year>                <Month>4</Month>                <Day>8</Day>                <Hour>0</Hour>                <Minute>0</Minute>            </PubMedPubDate>        </History>        <PublicationStatus>ppublish</PublicationStatus>        <ArticleIdList>            <ArticleId IdType="pubmed">13799605</ArticleId>        </ArticleIdList>    </PubmedData></PubmedArticle><PubmedArticle>    <MedlineCitation Owner="NLM" Status="MEDLINE">        <PMID Version="1">14430644</PMID>        <DateCreated>            <Year>1960</Year>            <Month>12</Month>            <Day>01</Day>        </DateCreated>        <DateCompleted>            <Year>1998</Year>            <Month>11</Month>            <Day>01</Day>        </DateCompleted>        <DateRevised>            <Year>2011</Year>            <Month>12</Month>            <Day>01</Day>        </DateRevised>        <Article PubModel="Print">            <Journal>                <ISSN IssnType="Print">0036-8075</ISSN>                <JournalIssue CitedMedium="Print">                    <Volume>131</Volume>                    <Issue>3404</Issue>                    <PubDate>                        <Year>1960</Year>                        <Month>Mar</Month>                        <Day>25</Day>                    </PubDate>                </JournalIssue>                <Title>Science (New York, N.Y.)</Title>                <ISOAbbreviation>Science</ISOAbbreviation>            </Journal>            <ArticleTitle>Suppression of radiation-induced tumorization in fern prothalli.</ArticleTitle>            <Pagination>                <MedlinePgn>926-7</MedlinePgn>            </Pagination>            <Abstract>                <AbstractText>By quantitative techniques it has been shown that the expected tumor frequency after x-irradiation of spores of the fern Pteridium aquilinum can be reduced by the addition of casein hydrolyzate or amino acids to the medium upon which the spores are germinated and grown into either prothalli or tumors.</AbstractText>            </Abstract>            <AuthorList CompleteYN="Y">                <Author ValidYN="Y">                    <LastName>PARTANEN</LastName>                    <ForeName>C R</ForeName>                    <Initials>CR</Initials>                </Author>            </AuthorList>            <Language>eng</Language>            <PublicationTypeList>                <PublicationType UI="D016428">Journal Article</PublicationType>            </PublicationTypeList>        </Article>        <MedlineJournalInfo>            <Country>Not Available</Country>            <MedlineTA>Science</MedlineTA>            <NlmUniqueID>0404511</NlmUniqueID>            <ISSNLinking>0036-8075</ISSNLinking>        </MedlineJournalInfo>        <ChemicalList>            <Chemical>                <RegistryNumber>0</RegistryNumber>                <NameOfSubstance UI="D000596">Amino Acids</NameOfSubstance>            </Chemical>        </ChemicalList>        <CitationSubset>OM</CitationSubset>        <MeshHeadingList>            <MeshHeading>                <DescriptorName MajorTopicYN="N" UI="D000596">Amino Acids</DescriptorName>                <QualifierName MajorTopicYN="Y" UI="Q000494">pharmacology</QualifierName>            </MeshHeading>            <MeshHeading>                <DescriptorName MajorTopicYN="Y" UI="D009374">Neoplasms, Experimental</DescriptorName>            </MeshHeading>            <MeshHeading>                <DescriptorName MajorTopicYN="N" UI="D010944">Plants</DescriptorName>                <QualifierName MajorTopicYN="Y" UI="Q000528">radiation effects</QualifierName>            </MeshHeading>        </MeshHeadingList>        <KeywordList Owner="NLM">            <Keyword MajorTopicYN="Y">AMINO ACIDS/pharmacology</Keyword>            <Keyword MajorTopicYN="Y">NEOPLASMS/experimental</Keyword>            <Keyword MajorTopicYN="Y">PLANTS/radiation effects</Keyword>        </KeywordList>    </MedlineCitation>    <PubmedData>        <History>            <PubMedPubDate PubStatus="pubmed">                <Year>1960</Year>                <Month>3</Month>                <Day>25</Day>            </PubMedPubDate>            <PubMedPubDate PubStatus="medline">                <Year>1960</Year>                <Month>3</Month>                <Day>25</Day>                <Hour>0</Hour>                <Minute>1</Minute>            </PubMedPubDate>            <PubMedPubDate PubStatus="entrez">                <Year>1960</Year>                <Month>3</Month>                <Day>25</Day>                <Hour>0</Hour>                <Minute>0</Minute>            </PubMedPubDate>        </History>        <PublicationStatus>ppublish</PublicationStatus>        <ArticleIdList>            <ArticleId IdType="pubmed">14430644</ArticleId>        </ArticleIdList>    </PubmedData></PubmedArticle><PubmedArticle>    <MedlineCitation Owner="NLM" Status="MEDLINE">        <PMID Version="1">13815091</PMID>        <DateCreated>            <Year>1960</Year>            <Month>12</Month>            <Day>01</Day>        </DateCreated>        <DateCompleted>            <Year>1998</Year>            <Month>11</Month>            <Day>01</Day>        </DateCompleted>        <DateRevised>            <Year>2011</Year>            <Month>11</Month>            <Day>30</Day>        </DateRevised>        <Article PubModel="Print">            <Journal>                <ISSN IssnType="Print">0036-8075</ISSN>                <JournalIssue CitedMedium="Print">                    <Volume>131</Volume>                    <Issue>3402</Issue>                    <PubDate>                        <Year>1960</Year>                        <Month>Mar</Month>                        <Day>11</Day>                    </PubDate>                </JournalIssue>                <Title>Science (New York, N.Y.)</Title>                <ISOAbbreviation>Science</ISOAbbreviation>            </Journal>            <ArticleTitle>Cytological instability in tumors of Picea glauca.</ArticleTitle>            <Pagination>                <MedlinePgn>730-2</MedlinePgn>            </Pagination>            <Abstract>                <AbstractText>Smear preparations of cells taken from primary explants of normal and adjacent tumor wood of Picea glauca showed completely regular mitotic behavior in the normal cells, with the great majority of cells diploid (22 chromosomes), a few tetraploid, but almost none aneuploid. Tumor tissue was extremely unstable, with numbers ranging from 3 to more than 70, with a high proportion of aneuploids but otherwise normal-appearing mitoses. The relation of this mitotic instability to other data on these tumors is pointed out.</AbstractText>            </Abstract>            <AuthorList CompleteYN="Y">                <Author ValidYN="Y">                    <LastName>DE TOROK</LastName>                    <ForeName>D</ForeName>                    <Initials>D</Initials>                </Author>                <Author ValidYN="Y">                    <LastName>WHITE</LastName>                    <ForeName>P R</ForeName>                    <Initials>PR</Initials>                </Author>            </AuthorList>            <Language>eng</Language>            <PublicationTypeList>                <PublicationType UI="D016428">Journal Article</PublicationType>            </PublicationTypeList>        </Article>        <MedlineJournalInfo>            <Country>Not Available</Country>            <MedlineTA>Science</MedlineTA>            <NlmUniqueID>0404511</NlmUniqueID>            <ISSNLinking>0036-8075</ISSNLinking>        </MedlineJournalInfo>        <CitationSubset>OM</CitationSubset>        <MeshHeadingList>            <MeshHeading>                <DescriptorName MajorTopicYN="Y" UI="D009374">Neoplasms, Experimental</DescriptorName>            </MeshHeading>            <MeshHeading>                <DescriptorName MajorTopicYN="Y" UI="D014197">Trees</DescriptorName>            </MeshHeading>        </MeshHeadingList>        <KeywordList Owner="NLM">            <Keyword MajorTopicYN="Y">NEOPLASMS/experimental</Keyword>            <Keyword MajorTopicYN="Y">TREES</Keyword>        </KeywordList>    </MedlineCitation>    <PubmedData>        <History>            <PubMedPubDate PubStatus="pubmed">                <Year>1960</Year>                <Month>3</Month>                <Day>11</Day>            </PubMedPubDate>            <PubMedPubDate PubStatus="medline">                <Year>1960</Year>                <Month>3</Month>                <Day>11</Day>                <Hour>0</Hour>                <Minute>1</Minute>            </PubMedPubDate>            <PubMedPubDate PubStatus="entrez">                <Year>1960</Year>                <Month>3</Month>                <Day>11</Day>                <Hour>0</Hour>                <Minute>0</Minute>            </PubMedPubDate>        </History>        <PublicationStatus>ppublish</PublicationStatus>        <ArticleIdList>            <ArticleId IdType="pubmed">13815091</ArticleId>        </ArticleIdList>    </PubmedData></PubmedArticle><PubmedArticle>    <MedlineCitation Owner="NLM" Status="MEDLINE">        <PMID Version="1">14408549</PMID>        <DateCreated>            <Year>1960</Year>            <Month>12</Month>            <Day>01</Day>        </DateCreated>        <DateCompleted>            <Year>1998</Year>            <Month>11</Month>            <Day>01</Day>        </DateCompleted>        <DateRevised>            <Year>2011</Year>            <Month>12</Month>            <Day>01</Day>        </DateRevised>        <Article PubModel="Print">            <Journal>                <ISSN IssnType="Print">0036-8075</ISSN>                <JournalIssue CitedMedium="Print">                    <Volume>131</Volume>                    <Issue>3401</Issue>                    <PubDate>                        <Year>1960</Year>                        <Month>Mar</Month>                        <Day>4</Day>                    </PubDate>                </JournalIssue>                <Title>Science (New York, N.Y.)</Title>                <ISOAbbreviation>Science</ISOAbbreviation>            </Journal>            <ArticleTitle>Selective uptake of serum globulins and glycoproteins by cells growing in vitro.</ArticleTitle>            <Pagination>                <MedlinePgn>666-8</MedlinePgn>            </Pagination>            <Abstract>                <AbstractText>It has been demonstrated in preliminary experiments that two strains of rat tumor cells (WRC-256 and TSAT-72) utilize alpha-2-globulin more selectively than other protein components of human serum. Cells of strain TSAT-72 show some utilization of beta-globulins also. Separate experiments demonstrated the utilization of glycoproteins by both strains.</AbstractText>            </Abstract>            <AuthorList CompleteYN="Y">                <Author ValidYN="Y">                    <LastName>KENT</LastName>                    <ForeName>H N</ForeName>                    <Initials>HN</Initials>                </Author>                <Author ValidYN="Y">                    <LastName>GEY</LastName>                    <ForeName>G O</ForeName>                    <Initials>GO</Initials>                </Author>            </AuthorList>            <Language>eng</Language>            <PublicationTypeList>                <PublicationType UI="D016428">Journal Article</PublicationType>            </PublicationTypeList>        </Article>        <MedlineJournalInfo>            <Country>Not Available</Country>            <MedlineTA>Science</MedlineTA>            <NlmUniqueID>0404511</NlmUniqueID>            <ISSNLinking>0036-8075</ISSNLinking>        </MedlineJournalInfo>        <ChemicalList>            <Chemical>                <RegistryNumber>0</RegistryNumber>                <NameOfSubstance UI="D006023">Glycoproteins</NameOfSubstance>            </Chemical>            <Chemical>                <RegistryNumber>0</RegistryNumber>                <NameOfSubstance UI="D012712">Serum Globulins</NameOfSubstance>            </Chemical>        </ChemicalList>        <CitationSubset>OM</CitationSubset>        <MeshHeadingList>            <MeshHeading>                <DescriptorName MajorTopicYN="N" UI="D006023">Glycoproteins</DescriptorName>                <QualifierName MajorTopicYN="Y" UI="Q000097">blood</QualifierName>            </MeshHeading>            <MeshHeading>                <DescriptorName MajorTopicYN="N" UI="D009369">Neoplasms</DescriptorName>                <QualifierName MajorTopicYN="Y" UI="Q000378">metabolism</QualifierName>            </MeshHeading>            <MeshHeading>                <DescriptorName MajorTopicYN="N" UI="D012712">Serum Globulins</DescriptorName>                <QualifierName MajorTopicYN="Y" UI="Q000378">metabolism</QualifierName>            </MeshHeading>            <MeshHeading>                <DescriptorName MajorTopicYN="Y" UI="D046509">Tissue Culture Techniques</DescriptorName>            </MeshHeading>        </MeshHeadingList>        <KeywordList Owner="NLM">            <Keyword MajorTopicYN="Y">GLYCOPROTEINS/blood</Keyword>            <Keyword MajorTopicYN="Y">NEOPLASMS/metabolism</Keyword>            <Keyword MajorTopicYN="Y">SERUM GLOBULIN/metabolism</Keyword>            <Keyword MajorTopicYN="Y">TISSUE CULTURE</Keyword>        </KeywordList>    </MedlineCitation>    <PubmedData>        <History>            <PubMedPubDate PubStatus="pubmed">                <Year>1960</Year>                <Month>3</Month>                <Day>4</Day>            </PubMedPubDate>            <PubMedPubDate PubStatus="medline">                <Year>1960</Year>                <Month>3</Month>                <Day>4</Day>                <Hour>0</Hour>                <Minute>1</Minute>            </PubMedPubDate>            <PubMedPubDate PubStatus="entrez">                <Year>1960</Year>                <Month>3</Month>                <Day>4</Day>                <Hour>0</Hour>                <Minute>0</Minute>            </PubMedPubDate>        </History>        <PublicationStatus>ppublish</PublicationStatus>        <ArticleIdList>            <ArticleId IdType="pubmed">14408549</ArticleId>        </ArticleIdList>    </PubmedData></PubmedArticle><PubmedArticle>    <MedlineCitation Owner="NLM" Status="MEDLINE">        <PMID Version="1">14400862</PMID>        <DateCreated>            <Year>1960</Year>            <Month>12</Month>            <Day>01</Day>        </DateCreated>        <DateCompleted>            <Year>1998</Year>            <Month>11</Month>            <Day>01</Day>        </DateCompleted>        <DateRevised>            <Year>2011</Year>            <Month>12</Month>            <Day>01</Day>        </DateRevised>        <Article PubModel="Print">            <Journal>                <ISSN IssnType="Print">0036-8075</ISSN>                <JournalIssue CitedMedium="Print">                    <Volume>131</Volume>                    <Issue>3399</Issue>                    <PubDate>                        <Year>1960</Year>                        <Month>Feb</Month>                        <Day>19</Day>                    </PubDate>                </JournalIssue>                <Title>Science (New York, N.Y.)</Title>                <ISOAbbreviation>Science</ISOAbbreviation>            </Journal>            <ArticleTitle>Cornelius Packard Rhoads, leader in cancer research.</ArticleTitle>            <Pagination>                <MedlinePgn>486-7</MedlinePgn>            </Pagination>            <AuthorList CompleteYN="Y">                <Author ValidYN="Y">                    <LastName>HELLER</LastName>                    <ForeName>J R</ForeName>                    <Initials>JR</Initials>                </Author>            </AuthorList>            <Language>eng</Language>            <PublicationTypeList>                <PublicationType UI="D016428">Journal Article</PublicationType>            </PublicationTypeList>        </Article>        <MedlineJournalInfo>            <Country>Not Available</Country>            <MedlineTA>Science</MedlineTA>            <NlmUniqueID>0404511</NlmUniqueID>            <ISSNLinking>0036-8075</ISSNLinking>        </MedlineJournalInfo>        <CitationSubset>OM</CitationSubset>        <MeshHeadingList>            <MeshHeading>                <DescriptorName MajorTopicYN="Y" UI="D009369">Neoplasms</DescriptorName>            </MeshHeading>        </MeshHeadingList>        <KeywordList Owner="NLM">            <Keyword MajorTopicYN="Y">NEOPLASMS</Keyword>        </KeywordList>    </MedlineCitation>    <PubmedData>        <History>            <PubMedPubDate PubStatus="pubmed">                <Year>1960</Year>                <Month>2</Month>                <Day>19</Day>            </PubMedPubDate>            <PubMedPubDate PubStatus="medline">                <Year>1960</Year>                <Month>2</Month>                <Day>19</Day>                <Hour>0</Hour>                <Minute>1</Minute>            </PubMedPubDate>            <PubMedPubDate PubStatus="entrez">                <Year>1960</Year>                <Month>2</Month>                <Day>19</Day>                <Hour>0</Hour>                <Minute>0</Minute>            </PubMedPubDate>        </History>        <PublicationStatus>ppublish</PublicationStatus>        <ArticleIdList>            <ArticleId IdType="pubmed">14400862</ArticleId>        </ArticleIdList>    </PubmedData></PubmedArticle><PubmedArticle>    <MedlineCitation Owner="NLM" Status="PubMed-not-MEDLINE">        <PMID Version="1">17807197</PMID>        <DateCreated>            <Year>2010</Year>            <Month>06</Month>            <Day>07</Day>        </DateCreated>        <DateCompleted>            <Year>2010</Year>            <Month>07</Month>            <Day>02</Day>        </DateCompleted>        <Article PubModel="Print">            <Journal>                <ISSN IssnType="Print">0036-8075</ISSN>                <JournalIssue CitedMedium="Print">                    <Volume>131</Volume>                    <Issue>3398</Issue>                    <PubDate>                        <Year>1960</Year>                        <Month>Feb</Month>                        <Day>12</Day>                    </PubDate>                </JournalIssue>                <Title>Science (New York, N.Y.)</Title>                <ISOAbbreviation>Science</ISOAbbreviation>            </Journal>            <ArticleTitle>Community Cancer Control Program Launched by Health Service.</ArticleTitle>            <Pagination>                <MedlinePgn>401-2</MedlinePgn>            </Pagination>            <Language>eng</Language>            <PublicationTypeList>                <PublicationType UI="D016428">Journal Article</PublicationType>            </PublicationTypeList>        </Article>        <MedlineJournalInfo>            <Country>United States</Country>            <MedlineTA>Science</MedlineTA>            <NlmUniqueID>0404511</NlmUniqueID>            <ISSNLinking>0036-8075</ISSNLinking>        </MedlineJournalInfo>    </MedlineCitation>    <PubmedData>        <History>            <PubMedPubDate PubStatus="pubmed">                <Year>1960</Year>                <Month>2</Month>                <Day>12</Day>                <Hour>0</Hour>                <Minute>0</Minute>            </PubMedPubDate>            <PubMedPubDate PubStatus="medline">                <Year>1960</Year>                <Month>2</Month>                <Day>12</Day>                <Hour>0</Hour>                <Minute>1</Minute>            </PubMedPubDate>            <PubMedPubDate PubStatus="entrez">                <Year>1960</Year>                <Month>2</Month>                <Day>12</Day>                <Hour>0</Hour>                <Minute>0</Minute>            </PubMedPubDate>        </History>        <PublicationStatus>ppublish</PublicationStatus>        <ArticleIdList>            <ArticleId IdType="pii">131/3398/401</ArticleId>            <ArticleId IdType="doi">10.1126/science.131.3398.401</ArticleId>            <ArticleId IdType="pubmed">17807197</ArticleId>        </ArticleIdList>    </PubmedData></PubmedArticle><PubmedArticle>    <MedlineCitation Owner="NLM" Status="MEDLINE">        <PMID Version="1">13816112</PMID>        <DateCreated>            <Year>1960</Year>            <Month>12</Month>            <Day>01</Day>        </DateCreated>        <DateCompleted>            <Year>1998</Year>            <Month>11</Month>            <Day>01</Day>        </DateCompleted>        <DateRevised>            <Year>2011</Year>            <Month>12</Month>            <Day>01</Day>        </DateRevised>        <Article PubModel="Print">            <Journal>                <ISSN IssnType="Print">0036-8075</ISSN>                <JournalIssue CitedMedium="Print">                    <Volume>131</Volume>                    <Issue>3398</Issue>                    <PubDate>                        <Year>1960</Year>                        <Month>Feb</Month>                        <Day>12</Day>                    </PubDate>                </JournalIssue>                <Title>Science (New York, N.Y.)</Title>                <ISOAbbreviation>Science</ISOAbbreviation>            </Journal>            <ArticleTitle>In vitro culture of Ehrlich as cites tumor cells.</ArticleTitle>            <Pagination>                <MedlinePgn>419-20</MedlinePgn>            </Pagination>            <Abstract>                <AbstractText>The successful culturing and subculturing of ascites tumor cells for 80 odd days are described, as well as the growth pattern of these cells during this period. The cytological appearance of cells after 3 weeks in tissue culture and reinoculation into mice is also presented.</AbstractText>            </Abstract>            <AuthorList CompleteYN="Y">                <Author ValidYN="Y">                    <LastName>DESCHNER</LastName>                    <ForeName>E E</ForeName>                    <Initials>EE</Initials>                </Author>                <Author ValidYN="Y">                    <LastName>ALLEN</LastName>                    <ForeName>B R</ForeName>                    <Initials>BR</Initials>                </Author>            </AuthorList>            <Language>eng</Language>            <PublicationTypeList>                <PublicationType UI="D016428">Journal Article</PublicationType>            </PublicationTypeList>        </Article>        <MedlineJournalInfo>            <Country>Not Available</Country>            <MedlineTA>Science</MedlineTA>            <NlmUniqueID>0404511</NlmUniqueID>            <ISSNLinking>0036-8075</ISSNLinking>        </MedlineJournalInfo>        <CitationSubset>OM</CitationSubset>        <MeshHeadingList>            <MeshHeading>                <DescriptorName MajorTopicYN="Y" UI="D009374">Neoplasms, Experimental</DescriptorName>            </MeshHeading>            <MeshHeading>                <DescriptorName MajorTopicYN="Y" UI="D046509">Tissue Culture Techniques</DescriptorName>            </MeshHeading>        </MeshHeadingList>        <KeywordList Owner="NLM">            <Keyword MajorTopicYN="Y">NEOPLASMS/experimental</Keyword>            <Keyword MajorTopicYN="Y">TISSUE CULTURE</Keyword>        </KeywordList>    </MedlineCitation>    <PubmedData>        <History>            <PubMedPubDate PubStatus="pubmed">                <Year>1960</Year>                <Month>2</Month>                <Day>12</Day>            </PubMedPubDate>            <PubMedPubDate PubStatus="medline">                <Year>1960</Year>                <Month>2</Month>                <Day>12</Day>                <Hour>0</Hour>                <Minute>1</Minute>            </PubMedPubDate>            <PubMedPubDate PubStatus="entrez">                <Year>1960</Year>                <Month>2</Month>                <Day>12</Day>                <Hour>0</Hour>                <Minute>0</Minute>            </PubMedPubDate>        </History>        <PublicationStatus>ppublish</PublicationStatus>        <ArticleIdList>            <ArticleId IdType="pubmed">13816112</ArticleId>        </ArticleIdList>    </PubmedData></PubmedArticle><PubmedArticle>    <MedlineCitation Owner="NLM" Status="MEDLINE">        <PMID Version="1">13818874</PMID>        <DateCreated>            <Year>1960</Year>            <Month>12</Month>            <Day>01</Day>        </DateCreated>        <DateCompleted>            <Year>1998</Year>            <Month>11</Month>            <Day>01</Day>        </DateCompleted>        <DateRevised>            <Year>2011</Year>            <Month>11</Month>            <Day>30</Day>        </DateRevised>        <Article PubModel="Print">            <Journal>                <ISSN IssnType="Print">0036-8075</ISSN>                <JournalIssue CitedMedium="Print">                    <Volume>131</Volume>                    <Issue>3396</Issue>                    <PubDate>                        <Year>1960</Year>                        <Month>Jan</Month>                        <Day>29</Day>                    </PubDate>                </JournalIssue>                <Title>Science (New York, N.Y.)</Title>                <ISOAbbreviation>Science</ISOAbbreviation>            </Journal>            <ArticleTitle>Human and amphibian neoplasms compared.</ArticleTitle>            <Pagination>                <MedlinePgn>276-80</MedlinePgn>            </Pagination>            <AuthorList CompleteYN="Y">                <Author ValidYN="Y">                    <LastName>DURYEE</LastName>                    <ForeName>W R</ForeName>                    <Initials>WR</Initials>                </Author>                <Author ValidYN="Y">                    <LastName>LONG</LastName>                    <ForeName>M E</ForeName>                    <Initials>ME</Initials>                </Author>                <Author ValidYN="Y">                    <LastName>TAYLOR</LastName>                    <ForeName>H C</ForeName>                    <Initials>HC</Initials>                    <Suffix>Jr</Suffix>                </Author>                <Author ValidYN="Y">                    <LastName>McKELWAY</LastName>                    <ForeName>W P</ForeName>                    <Initials>WP</Initials>                </Author>                <Author ValidYN="Y">                    <LastName>EHRMANN</LastName>                    <ForeName>R L</ForeName>                    <Initials>RL</Initials>                </Author>            </AuthorList>            <Language>eng</Language>            <PublicationTypeList>                <PublicationType UI="D016428">Journal Article</PublicationType>            </PublicationTypeList>        </Article>        <MedlineJournalInfo>            <Country>Not Available</Country>            <MedlineTA>Science</MedlineTA>            <NlmUniqueID>0404511</NlmUniqueID>            <ISSNLinking>0036-8075</ISSNLinking>        </MedlineJournalInfo>        <CitationSubset>OM</CitationSubset>        <MeshHeadingList>            <MeshHeading>                <DescriptorName MajorTopicYN="N" UI="D009369">Neoplasms</DescriptorName>                <QualifierName MajorTopicYN="Y" UI="Q000473">pathology</QualifierName>            </MeshHeading>        </MeshHeadingList>        <KeywordList Owner="NLM">            <Keyword MajorTopicYN="Y">NEOPLASMS/pathology</Keyword>        </KeywordList>    </MedlineCitation>    <PubmedData>        <History>            <PubMedPubDate PubStatus="pubmed">                <Year>1960</Year>                <Month>1</Month>                <Day>29</Day>            </PubMedPubDate>            <PubMedPubDate PubStatus="medline">                <Year>1960</Year>                <Month>1</Month>                <Day>29</Day>                <Hour>0</Hour>                <Minute>1</Minute>            </PubMedPubDate>            <PubMedPubDate PubStatus="entrez">                <Year>1960</Year>                <Month>1</Month>                <Day>29</Day>                <Hour>0</Hour>                <Minute>0</Minute>            </PubMedPubDate>        </History>        <PublicationStatus>ppublish</PublicationStatus>        <ArticleIdList>            <ArticleId IdType="pubmed">13818874</ArticleId>        </ArticleIdList>    </PubmedData></PubmedArticle></PubmedArticleSet>