<?xml version="1.0" encoding="UTF-8"?><!DOCTYPE eSearchResult PUBLIC "-//NLM//DTD esearch 20060628//EN" "http://eutils.ncbi.nlm.nih.gov/eutils/dtd/20060628/esearch.dtd"><eSearchResult><Count>41</Count><RetMax>20</RetMax><RetStart>0</RetStart><IdList><Id>4311011</Id><Id>17655047</Id><Id>4981495</Id><Id>4310477</Id><Id>5823308</Id><Id>4898615</Id><Id>5823301</Id><Id>5823295</Id><Id>4898614</Id><Id>4309480</Id><Id>5801595</Id><Id>4896309</Id><Id>5798317</Id><Id>5796556</Id><Id>4894337</Id><Id>5815840</Id><Id>4894591</Id><Id>5815255</Id><Id>5789436</Id><Id>17814830</Id></IdList><TranslationSet><Translation>     <From>science[journal]</From>     <To>"Science"[Journal] OR "Science (80- )"[Journal] OR "J Zhejiang Univ Sci"[Journal]</To>    </Translation><Translation>     <From>cancer</From>     <To>"neoplasms"[MeSH Terms] OR "neoplasms"[All Fields] OR "cancer"[All Fields]</To>    </Translation></TranslationSet><TranslationStack>   <TermSet>    <Term>"Science"[Journal]</Term>    <Field>Journal</Field>    <Count>166487</Count>    <Explode>N</Explode>   </TermSet>   <TermSet>    <Term>"Science (80- )"[Journal]</Term>    <Field>Journal</Field>    <Count>10</Count>    <Explode>N</Explode>   </TermSet>   <OP>OR</OP>   <TermSet>    <Term>"J Zhejiang Univ Sci"[Journal]</Term>    <Field>Journal</Field>    <Count>364</Count>    <Explode>N</Explode>   </TermSet>   <OP>OR</OP>   <OP>GROUP</OP>   <TermSet>    <Term>"neoplasms"[MeSH Terms]</Term>    <Field>MeSH Terms</Field>    <Count>2639664</Count>    <Explode>Y</Explode>   </TermSet>   <TermSet>    <Term>"neoplasms"[All Fields]</Term>    <Field>All Fields</Field>    <Count>2087906</Count>    <Explode>N</Explode>   </TermSet>   <OP>OR</OP>   <TermSet>    <Term>"cancer"[All Fields]</Term>    <Field>All Fields</Field>    <Count>1522778</Count>    <Explode>N</Explode>   </TermSet>   <OP>OR</OP>   <OP>GROUP</OP>   <OP>AND</OP>   <TermSet>    <Term>1969[pdat]</Term>    <Field>pdat</Field>    <Count>214878</Count>    <Explode>N</Explode>   </TermSet>   <OP>AND</OP>  </TranslationStack><QueryTranslation>("Science"[Journal] OR "Science (80- )"[Journal] OR "J Zhejiang Univ Sci"[Journal]) AND ("neoplasms"[MeSH Terms] OR "neoplasms"[All Fields] OR "cancer"[All Fields]) AND 1969[pdat]</QueryTranslation></eSearchResult>