<?xml version="1.0" encoding="UTF-8"?><!DOCTYPE eSearchResult PUBLIC "-//NLM//DTD esearch 20060628//EN" "http://eutils.ncbi.nlm.nih.gov/eutils/dtd/20060628/esearch.dtd"><eSearchResult><Count>24</Count><RetMax>20</RetMax><RetStart>0</RetStart><IdList><Id>14075698</Id><Id>14075690</Id><Id>14075686</Id><Id>14077540</Id><Id>14077037</Id><Id>14074844</Id><Id>14068223</Id><Id>14069223</Id><Id>14068214</Id><Id>14074833</Id><Id>17748161</Id><Id>17799463</Id><Id>17834844</Id><Id>14043360</Id><Id>13990423</Id><Id>14027388</Id><Id>17742878</Id><Id>13979937</Id><Id>13936650</Id><Id>17802166</Id></IdList><TranslationSet><Translation>     <From>science[journal]</From>     <To>"Science"[Journal] OR "Science (80- )"[Journal] OR "J Zhejiang Univ Sci"[Journal]</To>    </Translation><Translation>     <From>cancer</From>     <To>"neoplasms"[MeSH Terms] OR "neoplasms"[All Fields] OR "cancer"[All Fields]</To>    </Translation></TranslationSet><TranslationStack>   <TermSet>    <Term>"Science"[Journal]</Term>    <Field>Journal</Field>    <Count>166487</Count>    <Explode>N</Explode>   </TermSet>   <TermSet>    <Term>"Science (80- )"[Journal]</Term>    <Field>Journal</Field>    <Count>10</Count>    <Explode>N</Explode>   </TermSet>   <OP>OR</OP>   <TermSet>    <Term>"J Zhejiang Univ Sci"[Journal]</Term>    <Field>Journal</Field>    <Count>364</Count>    <Explode>N</Explode>   </TermSet>   <OP>OR</OP>   <OP>GROUP</OP>   <TermSet>    <Term>"neoplasms"[MeSH Terms]</Term>    <Field>MeSH Terms</Field>    <Count>2639664</Count>    <Explode>Y</Explode>   </TermSet>   <TermSet>    <Term>"neoplasms"[All Fields]</Term>    <Field>All Fields</Field>    <Count>2087906</Count>    <Explode>N</Explode>   </TermSet>   <OP>OR</OP>   <TermSet>    <Term>"cancer"[All Fields]</Term>    <Field>All Fields</Field>    <Count>1522778</Count>    <Explode>N</Explode>   </TermSet>   <OP>OR</OP>   <OP>GROUP</OP>   <OP>AND</OP>   <TermSet>    <Term>1963[pdat]</Term>    <Field>pdat</Field>    <Count>141296</Count>    <Explode>N</Explode>   </TermSet>   <OP>AND</OP>  </TranslationStack><QueryTranslation>("Science"[Journal] OR "Science (80- )"[Journal] OR "J Zhejiang Univ Sci"[Journal]) AND ("neoplasms"[MeSH Terms] OR "neoplasms"[All Fields] OR "cancer"[All Fields]) AND 1963[pdat]</QueryTranslation></eSearchResult>