<?xml version="1.0" encoding="UTF-8"?><!DOCTYPE eSearchResult PUBLIC "-//NLM//DTD esearch 20060628//EN" "http://eutils.ncbi.nlm.nih.gov/eutils/dtd/20060628/esearch.dtd"><eSearchResult><Count>125</Count><RetMax>20</RetMax><RetStart>0</RetStart><IdList><Id>11644990</Id><Id>9432724</Id><Id>9381206</Id><Id>9381203</Id><Id>9381202</Id><Id>9381201</Id><Id>9381200</Id><Id>9381172</Id><Id>9381168</Id><Id>9381167</Id><Id>9381146</Id><Id>9417643</Id><Id>9417646</Id><Id>9417645</Id><Id>9417644</Id><Id>9417642</Id><Id>9417636</Id><Id>9417630</Id><Id>9388187</Id><Id>9411790</Id></IdList><TranslationSet><Translation>     <From>science[journal]</From>     <To>"Science"[Journal] OR "Science (80- )"[Journal] OR "J Zhejiang Univ Sci"[Journal]</To>    </Translation><Translation>     <From>cancer</From>     <To>"neoplasms"[MeSH Terms] OR "neoplasms"[All Fields] OR "cancer"[All Fields]</To>    </Translation></TranslationSet><TranslationStack>   <TermSet>    <Term>"Science"[Journal]</Term>    <Field>Journal</Field>    <Count>166487</Count>    <Explode>N</Explode>   </TermSet>   <TermSet>    <Term>"Science (80- )"[Journal]</Term>    <Field>Journal</Field>    <Count>10</Count>    <Explode>N</Explode>   </TermSet>   <OP>OR</OP>   <TermSet>    <Term>"J Zhejiang Univ Sci"[Journal]</Term>    <Field>Journal</Field>    <Count>364</Count>    <Explode>N</Explode>   </TermSet>   <OP>OR</OP>   <OP>GROUP</OP>   <TermSet>    <Term>"neoplasms"[MeSH Terms]</Term>    <Field>MeSH Terms</Field>    <Count>2639664</Count>    <Explode>Y</Explode>   </TermSet>   <TermSet>    <Term>"neoplasms"[All Fields]</Term>    <Field>All Fields</Field>    <Count>2087906</Count>    <Explode>N</Explode>   </TermSet>   <OP>OR</OP>   <TermSet>    <Term>"cancer"[All Fields]</Term>    <Field>All Fields</Field>    <Count>1522778</Count>    <Explode>N</Explode>   </TermSet>   <OP>OR</OP>   <OP>GROUP</OP>   <OP>AND</OP>   <TermSet>    <Term>1997[pdat]</Term>    <Field>pdat</Field>    <Count>453373</Count>    <Explode>N</Explode>   </TermSet>   <OP>AND</OP>  </TranslationStack><QueryTranslation>("Science"[Journal] OR "Science (80- )"[Journal] OR "J Zhejiang Univ Sci"[Journal]) AND ("neoplasms"[MeSH Terms] OR "neoplasms"[All Fields] OR "cancer"[All Fields]) AND 1997[pdat]</QueryTranslation></eSearchResult>