<?xml version="1.0" encoding="UTF-8"?><!DOCTYPE eSearchResult PUBLIC "-//NLM//DTD esearch 20060628//EN" "http://eutils.ncbi.nlm.nih.gov/eutils/dtd/20060628/esearch.dtd">
<eSearchResult>
	<Count>4</Count>
	<RetMax>4</RetMax>
	<RetStart>0</RetStart>
	<IdList>
		<Id>17787514</Id>
		<Id>17751370</Id>
		<Id>17819588</Id>
		<Id>17736889</Id>
	</IdList>
	<TranslationSet>
		<Translation>
			<From>science[journal]</From>
			<To>"Science"[Journal] OR "Science (80- )"[Journal] OR "J Zhejiang
				Univ Sci"[Journal]</To>
		</Translation>
		<Translation>
			<From>cancer</From>
			<To>"neoplasms"[MeSH Terms] OR "neoplasms"[All Fields] OR
				"cancer"[All Fields]</To>
		</Translation>
	</TranslationSet>
	<TranslationStack>
		<TermSet>
			<Term>"Science"[Journal]</Term>
			<Field>Journal</Field>
			<Count>166487</Count>
			<Explode>N</Explode>
		</TermSet>
		<TermSet>
			<Term>"Science (80- )"[Journal]</Term>
			<Field>Journal</Field>
			<Count>10</Count>
			<Explode>N</Explode>
		</TermSet>
		<OP>OR</OP>
		<TermSet>
			<Term>"J Zhejiang Univ Sci"[Journal]</Term>
			<Field>Journal</Field>
			<Count>364</Count>
			<Explode>N</Explode>
		</TermSet>
		<OP>OR</OP>
		<OP>GROUP</OP>
		<TermSet>
			<Term>"neoplasms"[MeSH Terms]</Term>
			<Field>MeSH Terms</Field>
			<Count>2639664</Count>
			<Explode>Y</Explode>
		</TermSet>
		<TermSet>
			<Term>"neoplasms"[All Fields]</Term>
			<Field>All Fields</Field>
			<Count>2087906</Count>
			<Explode>N</Explode>
		</TermSet>
		<OP>OR</OP>
		<TermSet>
			<Term>"cancer"[All Fields]</Term>
			<Field>All Fields</Field>
			<Count>1522778</Count>
			<Explode>N</Explode>
		</TermSet>
		<OP>OR</OP>
		<OP>GROUP</OP>
		<OP>AND</OP>
		<TermSet>
			<Term>1942[pdat]</Term>
			<Field>pdat</Field>
			<Count>4311</Count>
			<Explode>N</Explode>
		</TermSet>
		<OP>AND</OP>
	</TranslationStack>
	<QueryTranslation>("Science"[Journal] OR "Science (80- )"[Journal] OR
		"J Zhejiang Univ Sci"[Journal]) AND ("neoplasms"[MeSH Terms] OR
		"neoplasms"[All Fields] OR "cancer"[All Fields]) AND 1942[pdat]</QueryTranslation>
</eSearchResult>