<?xml version="1.0" encoding="UTF-8"?><!DOCTYPE eSearchResult PUBLIC "-//NLM//DTD esearch 20060628//EN" "http://eutils.ncbi.nlm.nih.gov/eutils/dtd/20060628/esearch.dtd"><eSearchResult><Count>88</Count><RetMax>20</RetMax><RetStart>0</RetStart><IdList><Id>9890822</Id><Id>9890816</Id><Id>9874635</Id><Id>9867657</Id><Id>9867627</Id><Id>9856953</Id><Id>9856951</Id><Id>9841444</Id><Id>9841439</Id><Id>9836644</Id><Id>9831565</Id><Id>9831564</Id><Id>9822386</Id><Id>9812902</Id><Id>9812900</Id><Id>9804556</Id><Id>9794766</Id><Id>9776688</Id><Id>9776683</Id><Id>9776678</Id></IdList><TranslationSet><Translation>     <From>science[journal]</From>     <To>"Science"[Journal] OR "Science (80- )"[Journal] OR "J Zhejiang Univ Sci"[Journal]</To>    </Translation><Translation>     <From>cancer</From>     <To>"neoplasms"[MeSH Terms] OR "neoplasms"[All Fields] OR "cancer"[All Fields]</To>    </Translation></TranslationSet><TranslationStack>   <TermSet>    <Term>"Science"[Journal]</Term>    <Field>Journal</Field>    <Count>166487</Count>    <Explode>N</Explode>   </TermSet>   <TermSet>    <Term>"Science (80- )"[Journal]</Term>    <Field>Journal</Field>    <Count>10</Count>    <Explode>N</Explode>   </TermSet>   <OP>OR</OP>   <TermSet>    <Term>"J Zhejiang Univ Sci"[Journal]</Term>    <Field>Journal</Field>    <Count>364</Count>    <Explode>N</Explode>   </TermSet>   <OP>OR</OP>   <OP>GROUP</OP>   <TermSet>    <Term>"neoplasms"[MeSH Terms]</Term>    <Field>MeSH Terms</Field>    <Count>2639664</Count>    <Explode>Y</Explode>   </TermSet>   <TermSet>    <Term>"neoplasms"[All Fields]</Term>    <Field>All Fields</Field>    <Count>2087906</Count>    <Explode>N</Explode>   </TermSet>   <OP>OR</OP>   <TermSet>    <Term>"cancer"[All Fields]</Term>    <Field>All Fields</Field>    <Count>1522778</Count>    <Explode>N</Explode>   </TermSet>   <OP>OR</OP>   <OP>GROUP</OP>   <OP>AND</OP>   <TermSet>    <Term>1998[pdat]</Term>    <Field>pdat</Field>    <Count>470908</Count>    <Explode>N</Explode>   </TermSet>   <OP>AND</OP>  </TranslationStack><QueryTranslation>("Science"[Journal] OR "Science (80- )"[Journal] OR "J Zhejiang Univ Sci"[Journal]) AND ("neoplasms"[MeSH Terms] OR "neoplasms"[All Fields] OR "cancer"[All Fields]) AND 1998[pdat]</QueryTranslation></eSearchResult>