<?xml version="1.0" encoding="UTF-8"?><!DOCTYPE eSearchResult PUBLIC "-//NLM//DTD esearch 20060628//EN" "http://eutils.ncbi.nlm.nih.gov/eutils/dtd/20060628/esearch.dtd"><eSearchResult><Count>131</Count><RetMax>20</RetMax><RetStart>0</RetStart><IdList><Id>12493897</Id><Id>12493884</Id><Id>12481114</Id><Id>12481113</Id><Id>12471243</Id><Id>12471242</Id><Id>12471231</Id><Id>12446911</Id><Id>12446876</Id><Id>12434042</Id><Id>12434041</Id><Id>12434013</Id><Id>12411706</Id><Id>12411693</Id><Id>12399595</Id><Id>12399571</Id><Id>12399560</Id><Id>12399559</Id><Id>12399556</Id><Id>12386312</Id></IdList><TranslationSet><Translation>     <From>science[journal]</From>     <To>"Science"[Journal] OR "Science (80- )"[Journal] OR "J Zhejiang Univ Sci"[Journal]</To>    </Translation><Translation>     <From>cancer</From>     <To>"neoplasms"[MeSH Terms] OR "neoplasms"[All Fields] OR "cancer"[All Fields]</To>    </Translation></TranslationSet><TranslationStack>   <TermSet>    <Term>"Science"[Journal]</Term>    <Field>Journal</Field>    <Count>166487</Count>    <Explode>N</Explode>   </TermSet>   <TermSet>    <Term>"Science (80- )"[Journal]</Term>    <Field>Journal</Field>    <Count>10</Count>    <Explode>N</Explode>   </TermSet>   <OP>OR</OP>   <TermSet>    <Term>"J Zhejiang Univ Sci"[Journal]</Term>    <Field>Journal</Field>    <Count>364</Count>    <Explode>N</Explode>   </TermSet>   <OP>OR</OP>   <OP>GROUP</OP>   <TermSet>    <Term>"neoplasms"[MeSH Terms]</Term>    <Field>MeSH Terms</Field>    <Count>2639664</Count>    <Explode>Y</Explode>   </TermSet>   <TermSet>    <Term>"neoplasms"[All Fields]</Term>    <Field>All Fields</Field>    <Count>2087906</Count>    <Explode>N</Explode>   </TermSet>   <OP>OR</OP>   <TermSet>    <Term>"cancer"[All Fields]</Term>    <Field>All Fields</Field>    <Count>1522778</Count>    <Explode>N</Explode>   </TermSet>   <OP>OR</OP>   <OP>GROUP</OP>   <OP>AND</OP>   <TermSet>    <Term>2002[pdat]</Term>    <Field>pdat</Field>    <Count>562031</Count>    <Explode>N</Explode>   </TermSet>   <OP>AND</OP>  </TranslationStack><QueryTranslation>("Science"[Journal] OR "Science (80- )"[Journal] OR "J Zhejiang Univ Sci"[Journal]) AND ("neoplasms"[MeSH Terms] OR "neoplasms"[All Fields] OR "cancer"[All Fields]) AND 2002[pdat]</QueryTranslation></eSearchResult>